year,scenario,utility_infrastructure_variant,fiscal_capture_variant,housing_stock,theoretical_housing_capacity,annual_entitlements,annual_permits,annual_completions,annual_occupied_new_units,cumulative_net_new_units,delayed_completed_units_due_to_utilities,population,households,persons_per_household,median_gross_rent_nominal,median_gross_rent_real_2024,median_home_value_nominal,median_home_value_real_2024,median_household_income_nominal,median_household_income_real_2024,per_capita_income_real_2024,rent_to_income_ratio,residual_income_after_rent,poverty_rate,homelessness_pressure_index,estimated_homelessness_cost_avoidance,employer_establishments,employment,annual_payroll,accommodation_food_sales,commercial_vitality_index,gross_new_public_revenue,net_new_public_revenue_after_service_costs,estimated_benefit_cost_avoidance,infrastructure_reinvestment_capacity,infrastructure_funding_gap,years_until_growth_fiscal_dividend_turns_positive,share_of_infrastructure_need_self_funded_by_growth,fiscal_score,fiscal_leakage_score,fiscal_alignment_score,infrastructure_execution_score,infrastructure_stress_score,legal_implementation_risk_score,delivery_risk_score
2026,A_baseline,util_improved,fcap_none,3705055.5916,69380.875,22709.03164746562,14306.689937903344,0.0,0.0,-4451.408400000073,0.0,10141419.983388092,3593903.923852,2.8218394810394285,2022.8608386219394,1973.522769387258,870073.9380946757,848852.622531391,90065.85729695886,90065.85729695886,48061.022960284165,0.262943960601669,66383.58406431176,0.13324592085275141,56.48489111436993,0.0,313953.93713773804,4104966.154294251,325516032798.2812,46763339629.979126,103.68811447888945,60881420.7664319,-392870726.76423985,0.0,0.0,0.0,-1.0,0.0,48.0356463661788,80.0,30.0,59.16666666666666,27.0578370284787,19.746666666666666,31.875000000000004
2027,A_baseline,util_improved,fcap_none,3700609.52489008,208142.625,45418.06329493124,28613.379875806688,2146.0034906855017,0.0,-8897.475109919906,2146.0034906855017,10138591.969245598,3589591.2391433776,2.824441919371599,2094.164752895718,1993.2561598055613,907501.2291789218,863772.7344951071,92317.98357652809,90066.32544051521,48061.233218176545,0.265571775029994,66147.25152284847,0.13324351178011645,57.91136618998981,0.0,313866.38863114116,4103821.4524322017,333561784026.1045,47915715790.13036,103.65197293846816,42240591.91855791,-415686297.5242988,0.0,0.0,0.0,-1.0,0.0,47.92156851237851,80.0,30.0,59.16666666666666,100.0,19.78666666666667,31.875000000000004
2028,A_baseline,util_improved,fcap_none,3697420.6288297786,346904.375,45418.06329493124,28613.379875806688,8584.013962742007,1214.2803084795462,-12086.371170221362,9478.182083860966,10138854.325797234,3586498.009964885,2.8269510529845525,2167.779169963062,2012.9984602318016,946405.630203992,878831.7106985606,94625.88755239069,90066.28202488109,48061.21372002918,0.26820227258974066,65910.30050209948,0.1332437352649017,58.71817059016963,0.0,313874.51055809564,4103927.647103814,341909591173.00775,49115197332.34211,103.65532570459114,30813046.061783306,-437216528.9230663,0.0,0.0,54642613.88157958,-1.0,0.0,47.81391735538467,80.0,30.0,59.16666666666666,100.0,19.826666666666668,31.875000000000004
2029,A_baseline,util_improved,fcap_none,3698885.233674568,485666.125,45418.06329493124,28613.379875806688,17168.027925484013,5724.464311403575,-10621.766325431876,20744.70040995985,10150447.810534399,3587918.676664331,2.8290629541166794,2243.15239766023,2032.1853610444018,986431.0421578271,893657.8386933778,96989.4655484403,90064.36057370294,48060.35054923792,0.2707644197682022,65678.13624117011,0.13325361230236768,57.02027386508029,0.0,314233.41692272126,4108620.368885808,350854215119.18054,50415044851.79231,103.80350543429503,51771227.52787055,-448694591.0775036,0.0,0.0,257600894.01316088,-1.0,0.0,47.75652704461248,80.0,30.0,59.16666666666666,98.84669272899151,19.866666666666667,31.875000000000004
2030,A_baseline,util_improved,fcap_none,3708037.9268351668,624427.875,45418.06329493124,28613.379875806688,23606.038397540517,13183.614777777932,-1469.073164833244,30759.38336649219,10180681.595126608,3596796.789030112,2.8304856215888314,2319.717357808815,2050.2921327415415,1027199.90910214,907895.0438920327,99408.64158849767,90059.32294576721,48058.08531470816,0.2731922114017499,65455.81735286872,0.1332793817123097,51.11654646039261,0.0,315169.3820758109,4120858.1681950307,360686342460.9816,51867890905.94495,104.19013128745938,129209670.40895262,-442011617.5516737,0.0,0.0,593262665.0000069,-1.0,0.0,47.78994191224163,80.0,30.0,59.16666666666666,64.09224867868537,19.906666666666666,31.875000000000004
2031,A_baseline,util_improved,fcap_none,3724511.815357148,763189.625,45418.06329493124,28613.379875806688,27182.710882016352,20295.82801315813,15004.815357148182,37018.5602143249,10228588.817680556,3612776.460896434,2.831226600480714,2397.4969459449153,2067.3541026381818,1068718.3378920783,921552.4733588588,101884.7369423036,90051.2615884228,48054.45401541885,0.2754903017910366,65243.01235676462,0.1333202496445148,46.29871096165566,141574305.71667108,316652.4743018289,4140249.686094134,371426050776.914,53477492591.36927,104.80335059309961,263574042.2785719,-275679790.796596,0.0,0.0,913312260.5921159,-1.0,0.0,48.62160104601702,80.0,30.0,59.16666666666666,52.5823407864588,19.94666666666667,31.875000000000004
2032,A_baseline,util_improved,fcap_none,3745734.831858871,901951.375,45418.06329493124,28613.379875806688,28613.379875806688,24921.657759746875,36227.83185887104,39939.50940998017,10287912.220014634,3633362.7869031047,2.8315125197788276,2476.9682881259905,2083.787309204486,1111298.2762779116,934896.6056407358,104420.12468175916,90041.14625628605,48049.886803464455,0.2777113436481615,65035.69854583222,0.13337091484996116,44.8205837145197,198112672.9196215,318488.9839580405,4164262.1576353842,382897484818.6539,55212106038.590454,105.56369401364879,439752938.46414495,-180911676.48952428,0.0,0.0,1121474599.1886094,-1.0,0.0,49.09544161755238,80.0,30.0,59.16666666666666,46.45149328067687,19.986666666666668,31.875000000000004
2033,A_baseline,util_improved,fcap_none,3769257.217855701,1040713.125,45418.06329493124,28613.379875806688,28613.379875806688,27176.749761208896,59750.21785570122,40535.621490726146,10352745.720026027,3656179.50132003,2.831574794478297,2558.6442843272825,2099.998522292135,1155283.6920782558,948195.1285895165,107017.28918513707,90029.9249443246,48044.80702969757,0.2799067341563324,64829.94267681897,0.133426359171499,44.76317559645691,200308533.43552315,320496.0729673053,4190504.964229249,394917700544.2482,57038559666.249825,106.39591420498292,643115522.8765202,-130844913.9427918,0.0,0.0,1222953739.2544003,-1.0,0.0,49.34577543028604,80.0,30.0,59.16666666666666,42.706399646525675,20.026666666666667,31.875000000000004
2034,A_baseline,util_improved,fcap_none,3793347.489070081,1179474.875,45418.06329493124,28613.379875806688,28613.379875806688,27754.978479532485,83840.48907008115,40535.621490726146,10418930.718000744,3679547.0643979786,2.8315796851223087,2642.942231733582,2116.2788034657933,1200961.4966148234,961643.9317318783,109678.54846245755,90018.29254231956,48039.52732195685,0.2821131674948246,64622.946900730036,0.13348303712451356,45.31386022504512,179244846.3920242,322545.00109843997,4217294.819797135,407351091679.9513,58932100297.12562,107.246827560264,862956295.9825181,-97066051.04510799,0.0,0.0,1248974031.5789618,-1.0,0.0,49.51466974477446,80.0,30.0,59.16666666666666,40.436541413857526,20.066666666666666,31.875000000000004
2035,A_baseline,util_improved,fcap_none,3817408.8519590036,1318236.625,45418.06329493124,28613.379875806688,28613.379875806688,27754.978479532485,107901.8519590036,40535.621490726146,10485055.01892486,3702886.586400233,2.8315895651338114,2730.0747500107336,2132.7300313001497,1248484.5977597246,975314.1723490845,112405.77770784244,90006.49423735648,48034.15873518322,0.28434348646122165,64413.73386175469,0.1335397406141566,46.09551400750964,149346589.2127562,324592.05019507656,4244060.106878676,420156064756.88873,60884990016.28989,108.09831111321026,1096505679.667868,-65217034.270273924,0.0,0.0,1248974031.5789618,-1.0,0.0,49.67391482864863,80.0,30.0,59.16666666666666,39.05734180325498,20.10666666666667,31.875000000000004
2036,A_baseline,util_improved,fcap_none,3841441.3412124594,1456998.375,45418.06329493124,28613.379875806688,28613.379875806688,27754.978479532485,131934.34121245937,40535.621490726146,10551132.994622398,3726198.1009760853,2.831608172377767,2820.138634815105,2149.353945524424,1297928.809710776,989209.6699510575,115200.60697686425,89994.53004816003,48028.70147498257,0.28659794470275607,64202.28270186694,0.13359648075419933,46.943512383983986,116910651.31261253,326637.6651742723,4270806.642790509,433343929091.6531,62899122108.48463,108.95054026851342,1345041901.4205,-27995745.335901484,0.0,0.0,1248974031.5789618,-1.0,0.0,49.86002127332049,80.0,30.0,59.16666666666666,38.19502236365233,20.14666666666667,31.875000000000004
2037,A_baseline,util_improved,fcap_none,3865444.991478811,1595760.125,45418.06329493124,28613.379875806688,28613.379875806688,27754.978479532485,155937.99147881102,40535.621490726146,10617164.973429866,3749481.6417344464,2.831635406679454,2913.234038832644,2166.1523140883255,1349373.1121954392,1003334.3186948224,118064.70961295761,89982.40239010206,48023.15682920368,0.288876792335111,63988.57462104215,0.13365325666583722,47.83629102590639,82761868.25908056,328681.85620053473,4297534.560434166,446925769199.98413,64976346011.34514,109.80351014880898,1609432675.466137,16035645.01351744,0.0,0.0,1248974031.5789618,13.0,0.0,50.080178225067584,80.0,30.0,59.16666666666666,37.659203103077175,20.186666666666667,31.875000000000004
2038,A_baseline,util_improved,fcap_none,3889419.837364843,1734521.875,45418.06329493124,28613.379875806688,28613.379875806688,27754.978479532485,179912.83736484312,40535.621490726146,10683151.28754016,3772737.2422438976,2.831671171773993,3009.464590143381,2183.126933499101,1402899.7848440276,1017692.0889264137,120999.80033251728,89970.11362655052,48017.52605810488,0.2911802836076249,63772.590424561306,0.13371006749825742,48.75676233125178,47553840.82961949,330724.6335577558,4324243.994272138,460912983596.93964,67118565587.701515,110.65721604996673,1890591860.7345128,68181591.15460645,0.0,0.0,1248974031.5789618,13.0,0.0,50.340907955773034,80.0,30.0,59.16666666666666,37.34273072810973,20.226666666666667,31.875000000000004
2039,A_baseline,util_improved,fcap_none,3913365.913435812,1873283.625,45418.06329493124,28613.379875806688,28613.379875806688,27754.978479532485,203858.9134358121,40535.621490726146,10749092.27304995,3795964.9360327376,2.8317153751910333,3108.9375148395516,2200.279629170337,1458594.547370091,1032287.0287610039,124007.63624685646,89957.6660701542,48011.81039503776,0.2935086769531479,63554.31052011016,0.13376691242804356,49.6916306211534,11795128.740882425,332766.00765067886,4350935.080347055,475317293564.2271,69327740699.48817,111.51165344005106,2189481816.49028,129641466.36292833,0.0,0.0,1248974031.5789618,13.0,0.0,50.64820733181464,80.0,30.0,59.16666666666666,37.180680539258994,20.26666666666667,31.875000000000004
2040,A_baseline,util_improved,fcap_none,3937283.2542154957,2012045.375,45418.06329493124,28613.379875806688,28613.379875806688,27754.978479532485,227776.25421549566,40535.621490726146,10814988.27000872,3819164.756589031,2.831767928144528,3211.763764053659,2217.612255782588,1516546.705814014,1047123.2657022033,127090.01790937368,89945.06198408423,48006.01104710814,0.2958622350396505,63333.71491469317,0.1338237906586028,50.63065660596281,0.0,334805.98900641705,4377607.956301538,490150752160.24146,71605888826.69484,112.3668179583509,2507115875.8340564,225662522.4313559,0.0,0.0,1248974031.5789618,13.0,0.0,51.128312612156776,80.0,30.0,59.16666666666666,37.131419961850995,20.30666666666667,31.875000000000004
2041,A_baseline,util_improved,fcap_none,3961171.894186244,2150807.125,45418.06329493124,28613.379875806688,28613.379875806688,27754.978479532485,251664.89418624388,40535.621490726146,10880839.622469468,3842336.7373606563,2.831828745427356,3318.0581455586694,2235.126697655903,1576849.3051173987,1062205.0083015154,130248.79038854977,89932.3035832344,48000.129195814974,0.29824122482359083,63110.78321136357,0.13388070141961494,51.565993538664664,0.0,336844.58827602246,4404262.76139872,505425753479.50543,73955086732.64273,113.22270541447824,2844560942.9276166,344853784.8794099,0.0,0.0,1248974031.5789618,13.0,0.0,51.72426892439705,80.0,30.0,59.16666666666666,37.167023371242585,20.346666666666668,31.875000000000004
2042,A_baseline,util_improved,fcap_none,3985031.867789027,2289568.875,45418.06329493124,28613.379875806688,28613.379875806688,27754.978479532485,275524.8677890268,40535.621490726146,10946646.678541053,3865480.911755356,2.831897745310574,3427.9394601086797,2252.8248691343474,1639599.288307906,1077536.547858964,133485.84436741026,89919.39303538164,47994.16599766812,0.30064591760505793,62885.49460576947,0.1339376439665023,52.49163760572862,0.0,338881.816236107,4430899.636543432,521155042168.39716,76377472176.90681,114.07931178753373,3202940220.08837,476244549.3071099,0.0,0.0,1248974031.5789618,13.0,0.0,52.38122274653555,80.0,30.0,59.16666666666666,37.26806036097844,20.386666666666667,31.875000000000004
2043,A_baseline,util_improved,fcap_none,4008863.2094234866,2428330.625,45418.06329493124,28613.379875806688,28613.379875806688,27754.978479532485,299356.2094234866,40535.621490726146,11012409.790442264,3888597.313140782,2.8319748494471,3541.5306426947686,2270.7087149826166,1704897.6625868457,1093122.260165941,136803.11727010523,89906.33246230801,47988.12258478575,0.30307658908470053,62657.82788251661,0.13399461757991987,53.40299499371809,0.0,340917.68379051593,4457518.724304094,537351723204.2416,78875245677.24362,114.9366332253394,3583436071.204233,620708760.1149954,0.0,0.0,1248974031.5789618,13.0,0.0,53.103543800574975,80.0,30.0,59.16666666666666,37.420593922879576,20.42666666666667,31.875000000000004
2044,A_baseline,util_improved,fcap_none,4032665.953447985,2567092.375,45418.06329493124,28613.379875806688,28613.379875806688,27754.978479532485,323158.953447985,40535.621490726146,11078129.314557541,3911685.974844545,2.8320599827796245,3658.958908897337,2288.780210794859,1772849.6726250583,1108966.6072913604,140202.59441627396,89893.12394088598,47982.00006547225,0.3055335194224602,62427.761411347674,0.1340516215652652,54.29655110186483,0.0,342952.2019720534,4484120.1689352635,554029271945.0378,81450672321.92126,115.79466604373675,3987293028.2409573,779172592.1061105,0.0,0.0,1248974031.5789618,13.0,0.0,53.89586296053055,80.0,30.0,59.16666666666666,37.61436746190671,20.46666666666667,31.875000000000004
2045,A_baseline,util_improved,fcap_none,4056440.134179654,2705854.125,45418.06329493124,28613.379875806688,28613.379875806688,27754.978479532485,346933.13417965407,40535.621490726146,11143805.611494446,3934746.9301542644,2.8321530734525653,3780.3559065231516,2307.041363415834,1843564.981386456,1125074.1394122355,143686.31020387853,89879.76950412808,47975.79952477703,0.30801699329812465,62195.273143138074,0.13410865525220655,55.169622460909814,0.0,344985.38194426073,4510704.116400903,571201544457.2909,84106083633.89024,116.65340672594974,4415820947.951514,952617302.1825223,0.0,0.0,1248974031.5789618,13.0,0.0,54.763086510912615,80.0,30.0,59.16666666666666,37.84166536339741,20.506666666666668,31.875000000000004
2026,A_baseline,util_improved,fcap_partial,3705055.5916,69380.875,22709.03164746562,14306.689937903344,0.0,0.0,-4451.408400000073,0.0,10141419.983388092,3593903.923852,2.8218394810394285,2022.8608386219394,1973.522769387258,870073.9380946757,848852.622531391,90065.85729695886,90065.85729695886,48061.022960284165,0.262943960601669,66383.58406431176,0.13324592085275141,56.48489111436993,0.0,313953.93713773804,4104966.154294251,325516032798.2812,46763339629.979126,103.68811447888945,60881420.7664319,-392870726.76423985,0.0,0.0,0.0,-1.0,0.0,48.0356463661788,80.0,49.95,59.16666666666666,22.0703370284787,19.746666666666666,31.875000000000004
2027,A_baseline,util_improved,fcap_partial,3700609.52489008,208142.625,45418.06329493124,28613.379875806688,2146.0034906855017,0.0,-8897.475109919906,2146.0034906855017,10138591.969245598,3589591.2391433776,2.824441919371599,2094.164752895718,1993.2561598055613,907501.2291789218,863772.7344951071,92317.98357652809,90066.32544051521,48061.233218176545,0.265571775029994,66147.25152284847,0.13324351178011645,57.91136618998981,0.0,313866.38863114116,4103821.4524322017,333561784026.1045,47915715790.13036,103.65197293846816,42240591.91855791,-415686297.5242988,0.0,0.0,0.0,-1.0,0.0,47.92156851237851,80.0,49.95,59.16666666666666,100.0,19.78666666666667,31.875000000000004
2028,A_baseline,util_improved,fcap_partial,3697420.6288297786,346904.375,45418.06329493124,28613.379875806688,8584.013962742007,1214.2803084795462,-12086.371170221362,9478.182083860966,10138854.325797234,3586498.009964885,2.8269510529845525,2167.779169963062,2012.9984602318016,946405.630203992,878831.7106985606,94625.88755239069,90066.28202488109,48061.21372002918,0.26820227258974066,65910.30050209948,0.1332437352649017,58.71817059016963,0.0,313874.51055809564,4103927.647103814,341909591173.00775,49115197332.34211,103.65532570459114,30813046.061783306,-437216528.9230663,0.0,0.0,54642613.88157958,-1.0,0.0,47.81391735538467,80.0,49.95,59.16666666666666,100.0,19.826666666666668,31.875000000000004
2029,A_baseline,util_improved,fcap_partial,3698885.233674568,485666.125,45418.06329493124,28613.379875806688,17168.027925484013,5724.464311403575,-10621.766325431876,20744.70040995985,10150447.810534399,3587918.676664331,2.8290629541166794,2243.15239766023,2032.1853610444018,986431.0421578271,893657.8386933778,96989.4655484403,90064.36057370294,48060.35054923792,0.2707644197682022,65678.13624117011,0.13325361230236768,57.02027386508029,0.0,314233.41692272126,4108620.368885808,350854215119.18054,50415044851.79231,103.80350543429503,51771227.52787055,-448694591.0775036,0.0,0.0,257600894.01316088,-1.0,0.0,47.75652704461248,80.0,49.95,59.16666666666666,93.85919272899152,19.866666666666667,31.875000000000004
2030,A_baseline,util_improved,fcap_partial,3708037.9268351668,624427.875,45418.06329493124,28613.379875806688,23606.038397540517,13183.614777777932,-1469.073164833244,30759.38336649219,10180681.595126608,3596796.789030112,2.8304856215888314,2319.717357808815,2050.2921327415415,1027199.90910214,907895.0438920327,99408.64158849767,90059.32294576721,48058.08531470816,0.2731922114017499,65455.81735286872,0.1332793817123097,51.11654646039261,0.0,315169.3820758109,4120858.1681950307,360686342460.9816,51867890905.94495,104.19013128745938,129209670.40895262,-442011617.5516737,0.0,0.0,593262665.0000069,-1.0,0.0,47.78994191224163,80.0,49.95,59.16666666666666,59.10474867868537,19.906666666666666,31.875000000000004
2031,A_baseline,util_improved,fcap_partial,3724511.815357148,763189.625,45418.06329493124,28613.379875806688,27182.710882016352,20295.82801315813,15004.815357148182,37018.5602143249,10228588.817680556,3612776.460896434,2.831226600480714,2397.4969459449153,2067.3541026381818,1068718.3378920783,921552.4733588588,101884.7369423036,90051.2615884228,48054.45401541885,0.2754903017910366,65243.01235676462,0.1333202496445148,46.29871096165566,141574305.71667108,316652.4743018289,4140249.686094134,371426050776.914,53477492591.36927,104.80335059309961,263574042.2785719,-275679790.796596,0.0,0.0,913312260.5921159,-1.0,0.0,48.62160104601702,80.0,49.95,59.16666666666666,47.5948407864588,19.94666666666667,31.875000000000004
2032,A_baseline,util_improved,fcap_partial,3745734.831858871,901951.375,45418.06329493124,28613.379875806688,28613.379875806688,24921.657759746875,36227.83185887104,39939.50940998017,10287912.220014634,3633362.7869031047,2.8315125197788276,2476.9682881259905,2083.787309204486,1111298.2762779116,934896.6056407358,104420.12468175916,90041.14625628605,48049.886803464455,0.2777113436481615,65035.69854583222,0.13337091484996116,44.8205837145197,198112672.9196215,318488.9839580405,4164262.1576353842,382897484818.6539,55212106038.590454,105.56369401364879,439752938.46414495,-180911676.48952428,0.0,0.0,1121474599.1886094,-1.0,0.0,49.09544161755238,80.0,49.95,59.16666666666666,41.463993280676874,19.986666666666668,31.875000000000004
2033,A_baseline,util_improved,fcap_partial,3769257.217855701,1040713.125,45418.06329493124,28613.379875806688,28613.379875806688,27176.749761208896,59750.21785570122,40535.621490726146,10352745.720026027,3656179.50132003,2.831574794478297,2558.6442843272825,2099.998522292135,1155283.6920782558,948195.1285895165,107017.28918513707,90029.9249443246,48044.80702969757,0.2799067341563324,64829.94267681897,0.133426359171499,44.76317559645691,200308533.43552315,320496.0729673053,4190504.964229249,394917700544.2482,57038559666.249825,106.39591420498292,643115522.8765202,-130844913.9427918,0.0,0.0,1222953739.2544003,-1.0,0.0,49.34577543028604,80.0,49.95,59.16666666666666,37.71889964652567,20.026666666666667,31.875000000000004
2034,A_baseline,util_improved,fcap_partial,3793347.489070081,1179474.875,45418.06329493124,28613.379875806688,28613.379875806688,27754.978479532485,83840.48907008115,40535.621490726146,10418930.718000744,3679547.0643979786,2.8315796851223087,2642.942231733582,2116.2788034657933,1200961.4966148234,961643.9317318783,109678.54846245755,90018.29254231956,48039.52732195685,0.2821131674948246,64622.946900730036,0.13348303712451356,45.31386022504512,179244846.3920242,322545.00109843997,4217294.819797135,407351091679.9513,58932100297.12562,107.246827560264,862956295.9825181,-97066051.04510799,0.0,0.0,1248974031.5789618,-1.0,0.0,49.51466974477446,80.0,49.95,59.16666666666666,35.44904141385752,20.066666666666666,31.875000000000004
2035,A_baseline,util_improved,fcap_partial,3817408.8519590036,1318236.625,45418.06329493124,28613.379875806688,28613.379875806688,27754.978479532485,107901.8519590036,40535.621490726146,10485055.01892486,3702886.586400233,2.8315895651338114,2730.0747500107336,2132.7300313001497,1248484.5977597246,975314.1723490845,112405.77770784244,90006.49423735648,48034.15873518322,0.28434348646122165,64413.73386175469,0.1335397406141566,46.09551400750964,149346589.2127562,324592.05019507656,4244060.106878676,420156064756.88873,60884990016.28989,108.09831111321026,1096505679.667868,-65217034.270273924,0.0,0.0,1248974031.5789618,-1.0,0.0,49.67391482864863,80.0,49.95,59.16666666666666,34.06984180325498,20.10666666666667,31.875000000000004
2036,A_baseline,util_improved,fcap_partial,3841441.3412124594,1456998.375,45418.06329493124,28613.379875806688,28613.379875806688,27754.978479532485,131934.34121245937,40535.621490726146,10551132.994622398,3726198.1009760853,2.831608172377767,2820.138634815105,2149.353945524424,1297928.809710776,989209.6699510575,115200.60697686425,89994.53004816003,48028.70147498257,0.28659794470275607,64202.28270186694,0.13359648075419933,46.943512383983986,116910651.31261253,326637.6651742723,4270806.642790509,433343929091.6531,62899122108.48463,108.95054026851342,1345041901.4205,-27995745.335901484,0.0,0.0,1248974031.5789618,-1.0,0.0,49.86002127332049,80.0,49.95,59.16666666666666,33.20752236365233,20.14666666666667,31.875000000000004
2037,A_baseline,util_improved,fcap_partial,3865444.991478811,1595760.125,45418.06329493124,28613.379875806688,28613.379875806688,27754.978479532485,155937.99147881102,40535.621490726146,10617164.973429866,3749481.6417344464,2.831635406679454,2913.234038832644,2166.1523140883255,1349373.1121954392,1003334.3186948224,118064.70961295761,89982.40239010206,48023.15682920368,0.288876792335111,63988.57462104215,0.13365325666583722,47.83629102590639,82761868.25908056,328681.85620053473,4297534.560434166,446925769199.98413,64976346011.34514,109.80351014880898,1609432675.466137,16035645.01351744,0.0,4570158.82885247,1244403872.7501094,13.0,0.0036591303848606386,50.080178225067584,80.0,49.95,59.16666666666666,32.67170310307718,20.186666666666667,31.875000000000004
2038,A_baseline,util_improved,fcap_partial,3889419.837364843,1734521.875,45418.06329493124,28613.379875806688,28613.379875806688,27754.978479532485,179912.83736484312,40535.621490726146,10683151.28754016,3772737.2422438976,2.831671171773993,3009.464590143381,2183.126933499101,1402899.7848440276,1017692.0889264137,120999.80033251728,89970.11362655052,48017.52605810488,0.2911802836076249,63772.590424561306,0.13371006749825742,48.75676233125178,47553840.82961949,330724.6335577558,4324243.994272138,460912983596.93964,67118565587.701515,110.65721604996673,1890591860.7345128,68181591.15460645,0.0,19431753.479062837,1229542278.099899,13.0,0.015558172538220892,50.340907955773034,80.0,49.95,59.16666666666666,32.35523072810973,20.226666666666667,31.875000000000004
2039,A_baseline,util_improved,fcap_partial,3913365.913435812,1873283.625,45418.06329493124,28613.379875806688,28613.379875806688,27754.978479532485,203858.9134358121,40535.621490726146,10749092.27304995,3795964.9360327376,2.8317153751910333,3108.9375148395516,2200.279629170337,1458594.547370091,1032287.0287610039,124007.63624685646,89957.6660701542,48011.81039503776,0.2935086769531479,63554.31052011016,0.13376691242804356,49.6916306211534,11795128.740882425,332766.00765067886,4350935.080347055,475317293564.2271,69327740699.48817,111.51165344005106,2189481816.49028,129641466.36292833,0.0,36947817.91343457,1212026213.6655273,13.0,0.029582534928068022,50.64820733181464,80.0,49.95,59.16666666666666,32.193180539259,20.26666666666667,31.875000000000004
2040,A_baseline,util_improved,fcap_partial,3937283.2542154957,2012045.375,45418.06329493124,28613.379875806688,28613.379875806688,27754.978479532485,227776.25421549566,40535.621490726146,10814988.27000872,3819164.756589031,2.831767928144528,3211.763764053659,2217.612255782588,1516546.705814014,1047123.2657022033,127090.01790937368,89945.06198408423,48006.01104710814,0.2958622350396505,63333.71491469317,0.1338237906586028,50.63065660596281,0.0,334805.98900641705,4377607.956301538,490150752160.24146,71605888826.69484,112.3668179583509,2507115875.8340564,225662522.4313559,0.0,64313818.892936416,1184660212.6860254,13.0,0.05149331953013501,51.128312612156776,80.0,49.95,59.16666666666666,32.143919961851,20.30666666666667,31.875000000000004
2041,A_baseline,util_improved,fcap_partial,3961171.894186244,2150807.125,45418.06329493124,28613.379875806688,28613.379875806688,27754.978479532485,251664.89418624388,40535.621490726146,10880839.622469468,3842336.7373606563,2.831828745427356,3318.0581455586694,2235.126697655903,1576849.3051173987,1062205.0083015154,130248.79038854977,89932.3035832344,48000.129195814974,0.29824122482359083,63110.78321136357,0.13388070141961494,51.565993538664664,0.0,336844.58827602246,4404262.76139872,505425753479.50543,73955086732.64273,113.22270541447824,2844560942.9276166,344853784.8794099,0.0,98283328.69063182,1150690702.88833,13.0,0.07869125074312501,51.72426892439705,80.0,49.95,59.16666666666666,32.17952337124259,20.346666666666668,31.875000000000004
2042,A_baseline,util_improved,fcap_partial,3985031.867789027,2289568.875,45418.06329493124,28613.379875806688,28613.379875806688,27754.978479532485,275524.8677890268,40535.621490726146,10946646.678541053,3865480.911755356,2.831897745310574,3427.9394601086797,2252.8248691343474,1639599.288307906,1077536.547858964,133485.84436741026,89919.39303538164,47994.16599766812,0.30064591760505793,62885.49460576947,0.1339376439665023,52.49163760572862,0.0,338881.816236107,4430899.636543432,521155042168.39716,76377472176.90681,114.07931178753373,3202940220.08837,476244549.3071099,0.0,135729696.55252632,1113244335.0264356,13.0,0.10867295325663087,52.38122274653555,80.0,49.95,59.16666666666666,32.28056036097844,20.386666666666667,31.875000000000004
2043,A_baseline,util_improved,fcap_partial,4008863.2094234866,2428330.625,45418.06329493124,28613.379875806688,28613.379875806688,27754.978479532485,299356.2094234866,40535.621490726146,11012409.790442264,3888597.313140782,2.8319748494471,3541.5306426947686,2270.7087149826166,1704897.6625868457,1093122.260165941,136803.11727010523,89906.33246230801,47988.12258478575,0.30307658908470053,62657.82788251661,0.13399461757991987,53.40299499371809,0.0,340917.68379051593,4457518.724304094,537351723204.2416,78875245677.24362,114.9366332253394,3583436071.204233,620708760.1149954,0.0,176901996.63277367,1072072034.9461882,13.0,0.14163785007533977,53.103543800574975,80.0,49.95,59.16666666666666,32.43309392287957,20.42666666666667,31.875000000000004
2044,A_baseline,util_improved,fcap_partial,4032665.953447985,2567092.375,45418.06329493124,28613.379875806688,28613.379875806688,27754.978479532485,323158.953447985,40535.621490726146,11078129.314557541,3911685.974844545,2.8320599827796245,3658.958908897337,2288.780210794859,1772849.6726250583,1108966.6072913604,140202.59441627396,89893.12394088598,47982.00006547225,0.3055335194224602,62427.761411347674,0.1340516215652652,54.29655110186483,0.0,342952.2019720534,4484120.1689352635,554029271945.0378,81450672321.92126,115.79466604373675,3987293028.2409573,779172592.1061105,0.0,222064188.75024146,1026909842.8287203,13.0,0.17779728251796104,53.89586296053055,80.0,49.95,59.16666666666666,32.62686746190671,20.46666666666667,31.875000000000004
2045,A_baseline,util_improved,fcap_partial,4056440.134179654,2705854.125,45418.06329493124,28613.379875806688,28613.379875806688,27754.978479532485,346933.13417965407,40535.621490726146,11143805.611494446,3934746.9301542644,2.8321530734525653,3780.3559065231516,2307.041363415834,1843564.981386456,1125074.1394122355,143686.31020387853,89879.76950412808,47975.79952477703,0.30801699329812465,62195.273143138074,0.13410865525220655,55.169622460909814,0.0,344985.38194426073,4510704.116400903,571201544457.2909,84106083633.89024,116.65340672594974,4415820947.951514,952617302.1825223,0.0,271495931.1220188,977478100.456943,13.0,0.21737516093812753,54.763086510912615,80.0,49.95,59.16666666666666,32.854165363397414,20.506666666666668,31.875000000000004
2026,A_baseline,util_improved,fcap_high,3705055.5916,69380.875,22709.03164746562,14306.689937903344,0.0,0.0,-4451.408400000073,0.0,10141419.983388092,3593903.923852,2.8218394810394285,2022.8608386219394,1973.522769387258,870073.9380946757,848852.622531391,90065.85729695886,90065.85729695886,48061.022960284165,0.262943960601669,66383.58406431176,0.13324592085275141,56.48489111436993,0.0,313953.93713773804,4104966.154294251,325516032798.2812,46763339629.979126,103.68811447888945,60881420.7664319,-392870726.76423985,0.0,0.0,0.0,-1.0,0.0,48.0356463661788,80.0,69.9,59.16666666666666,17.0828370284787,19.746666666666666,31.875000000000004
2027,A_baseline,util_improved,fcap_high,3700609.52489008,208142.625,45418.06329493124,28613.379875806688,2146.0034906855017,0.0,-8897.475109919906,2146.0034906855017,10138591.969245598,3589591.2391433776,2.824441919371599,2094.164752895718,1993.2561598055613,907501.2291789218,863772.7344951071,92317.98357652809,90066.32544051521,48061.233218176545,0.265571775029994,66147.25152284847,0.13324351178011645,57.91136618998981,0.0,313866.38863114116,4103821.4524322017,333561784026.1045,47915715790.13036,103.65197293846816,42240591.91855791,-415686297.5242988,0.0,0.0,0.0,-1.0,0.0,47.92156851237851,80.0,69.9,59.16666666666666,100.0,19.78666666666667,31.875000000000004
2028,A_baseline,util_improved,fcap_high,3697420.6288297786,346904.375,45418.06329493124,28613.379875806688,8584.013962742007,1214.2803084795462,-12086.371170221362,9478.182083860966,10138854.325797234,3586498.009964885,2.8269510529845525,2167.779169963062,2012.9984602318016,946405.630203992,878831.7106985606,94625.88755239069,90066.28202488109,48061.21372002918,0.26820227258974066,65910.30050209948,0.1332437352649017,58.71817059016963,0.0,313874.51055809564,4103927.647103814,341909591173.00775,49115197332.34211,103.65532570459114,30813046.061783306,-437216528.9230663,0.0,0.0,54642613.88157958,-1.0,0.0,47.81391735538467,80.0,69.9,59.16666666666666,100.0,19.826666666666668,31.875000000000004
2029,A_baseline,util_improved,fcap_high,3698885.233674568,485666.125,45418.06329493124,28613.379875806688,17168.027925484013,5724.464311403575,-10621.766325431876,20744.70040995985,10150447.810534399,3587918.676664331,2.8290629541166794,2243.15239766023,2032.1853610444018,986431.0421578271,893657.8386933778,96989.4655484403,90064.36057370294,48060.35054923792,0.2707644197682022,65678.13624117011,0.13325361230236768,57.02027386508029,0.0,314233.41692272126,4108620.368885808,350854215119.18054,50415044851.79231,103.80350543429503,51771227.52787055,-448694591.0775036,0.0,0.0,257600894.01316088,-1.0,0.0,47.75652704461248,80.0,69.9,59.16666666666666,88.87169272899152,19.866666666666667,31.875000000000004
2030,A_baseline,util_improved,fcap_high,3708037.9268351668,624427.875,45418.06329493124,28613.379875806688,23606.038397540517,13183.614777777932,-1469.073164833244,30759.38336649219,10180681.595126608,3596796.789030112,2.8304856215888314,2319.717357808815,2050.2921327415415,1027199.90910214,907895.0438920327,99408.64158849767,90059.32294576721,48058.08531470816,0.2731922114017499,65455.81735286872,0.1332793817123097,51.11654646039261,0.0,315169.3820758109,4120858.1681950307,360686342460.9816,51867890905.94495,104.19013128745938,129209670.40895262,-442011617.5516737,0.0,0.0,593262665.0000069,-1.0,0.0,47.78994191224163,80.0,69.9,59.16666666666666,54.117248678685364,19.906666666666666,31.875000000000004
2031,A_baseline,util_improved,fcap_high,3724511.815357148,763189.625,45418.06329493124,28613.379875806688,27182.710882016352,20295.82801315813,15004.815357148182,37018.5602143249,10228588.817680556,3612776.460896434,2.831226600480714,2397.4969459449153,2067.3541026381818,1068718.3378920783,921552.4733588588,101884.7369423036,90051.2615884228,48054.45401541885,0.2754903017910366,65243.01235676462,0.1333202496445148,46.29871096165566,141574305.71667108,316652.4743018289,4140249.686094134,371426050776.914,53477492591.36927,104.80335059309961,263574042.2785719,-275679790.796596,0.0,0.0,913312260.5921159,-1.0,0.0,48.62160104601702,80.0,69.9,59.16666666666666,42.6073407864588,19.94666666666667,31.875000000000004
2032,A_baseline,util_improved,fcap_high,3745734.831858871,901951.375,45418.06329493124,28613.379875806688,28613.379875806688,24921.657759746875,36227.83185887104,39939.50940998017,10287912.220014634,3633362.7869031047,2.8315125197788276,2476.9682881259905,2083.787309204486,1111298.2762779116,934896.6056407358,104420.12468175916,90041.14625628605,48049.886803464455,0.2777113436481615,65035.69854583222,0.13337091484996116,44.8205837145197,198112672.9196215,318488.9839580405,4164262.1576353842,382897484818.6539,55212106038.590454,105.56369401364879,439752938.46414495,-180911676.48952428,0.0,0.0,1121474599.1886094,-1.0,0.0,49.09544161755238,80.0,69.9,59.16666666666666,36.47649328067687,19.986666666666668,31.875000000000004
2033,A_baseline,util_improved,fcap_high,3769257.217855701,1040713.125,45418.06329493124,28613.379875806688,28613.379875806688,27176.749761208896,59750.21785570122,40535.621490726146,10352745.720026027,3656179.50132003,2.831574794478297,2558.6442843272825,2099.998522292135,1155283.6920782558,948195.1285895165,107017.28918513707,90029.9249443246,48044.80702969757,0.2799067341563324,64829.94267681897,0.133426359171499,44.76317559645691,200308533.43552315,320496.0729673053,4190504.964229249,394917700544.2482,57038559666.249825,106.39591420498292,643115522.8765202,-130844913.9427918,0.0,0.0,1222953739.2544003,-1.0,0.0,49.34577543028604,80.0,69.9,59.16666666666666,32.731399646525674,20.026666666666667,31.875000000000004
2034,A_baseline,util_improved,fcap_high,3793347.489070081,1179474.875,45418.06329493124,28613.379875806688,28613.379875806688,27754.978479532485,83840.48907008115,40535.621490726146,10418930.718000744,3679547.0643979786,2.8315796851223087,2642.942231733582,2116.2788034657933,1200961.4966148234,961643.9317318783,109678.54846245755,90018.29254231956,48039.52732195685,0.2821131674948246,64622.946900730036,0.13348303712451356,45.31386022504512,179244846.3920242,322545.00109843997,4217294.819797135,407351091679.9513,58932100297.12562,107.246827560264,862956295.9825181,-97066051.04510799,0.0,0.0,1248974031.5789618,-1.0,0.0,49.51466974477446,80.0,69.9,59.16666666666666,30.46154141385752,20.066666666666666,31.875000000000004
2035,A_baseline,util_improved,fcap_high,3817408.8519590036,1318236.625,45418.06329493124,28613.379875806688,28613.379875806688,27754.978479532485,107901.8519590036,40535.621490726146,10485055.01892486,3702886.586400233,2.8315895651338114,2730.0747500107336,2132.7300313001497,1248484.5977597246,975314.1723490845,112405.77770784244,90006.49423735648,48034.15873518322,0.28434348646122165,64413.73386175469,0.1335397406141566,46.09551400750964,149346589.2127562,324592.05019507656,4244060.106878676,420156064756.88873,60884990016.28989,108.09831111321026,1096505679.667868,-65217034.270273924,0.0,0.0,1248974031.5789618,-1.0,0.0,49.67391482864863,80.0,69.9,59.16666666666666,29.082341803254977,20.10666666666667,31.875000000000004
2036,A_baseline,util_improved,fcap_high,3841441.3412124594,1456998.375,45418.06329493124,28613.379875806688,28613.379875806688,27754.978479532485,131934.34121245937,40535.621490726146,10551132.994622398,3726198.1009760853,2.831608172377767,2820.138634815105,2149.353945524424,1297928.809710776,989209.6699510575,115200.60697686425,89994.53004816003,48028.70147498257,0.28659794470275607,64202.28270186694,0.13359648075419933,46.943512383983986,116910651.31261253,326637.6651742723,4270806.642790509,433343929091.6531,62899122108.48463,108.95054026851342,1345041901.4205,-27995745.335901484,0.0,0.0,1248974031.5789618,-1.0,0.0,49.86002127332049,80.0,69.9,59.16666666666666,28.220022363652326,20.14666666666667,31.875000000000004
2037,A_baseline,util_improved,fcap_high,3865444.991478811,1595760.125,45418.06329493124,28613.379875806688,28613.379875806688,27754.978479532485,155937.99147881102,40535.621490726146,10617164.973429866,3749481.6417344464,2.831635406679454,2913.234038832644,2166.1523140883255,1349373.1121954392,1003334.3186948224,118064.70961295761,89982.40239010206,48023.15682920368,0.288876792335111,63988.57462104215,0.13365325666583722,47.83629102590639,82761868.25908056,328681.85620053473,4297534.560434166,446925769199.98413,64976346011.34514,109.80351014880898,1609432675.466137,16035645.01351744,0.0,9140317.65770494,1239833713.921257,13.0,0.007318260769721277,50.080178225067584,80.0,69.9,59.16666666666666,27.684203103077174,20.186666666666667,31.875000000000004
2038,A_baseline,util_improved,fcap_high,3889419.837364843,1734521.875,45418.06329493124,28613.379875806688,28613.379875806688,27754.978479532485,179912.83736484312,40535.621490726146,10683151.28754016,3772737.2422438976,2.831671171773993,3009.464590143381,2183.126933499101,1402899.7848440276,1017692.0889264137,120999.80033251728,89970.11362655052,48017.52605810488,0.2911802836076249,63772.590424561306,0.13371006749825742,48.75676233125178,47553840.82961949,330724.6335577558,4324243.994272138,460912983596.93964,67118565587.701515,110.65721604996673,1890591860.7345128,68181591.15460645,0.0,38863506.95812567,1210110524.6208363,13.0,0.031116345076441784,50.340907955773034,80.0,69.9,59.16666666666666,27.367730728109727,20.226666666666667,31.875000000000004
2039,A_baseline,util_improved,fcap_high,3913365.913435812,1873283.625,45418.06329493124,28613.379875806688,28613.379875806688,27754.978479532485,203858.9134358121,40535.621490726146,10749092.27304995,3795964.9360327376,2.8317153751910333,3108.9375148395516,2200.279629170337,1458594.547370091,1032287.0287610039,124007.63624685646,89957.6660701542,48011.81039503776,0.2935086769531479,63554.31052011016,0.13376691242804356,49.6916306211534,11795128.740882425,332766.00765067886,4350935.080347055,475317293564.2271,69327740699.48817,111.51165344005106,2189481816.49028,129641466.36292833,0.0,73895635.82686915,1175078395.7520926,13.0,0.059165069856136045,50.64820733181464,80.0,69.9,59.16666666666666,27.205680539258992,20.26666666666667,31.875000000000004
2040,A_baseline,util_improved,fcap_high,3937283.2542154957,2012045.375,45418.06329493124,28613.379875806688,28613.379875806688,27754.978479532485,227776.25421549566,40535.621490726146,10814988.27000872,3819164.756589031,2.831767928144528,3211.763764053659,2217.612255782588,1516546.705814014,1047123.2657022033,127090.01790937368,89945.06198408423,48006.01104710814,0.2958622350396505,63333.71491469317,0.1338237906586028,50.63065660596281,0.0,334805.98900641705,4377607.956301538,490150752160.24146,71605888826.69484,112.3668179583509,2507115875.8340564,225662522.4313559,0.0,128627637.78587283,1120346393.793089,13.0,0.10298663906027002,51.128312612156776,80.0,69.9,59.16666666666666,27.156419961850993,20.30666666666667,31.875000000000004
2041,A_baseline,util_improved,fcap_high,3961171.894186244,2150807.125,45418.06329493124,28613.379875806688,28613.379875806688,27754.978479532485,251664.89418624388,40535.621490726146,10880839.622469468,3842336.7373606563,2.831828745427356,3318.0581455586694,2235.126697655903,1576849.3051173987,1062205.0083015154,130248.79038854977,89932.3035832344,48000.129195814974,0.29824122482359083,63110.78321136357,0.13388070141961494,51.565993538664664,0.0,336844.58827602246,4404262.76139872,505425753479.50543,73955086732.64273,113.22270541447824,2844560942.9276166,344853784.8794099,0.0,196566657.38126364,1052407374.1976982,13.0,0.15738250148625002,51.72426892439705,80.0,69.9,59.16666666666666,27.192023371242588,20.346666666666668,31.875000000000004
2042,A_baseline,util_improved,fcap_high,3985031.867789027,2289568.875,45418.06329493124,28613.379875806688,28613.379875806688,27754.978479532485,275524.8677890268,40535.621490726146,10946646.678541053,3865480.911755356,2.831897745310574,3427.9394601086797,2252.8248691343474,1639599.288307906,1077536.547858964,133485.84436741026,89919.39303538164,47994.16599766812,0.30064591760505793,62885.49460576947,0.1339376439665023,52.49163760572862,0.0,338881.816236107,4430899.636543432,521155042168.39716,76377472176.90681,114.07931178753373,3202940220.08837,476244549.3071099,0.0,271459393.10505265,977514638.4739091,13.0,0.21734590651326174,52.38122274653555,80.0,69.9,59.16666666666666,27.293060360978437,20.386666666666667,31.875000000000004
2043,A_baseline,util_improved,fcap_high,4008863.2094234866,2428330.625,45418.06329493124,28613.379875806688,28613.379875806688,27754.978479532485,299356.2094234866,40535.621490726146,11012409.790442264,3888597.313140782,2.8319748494471,3541.5306426947686,2270.7087149826166,1704897.6625868457,1093122.260165941,136803.11727010523,89906.33246230801,47988.12258478575,0.30307658908470053,62657.82788251661,0.13399461757991987,53.40299499371809,0.0,340917.68379051593,4457518.724304094,537351723204.2416,78875245677.24362,114.9366332253394,3583436071.204233,620708760.1149954,0.0,353803993.26554734,895170038.3134146,13.0,0.28327570015067954,53.103543800574975,80.0,69.9,59.16666666666666,27.445593922879574,20.42666666666667,31.875000000000004
2044,A_baseline,util_improved,fcap_high,4032665.953447985,2567092.375,45418.06329493124,28613.379875806688,28613.379875806688,27754.978479532485,323158.953447985,40535.621490726146,11078129.314557541,3911685.974844545,2.8320599827796245,3658.958908897337,2288.780210794859,1772849.6726250583,1108966.6072913604,140202.59441627396,89893.12394088598,47982.00006547225,0.3055335194224602,62427.761411347674,0.1340516215652652,54.29655110186483,0.0,342952.2019720534,4484120.1689352635,554029271945.0378,81450672321.92126,115.79466604373675,3987293028.2409573,779172592.1061105,0.0,444128377.5004829,804845654.0784789,13.0,0.35559456503592207,53.89586296053055,80.0,69.9,59.16666666666666,27.63936746190671,20.46666666666667,31.875000000000004
2045,A_baseline,util_improved,fcap_high,4056440.134179654,2705854.125,45418.06329493124,28613.379875806688,28613.379875806688,27754.978479532485,346933.13417965407,40535.621490726146,11143805.611494446,3934746.9301542644,2.8321530734525653,3780.3559065231516,2307.041363415834,1843564.981386456,1125074.1394122355,143686.31020387853,89879.76950412808,47975.79952477703,0.30801699329812465,62195.273143138074,0.13410865525220655,55.169622460909814,0.0,344985.38194426073,4510704.116400903,571201544457.2909,84106083633.89024,116.65340672594974,4415820947.951514,952617302.1825223,0.0,542991862.2440376,705982169.3349242,13.0,0.43475032187625506,54.763086510912615,80.0,69.9,59.16666666666666,27.866665363397413,20.506666666666668,31.875000000000004
2026,A_baseline,util_current_drag,fcap_none,3705055.5916,69380.875,22709.03164746562,14306.689937903344,0.0,0.0,-4451.408400000073,0.0,10141419.983388092,3593903.923852,2.8218394810394285,2022.8608386219394,1973.522769387258,870073.9380946757,848852.622531391,90065.85729695886,90065.85729695886,48061.022960284165,0.262943960601669,66383.58406431176,0.13324592085275141,56.48489111436993,0.0,313953.93713773804,4104966.154294251,325516032798.2812,46763339629.979126,103.68811447888945,60881420.7664319,-392870726.76423985,0.0,0.0,0.0,-1.0,0.0,48.0356463661788,80.0,30.0,30.0,34.5578370284787,19.746666666666666,39.166666666666664
2027,A_baseline,util_current_drag,fcap_none,3700609.52489008,208142.625,45418.06329493124,28613.379875806688,2146.0034906855017,0.0,-8897.475109919906,2146.0034906855017,10138591.969245598,3589591.2391433776,2.824441919371599,2094.164752895718,1993.2561598055613,907501.2291789218,863772.7344951071,92317.98357652809,90066.32544051521,48061.233218176545,0.265571775029994,66147.25152284847,0.13324351178011645,57.91136618998981,0.0,313866.38863114116,4103821.4524322017,333561784026.1045,47915715790.13036,103.65197293846816,42240591.91855791,-415686297.5242988,0.0,0.0,0.0,-1.0,0.0,47.92156851237851,80.0,30.0,30.0,100.0,19.78666666666667,39.166666666666664
2028,A_baseline,util_current_drag,fcap_none,3696276.0936347465,346904.375,45418.06329493124,28613.379875806688,8584.013962742007,104.08116929824683,-13230.906365253497,10622.717278893233,10136067.72595789,3585387.810825704,2.8270491954463313,2167.980316394173,2013.1852446892394,946537.3575497335,878954.0326342181,94626.37187590243,90066.74301097199,48061.42073862483,0.26822578599659036,65908.52007470111,0.1332413616045283,59.29359894627873,0.0,313788.2441385782,4102799.7086055754,341816519895.175,49098324161.29195,103.61971566664221,22544118.878302723,-440184907.75400436,0.0,0.0,4683652.6184211075,-1.0,0.0,47.799075461229975,80.0,30.0,30.0,100.0,19.826666666666668,39.166666666666664
2029,A_baseline,util_current_drag,fcap_none,3694308.466336673,485666.125,45418.06329493124,28613.379875806688,17168.027925484013,2393.866893859677,-15198.533663326874,25322.84119008892,10139330.949589606,3583479.212346573,2.829465541380958,2243.9856417859296,2032.9402390973548,986980.7245135125,894155.823777946,96991.44979522344,90066.20314409687,48061.17829371846,0.270859456905697,65670.92027492862,0.13324414127356493,59.46082023246401,0.0,313889.265682762,4104120.5712248175,350473647835.8772,50346035544.8397,103.66141673854297,18488774.0556494,-460364422.4852356,0.0,0.0,107724010.22368547,-1.0,0.0,47.69817788757382,80.0,30.0,30.0,100.0,19.866666666666667,39.166666666666664
2030,A_baseline,util_current_drag,fcap_none,3698888.5108379484,624427.875,45418.06329493124,28613.379875806688,23606.038397540517,8742.818221052732,-10618.489162051585,39915.66492675033,10158511.37545159,3587921.85551281,2.8313078669322547,2321.439461361847,2051.8142213505967,1028343.9749118913,908906.2313632888,99412.72331560294,90063.02078907013,48059.74840503915,0.27338379770618587,65441.250132862966,0.1332604835181648,55.69610357802627,0.0,314483.0454715108,4111884.2768121385,359908501151.422,51726740073.55753,103.90659317744742,62245346.254176125,-464920305.3519416,0.0,0.0,393426819.9473729,-1.0,0.0,47.67539847324029,80.0,30.0,30.0,82.3647013283825,19.906666666666666,39.166666666666664
2031,A_baseline,util_current_drag,fcap_none,3711939.77307403,763189.625,45418.06329493124,28613.379875806688,27182.710882016352,16965.230595614234,2432.773074029945,49608.44735967984,10198193.122740377,3600581.5798818087,2.8323738530804623,2399.9364566327777,2069.457685058803,1070349.9226010558,922959.3837399592,101890.53640391871,90056.38746743715,48056.76390545414,0.2757549233216245,65222.89524673151,0.13329431523962731,48.971809148111504,39328300.084734984,315711.4967943261,4127946.349956781,370333191288.3081,53278921540.19264,104.41419787696304,170782525.19979346,-408977693.81508505,0.0,0.0,763435376.8026406,-1.0,0.0,47.955111530924576,80.0,30.0,30.0,68.32508080611478,19.94666666666667,39.166666666666664
2032,A_baseline,util_current_drag,fcap_none,3731270.3173681055,901951.375,45418.06329493124,28613.379875806688,28613.379875806688,23071.325861111374,21763.31736810552,54436.95521372222,10252990.471185982,3619332.207847062,2.8328403922017733,2479.8556586451004,2086.216353643018,1113241.981900984,936531.7776086628,104427.05071508723,90047.11855311839,48052.58478375882,0.27801662780523534,65012.52230940217,0.13334108209556098,45.973821451447485,154001329.4821337,317407.89072312374,4150126.800138584,381610862691.74536,54977937475.294815,105.11597157853504,331142720.2117284,-261131389.5465558,0.0,0.0,1038209663.7500118,-1.0,0.0,48.69434305226722,80.0,30.0,30.0,60.354340254025395,19.986666666666668,39.166666666666664
2033,A_baseline,util_current_drag,fcap_none,3754047.0373189696,1040713.125,45418.06329493124,28613.379875806688,28613.379875806688,26436.617001754694,44540.03731896961,55796.09075782304,10316054.140590677,3641425.6261994005,2.8329712589400504,2561.764224574635,2102.5592025512915,1157397.417695543,949929.9616415448,107024.8632202244,90036.29671673288,48047.69312472251,0.2802282118509931,64805.58628611738,0.13339497192581354,45.37385409994597,176950080.6770665,319360.19003943127,4175653.22828138,393532511453.13635,56785980916.3426,105.92477069851334,526202875.3801596,-193255773.57701626,0.0,0.0,1189647765.0789611,-1.0,0.0,49.03372113211492,80.0,30.0,30.0,55.26187565270429,20.026666666666667,39.166666666666664
2034,A_baseline,util_current_drag,fcap_none,3778155.5607499937,1179474.875,45418.06329493124,28613.379875806688,28613.379875806688,27754.978479532485,68648.56074999366,55796.09075782304,10382302.037732312,3664810.8939274936,2.8329707420744534,2646.1432563965504,2118.841954700154,1203143.9910558367,963391.5169302006,109686.41897352255,90024.75223728671,48042.46093565932,0.2824345840950928,64598.64878088486,0.1334516602578353,45.661137380358625,165961495.2012826,321411.0653772815,4202468.543691356,405934169093.78345,58673237885.20348,106.77574011703227,743003622.0500371,-150855207.9473848,0.0,0.0,1248974031.5789618,-1.0,0.0,49.24572396026308,80.0,30.0,30.0,51.9620008373578,20.066666666666666,39.166666666666664
2035,A_baseline,util_current_drag,fcap_none,3802235.1539529003,1318236.625,45418.06329493124,28613.379875806688,28613.379875806688,27754.978479532485,92728.15395290032,55796.09075782304,10448471.070529338,3688168.099334313,2.8329704040374977,2733.3592371220425,2135.295867381993,1250738.3078452537,977074.7670658529,112413.95677958096,90013.04345207046,48037.14046896746,0.28466485995696583,64389.49304348654,0.13350835931278096,46.3863945455879,138220408.63126293,323459.499264967,4229251.936997135,418705967361.6307,60619559719.64393,107.6270526506889,972796838.1412145,-118945871.70557627,0.0,0.0,1248974031.5789618,-1.0,0.0,49.40527064147212,80.0,30.0,30.0,49.88797440075563,20.10666666666667,39.166666666666664
2036,A_baseline,util_current_drag,fcap_none,3826285.8516439633,1456998.375,45418.06329493124,28613.379875806688,28613.379875806688,27754.978479532485,116778.85164396325,55796.09075782304,10514593.754830638,3711497.2760946443,2.8329789765855433,2823.509035912218,2151.922679134414,1300256.2737195054,990983.5345010024,115209.10321295795,90001.16729421711,48031.73053773783,0.28691930255967013,64178.09514460414,0.13356509569544878,47.19073590173592,107454351.75860104,325506.49831485486,4256016.569714501,431859883117.6764,62626960536.452774,108.47911635480511,1217437340.8704615,-82251488.83526325,0.0,0.0,1248974031.5789618,-1.0,0.0,49.588742555823686,80.0,30.0,30.0,48.52537854992256,20.14666666666667,39.166666666666664
2037,A_baseline,util_current_drag,fcap_none,3850307.688497797,1595760.125,45418.06329493124,28613.379875806688,28613.379875806688,27754.978479532485,140800.68849779712,55796.09075782304,10580670.418869521,3734798.457842863,2.8329963553055237,2916.692881367626,2168.7241568106565,1351776.9634441636,1005121.716437585,118073.53184574319,89989.12620878668,48026.232445599606,0.28919816180176205,63964.4363270588,0.13362186851263114,48.04996211028393,74588949.28163974,327552.07268825773,4282762.574703208,445406982874.98236,64697285749.30911,109.33192628490175,1477787545.1757388,-39237802.65810458,0.0,0.0,1248974031.5789618,-1.0,0.0,49.80381098670948,80.0,30.0,30.0,47.61218606297142,20.186666666666667,39.166666666666664
2038,A_baseline,util_current_drag,fcap_none,3874300.6991474065,1734521.875,45418.06329493124,28613.379875806688,28613.379875806688,27754.978479532485,164793.6991474065,55796.09075782304,10646701.394748956,3758071.678172984,2.833022439828751,3013.0144799753157,2185.7020959145134,1405382.7554136892,1019493.2863697954,121008.95762875302,89976.92258805771,48020.647468178206,0.2915016917288451,63748.497437083555,0.13367867689950377,48.94463563210256,40367687.07207706,329596.2326662838,4309490.086389353,459358646728.6489,66832435098.80142,110.18547767100321,1754755805.2272372,11484981.257158235,0.0,0.0,1248974031.5789618,14.0,0.0,50.05742490628579,80.0,30.0,30.0,47.00093066267141,20.226666666666667,39.166666666666664
2039,A_baseline,util_current_drag,fcap_none,3898264.918184236,1873283.625,45418.06329493124,28613.379875806688,28613.379875806688,27754.978479532485,188757.91818423616,55796.09075782304,10712687.01848865,3781316.970638709,2.83305713371052,3112.5811388125117,2202.858320947124,1461159.4719838293,1034102.2956652204,124017.13791363366,89964.55877283706,48014.97685379238,0.29383015058310696,63530.25892147157,0.13373552001901803,49.859522821063315,5373252.094328192,331638.9886512938,4336199.24078441,473726577113.5268,69034364223.95284,111.03976591656796,2049298761.9509127,71185627.4759968,0.0,0.0,1248974031.5789618,14.0,0.0,50.35592813737998,80.0,30.0,30.0,46.60226752559877,20.26666666666667,39.166666666666664
2040,A_baseline,util_current_drag,fcap_none,3922200.380158222,2012045.375,45418.06329493124,28613.379875806688,28613.379875806688,27754.978479532485,212693.38015822181,55796.09075782304,10778627.630073812,3804534.368753475,2.8331003443150236,3215.503892663321,2220.1946857657076,1519196.5258736864,1048952.8751852282,127099.87350017643,89952.03705372561,48009.221824128006,0.29618380085462476,63309.70082453712,0.1337923970613156,50.782861861982944,0.0,333680.351168411,4362890.175504986,488522807804.416,71305086278.73079,111.89478659749047,2362423808.097157,170986540.66010088,0.0,0.0,1248974031.5789618,14.0,0.0,50.854932703300506,80.0,30.0,30.0,46.35890753288791,20.30666666666667,39.166666666666664
2041,A_baseline,util_current_drag,fcap_none,3946107.1195778386,2150807.125,45418.06329493124,28613.379875806688,28613.379875806688,27754.978479532485,236600.11957783857,55796.09075782304,10844523.57350558,3827723.9059905033,2.833151982705329,3321.897635710791,2237.7130739543054,1579587.0729053277,1064049.2369456014,130259.00970946703,89939.35967234206,48003.38357488944,0.2985629093344468,63086.8027848904,0.13384930724316618,51.705647832397425,0.0,335720.3308670821,4389563.02979322,503759713165.44336,73646673594.82286,112.7505354611717,2695191676.695341,287412128.32805586,0.0,0.0,1248974031.5789618,14.0,0.0,51.43706064164028,80.0,30.0,30.0,46.23242455204918,20.346666666666668,39.166666666666664
2042,A_baseline,util_current_drag,fcap_none,3969985.1709101517,2289568.875,45418.06329493124,28613.379875806688,28613.379875806688,27754.978479532485,260478.17091015168,55796.09075782304,10910375.196853139,3850885.615782847,2.833211963538202,3431.8812579727814,2255.415399206622,1642428.171360888,1079395.6758184258,133496.43748350345,89926.5288225055,47997.46327642913,0.3009677471694653,62861.54403202603,0.13390624980742574,52.6210155907815,0.0,337758.9385226908,4416217.944537886,519450017655.4977,76061259391.99931,113.60700842565873,3048719159.0256944,415908205.2997914,0.0,0.0,1248974031.5789618,14.0,0.0,52.07954102649896,80.0,30.0,30.0,46.19608266639922,20.386666666666667,39.166666666666664
2043,A_baseline,util_current_drag,fcap_none,3993834.5685808663,2428330.625,45418.06329493124,28613.379875806688,28613.379875806688,27754.978479532485,284327.5685808663,55796.09075782304,10976182.852307519,3874019.53152344,2.8332802049635477,3545.577786656482,2273.303605721063,1707820.9482497913,1094996.571276287,136814.09451193557,89913.54665137922,47991.462074356554,0.3033985899190898,62633.903382726465,0.133963224022516,53.5237413659228,0.0,339796.18503822305,4442855.062296167,535606805596.79425,78551039537.41861,114.4642015788511,3424181958.5451612,557343134.0234115,0.0,0.0,1248974031.5789618,14.0,0.0,52.786715670117054,80.0,30.0,30.0,46.23070507638211,20.42666666666667,39.166666666666664
2044,A_baseline,util_current_drag,fcap_none,4017655.346974376,2567092.375,45418.06329493124,28613.379875806688,28613.379875806688,27754.978479532485,308148.3469743761,55796.09075782304,11041946.89623713,3897125.686565145,2.833356628528268,3663.1145326130204,2291.379668608074,1775870.7727919428,1110856.3891798588,140213.96638659306,89900.41526057663,47985.38109012705,0.30585571761374003,62403.85923727974,0.1340202291819238,54.40985583724999,0.0,341832.0814459865,4469474.527316132,552243531213.8353,81118274355.27309,115.32211117777425,3822817687.5244703,712637273.5377254,0.0,0.0,1248974031.5789618,14.0,0.0,53.56318636768863,80.0,30.0,30.0,46.32217918737475,20.46666666666667,39.166666666666664
2045,A_baseline,util_current_drag,fcap_none,4041447.5404338134,2705854.125,45418.06329493124,28613.379875806688,28613.379875806688,27754.978479532485,331940.54043381335,55796.09075782304,11107667.689244997,3920204.114220799,2.8334411590843445,3784.6232420805018,2309.645594309913,1846687.4374366163,1126979.683610002,143698.08778448633,89887.13670723075,47979.22142161134,0.3083394148151727,62171.38957551179,0.13407726460371944,55.2763509660046,0.0,343866.6389093824,4496076.485559907,569374028950.23,83765290488.21046,116.18073364791832,4245929013.4904084,882765821.4995925,0.0,0.0,1248974031.5789618,14.0,0.0,54.41382910749796,80.0,30.0,30.0,46.45988865721822,20.506666666666668,39.166666666666664
2026,A_baseline,util_current_drag,fcap_partial,3705055.5916,69380.875,22709.03164746562,14306.689937903344,0.0,0.0,-4451.408400000073,0.0,10141419.983388092,3593903.923852,2.8218394810394285,2022.8608386219394,1973.522769387258,870073.9380946757,848852.622531391,90065.85729695886,90065.85729695886,48061.022960284165,0.262943960601669,66383.58406431176,0.13324592085275141,56.48489111436993,0.0,313953.93713773804,4104966.154294251,325516032798.2812,46763339629.979126,103.68811447888945,60881420.7664319,-392870726.76423985,0.0,0.0,0.0,-1.0,0.0,48.0356463661788,80.0,49.95,30.0,29.5703370284787,19.746666666666666,39.166666666666664
2027,A_baseline,util_current_drag,fcap_partial,3700609.52489008,208142.625,45418.06329493124,28613.379875806688,2146.0034906855017,0.0,-8897.475109919906,2146.0034906855017,10138591.969245598,3589591.2391433776,2.824441919371599,2094.164752895718,1993.2561598055613,907501.2291789218,863772.7344951071,92317.98357652809,90066.32544051521,48061.233218176545,0.265571775029994,66147.25152284847,0.13324351178011645,57.91136618998981,0.0,313866.38863114116,4103821.4524322017,333561784026.1045,47915715790.13036,103.65197293846816,42240591.91855791,-415686297.5242988,0.0,0.0,0.0,-1.0,0.0,47.92156851237851,80.0,49.95,30.0,100.0,19.78666666666667,39.166666666666664
2028,A_baseline,util_current_drag,fcap_partial,3696276.0936347465,346904.375,45418.06329493124,28613.379875806688,8584.013962742007,104.08116929824683,-13230.906365253497,10622.717278893233,10136067.72595789,3585387.810825704,2.8270491954463313,2167.980316394173,2013.1852446892394,946537.3575497335,878954.0326342181,94626.37187590243,90066.74301097199,48061.42073862483,0.26822578599659036,65908.52007470111,0.1332413616045283,59.29359894627873,0.0,313788.2441385782,4102799.7086055754,341816519895.175,49098324161.29195,103.61971566664221,22544118.878302723,-440184907.75400436,0.0,0.0,4683652.6184211075,-1.0,0.0,47.799075461229975,80.0,49.95,30.0,100.0,19.826666666666668,39.166666666666664
2029,A_baseline,util_current_drag,fcap_partial,3694308.466336673,485666.125,45418.06329493124,28613.379875806688,17168.027925484013,2393.866893859677,-15198.533663326874,25322.84119008892,10139330.949589606,3583479.212346573,2.829465541380958,2243.9856417859296,2032.9402390973548,986980.7245135125,894155.823777946,96991.44979522344,90066.20314409687,48061.17829371846,0.270859456905697,65670.92027492862,0.13324414127356493,59.46082023246401,0.0,313889.265682762,4104120.5712248175,350473647835.8772,50346035544.8397,103.66141673854297,18488774.0556494,-460364422.4852356,0.0,0.0,107724010.22368547,-1.0,0.0,47.69817788757382,80.0,49.95,30.0,100.0,19.866666666666667,39.166666666666664
2030,A_baseline,util_current_drag,fcap_partial,3698888.5108379484,624427.875,45418.06329493124,28613.379875806688,23606.038397540517,8742.818221052732,-10618.489162051585,39915.66492675033,10158511.37545159,3587921.85551281,2.8313078669322547,2321.439461361847,2051.8142213505967,1028343.9749118913,908906.2313632888,99412.72331560294,90063.02078907013,48059.74840503915,0.27338379770618587,65441.250132862966,0.1332604835181648,55.69610357802627,0.0,314483.0454715108,4111884.2768121385,359908501151.422,51726740073.55753,103.90659317744742,62245346.254176125,-464920305.3519416,0.0,0.0,393426819.9473729,-1.0,0.0,47.67539847324029,80.0,49.95,30.0,77.3772013283825,19.906666666666666,39.166666666666664
2031,A_baseline,util_current_drag,fcap_partial,3711939.77307403,763189.625,45418.06329493124,28613.379875806688,27182.710882016352,16965.230595614234,2432.773074029945,49608.44735967984,10198193.122740377,3600581.5798818087,2.8323738530804623,2399.9364566327777,2069.457685058803,1070349.9226010558,922959.3837399592,101890.53640391871,90056.38746743715,48056.76390545414,0.2757549233216245,65222.89524673151,0.13329431523962731,48.971809148111504,39328300.084734984,315711.4967943261,4127946.349956781,370333191288.3081,53278921540.19264,104.41419787696304,170782525.19979346,-408977693.81508505,0.0,0.0,763435376.8026406,-1.0,0.0,47.955111530924576,80.0,49.95,30.0,63.33758080611479,19.94666666666667,39.166666666666664
2032,A_baseline,util_current_drag,fcap_partial,3731270.3173681055,901951.375,45418.06329493124,28613.379875806688,28613.379875806688,23071.325861111374,21763.31736810552,54436.95521372222,10252990.471185982,3619332.207847062,2.8328403922017733,2479.8556586451004,2086.216353643018,1113241.981900984,936531.7776086628,104427.05071508723,90047.11855311839,48052.58478375882,0.27801662780523534,65012.52230940217,0.13334108209556098,45.973821451447485,154001329.4821337,317407.89072312374,4150126.800138584,381610862691.74536,54977937475.294815,105.11597157853504,331142720.2117284,-261131389.5465558,0.0,0.0,1038209663.7500118,-1.0,0.0,48.69434305226722,80.0,49.95,30.0,55.36684025402539,19.986666666666668,39.166666666666664
2033,A_baseline,util_current_drag,fcap_partial,3754047.0373189696,1040713.125,45418.06329493124,28613.379875806688,28613.379875806688,26436.617001754694,44540.03731896961,55796.09075782304,10316054.140590677,3641425.6261994005,2.8329712589400504,2561.764224574635,2102.5592025512915,1157397.417695543,949929.9616415448,107024.8632202244,90036.29671673288,48047.69312472251,0.2802282118509931,64805.58628611738,0.13339497192581354,45.37385409994597,176950080.6770665,319360.19003943127,4175653.22828138,393532511453.13635,56785980916.3426,105.92477069851334,526202875.3801596,-193255773.57701626,0.0,0.0,1189647765.0789611,-1.0,0.0,49.03372113211492,80.0,49.95,30.0,50.27437565270429,20.026666666666667,39.166666666666664
2034,A_baseline,util_current_drag,fcap_partial,3778155.5607499937,1179474.875,45418.06329493124,28613.379875806688,28613.379875806688,27754.978479532485,68648.56074999366,55796.09075782304,10382302.037732312,3664810.8939274936,2.8329707420744534,2646.1432563965504,2118.841954700154,1203143.9910558367,963391.5169302006,109686.41897352255,90024.75223728671,48042.46093565932,0.2824345840950928,64598.64878088486,0.1334516602578353,45.661137380358625,165961495.2012826,321411.0653772815,4202468.543691356,405934169093.78345,58673237885.20348,106.77574011703227,743003622.0500371,-150855207.9473848,0.0,0.0,1248974031.5789618,-1.0,0.0,49.24572396026308,80.0,49.95,30.0,46.974500837357795,20.066666666666666,39.166666666666664
2035,A_baseline,util_current_drag,fcap_partial,3802235.1539529003,1318236.625,45418.06329493124,28613.379875806688,28613.379875806688,27754.978479532485,92728.15395290032,55796.09075782304,10448471.070529338,3688168.099334313,2.8329704040374977,2733.3592371220425,2135.295867381993,1250738.3078452537,977074.7670658529,112413.95677958096,90013.04345207046,48037.14046896746,0.28466485995696583,64389.49304348654,0.13350835931278096,46.3863945455879,138220408.63126293,323459.499264967,4229251.936997135,418705967361.6307,60619559719.64393,107.6270526506889,972796838.1412145,-118945871.70557627,0.0,0.0,1248974031.5789618,-1.0,0.0,49.40527064147212,80.0,49.95,30.0,44.900474400755634,20.10666666666667,39.166666666666664
2036,A_baseline,util_current_drag,fcap_partial,3826285.8516439633,1456998.375,45418.06329493124,28613.379875806688,28613.379875806688,27754.978479532485,116778.85164396325,55796.09075782304,10514593.754830638,3711497.2760946443,2.8329789765855433,2823.509035912218,2151.922679134414,1300256.2737195054,990983.5345010024,115209.10321295795,90001.16729421711,48031.73053773783,0.28691930255967013,64178.09514460414,0.13356509569544878,47.19073590173592,107454351.75860104,325506.49831485486,4256016.569714501,431859883117.6764,62626960536.452774,108.47911635480511,1217437340.8704615,-82251488.83526325,0.0,0.0,1248974031.5789618,-1.0,0.0,49.588742555823686,80.0,49.95,30.0,43.53787854992256,20.14666666666667,39.166666666666664
2037,A_baseline,util_current_drag,fcap_partial,3850307.688497797,1595760.125,45418.06329493124,28613.379875806688,28613.379875806688,27754.978479532485,140800.68849779712,55796.09075782304,10580670.418869521,3734798.457842863,2.8329963553055237,2916.692881367626,2168.7241568106565,1351776.9634441636,1005121.716437585,118073.53184574319,89989.12620878668,48026.232445599606,0.28919816180176205,63964.4363270588,0.13362186851263114,48.04996211028393,74588949.28163974,327552.07268825773,4282762.574703208,445406982874.98236,64697285749.30911,109.33192628490175,1477787545.1757388,-39237802.65810458,0.0,0.0,1248974031.5789618,-1.0,0.0,49.80381098670948,80.0,49.95,30.0,42.62468606297142,20.186666666666667,39.166666666666664
2038,A_baseline,util_current_drag,fcap_partial,3874300.6991474065,1734521.875,45418.06329493124,28613.379875806688,28613.379875806688,27754.978479532485,164793.6991474065,55796.09075782304,10646701.394748956,3758071.678172984,2.833022439828751,3013.0144799753157,2185.7020959145134,1405382.7554136892,1019493.2863697954,121008.95762875302,89976.92258805771,48020.647468178206,0.2915016917288451,63748.497437083555,0.13367867689950377,48.94463563210256,40367687.07207706,329596.2326662838,4309490.086389353,459358646728.6489,66832435098.80142,110.18547767100321,1754755805.2272372,11484981.257158235,0.0,3273219.6582900966,1245700811.9206717,14.0,0.002620726752943029,50.05742490628579,80.0,49.95,30.0,42.01343066267141,20.226666666666667,39.166666666666664
2039,A_baseline,util_current_drag,fcap_partial,3898264.918184236,1873283.625,45418.06329493124,28613.379875806688,28613.379875806688,27754.978479532485,188757.91818423616,55796.09075782304,10712687.01848865,3781316.970638709,2.83305713371052,3112.5811388125117,2202.858320947124,1461159.4719838293,1034102.2956652204,124017.13791363366,89964.55877283706,48014.97685379238,0.29383015058310696,63530.25892147157,0.13373552001901803,49.859522821063315,5373252.094328192,331638.9886512938,4336199.24078441,473726577113.5268,69034364223.95284,111.03976591656796,2049298761.9509127,71185627.4759968,0.0,20287903.830659088,1228686127.7483027,14.0,0.01624365544655158,50.35592813737998,80.0,49.95,30.0,41.614767525598765,20.26666666666667,39.166666666666664
2040,A_baseline,util_current_drag,fcap_partial,3922200.380158222,2012045.375,45418.06329493124,28613.379875806688,28613.379875806688,27754.978479532485,212693.38015822181,55796.09075782304,10778627.630073812,3804534.368753475,2.8331003443150236,3215.503892663321,2220.1946857657076,1519196.5258736864,1048952.8751852282,127099.87350017643,89952.03705372561,48009.221824128006,0.29618380085462476,63309.70082453712,0.1337923970613156,50.782861861982944,0.0,333680.351168411,4362890.175504986,488522807804.416,71305086278.73079,111.89478659749047,2362423808.097157,170986540.66010088,0.0,48731164.088128746,1200242867.490833,14.0,0.03901695540180484,50.854932703300506,80.0,49.95,30.0,41.371407532887915,20.30666666666667,39.166666666666664
2041,A_baseline,util_current_drag,fcap_partial,3946107.1195778386,2150807.125,45418.06329493124,28613.379875806688,28613.379875806688,27754.978479532485,236600.11957783857,55796.09075782304,10844523.57350558,3827723.9059905033,2.833151982705329,3321.897635710791,2237.7130739543054,1579587.0729053277,1064049.2369456014,130259.00970946703,89939.35967234206,48003.38357488944,0.2985629093344468,63086.8027848904,0.13384930724316618,51.705647832397425,0.0,335720.3308670821,4389563.02979322,503759713165.44336,73646673594.82286,112.7505354611717,2695191676.695341,287412128.32805586,0.0,81912456.57349591,1167061575.005466,14.0,0.0655837947806982,51.43706064164028,80.0,49.95,30.0,41.24492455204918,20.346666666666668,39.166666666666664
2042,A_baseline,util_current_drag,fcap_partial,3969985.1709101517,2289568.875,45418.06329493124,28613.379875806688,28613.379875806688,27754.978479532485,260478.17091015168,55796.09075782304,10910375.196853139,3850885.615782847,2.833211963538202,3431.8812579727814,2255.415399206622,1642428.171360888,1079395.6758184258,133496.43748350345,89926.5288225055,47997.46327642913,0.3009677471694653,62861.54403202603,0.13390624980742574,52.6210155907815,0.0,337758.9385226908,4416217.944537886,519450017655.4977,76061259391.99931,113.60700842565873,3048719159.0256944,415908205.2997914,0.0,118533838.51044054,1130440193.0685213,14.0,0.0949049664071792,52.07954102649896,80.0,49.95,30.0,41.20858266639922,20.386666666666667,39.166666666666664
2043,A_baseline,util_current_drag,fcap_partial,3993834.5685808663,2428330.625,45418.06329493124,28613.379875806688,28613.379875806688,27754.978479532485,284327.5685808663,55796.09075782304,10976182.852307519,3874019.53152344,2.8332802049635477,3545.577786656482,2273.303605721063,1707820.9482497913,1094996.571276287,136814.09451193557,89913.54665137922,47991.462074356554,0.3033985899190898,62633.903382726465,0.133963224022516,53.5237413659228,0.0,339796.18503822305,4442855.062296167,535606805596.79425,78551039537.41861,114.4642015788511,3424181958.5451612,557343134.0234115,0.0,158842793.19667226,1090131238.3822896,14.0,0.1271786195553338,52.786715670117054,80.0,49.95,30.0,41.24320507638211,20.42666666666667,39.166666666666664
2044,A_baseline,util_current_drag,fcap_partial,4017655.346974376,2567092.375,45418.06329493124,28613.379875806688,28613.379875806688,27754.978479532485,308148.3469743761,55796.09075782304,11041946.89623713,3897125.686565145,2.833356628528268,3663.1145326130204,2291.379668608074,1775870.7727919428,1110856.3891798588,140213.96638659306,89900.41526057663,47985.38109012705,0.30585571761374003,62403.85923727974,0.1340202291819238,54.40985583724999,0.0,341832.0814459865,4469474.527316132,552243531213.8353,81118274355.27309,115.32211117777425,3822817687.5244703,712637273.5377254,0.0,203101622.95825174,1045872408.6207101,14.0,0.16261476846038922,53.56318636768863,80.0,49.95,30.0,41.334679187374746,20.46666666666667,39.166666666666664
2045,A_baseline,util_current_drag,fcap_partial,4041447.5404338134,2705854.125,45418.06329493124,28613.379875806688,28613.379875806688,27754.978479532485,331940.54043381335,55796.09075782304,11107667.689244997,3920204.114220799,2.8334411590843445,3784.6232420805018,2309.645594309913,1846687.4374366163,1126979.683610002,143698.08778448633,89887.13670723075,47979.22142161134,0.3083394148151727,62171.38957551179,0.13407726460371944,55.2763509660046,0.0,343866.6389093824,4496076.485559907,569374028950.23,83765290488.21046,116.18073364791832,4245929013.4904084,882765821.4995925,0.0,251588259.12738383,997385772.451578,14.0,0.20143594083323266,54.41382910749796,80.0,49.95,30.0,41.472388657218225,20.506666666666668,39.166666666666664
2026,A_baseline,util_current_drag,fcap_high,3705055.5916,69380.875,22709.03164746562,14306.689937903344,0.0,0.0,-4451.408400000073,0.0,10141419.983388092,3593903.923852,2.8218394810394285,2022.8608386219394,1973.522769387258,870073.9380946757,848852.622531391,90065.85729695886,90065.85729695886,48061.022960284165,0.262943960601669,66383.58406431176,0.13324592085275141,56.48489111436993,0.0,313953.93713773804,4104966.154294251,325516032798.2812,46763339629.979126,103.68811447888945,60881420.7664319,-392870726.76423985,0.0,0.0,0.0,-1.0,0.0,48.0356463661788,80.0,69.9,30.0,24.5828370284787,19.746666666666666,39.166666666666664
2027,A_baseline,util_current_drag,fcap_high,3700609.52489008,208142.625,45418.06329493124,28613.379875806688,2146.0034906855017,0.0,-8897.475109919906,2146.0034906855017,10138591.969245598,3589591.2391433776,2.824441919371599,2094.164752895718,1993.2561598055613,907501.2291789218,863772.7344951071,92317.98357652809,90066.32544051521,48061.233218176545,0.265571775029994,66147.25152284847,0.13324351178011645,57.91136618998981,0.0,313866.38863114116,4103821.4524322017,333561784026.1045,47915715790.13036,103.65197293846816,42240591.91855791,-415686297.5242988,0.0,0.0,0.0,-1.0,0.0,47.92156851237851,80.0,69.9,30.0,100.0,19.78666666666667,39.166666666666664
2028,A_baseline,util_current_drag,fcap_high,3696276.0936347465,346904.375,45418.06329493124,28613.379875806688,8584.013962742007,104.08116929824683,-13230.906365253497,10622.717278893233,10136067.72595789,3585387.810825704,2.8270491954463313,2167.980316394173,2013.1852446892394,946537.3575497335,878954.0326342181,94626.37187590243,90066.74301097199,48061.42073862483,0.26822578599659036,65908.52007470111,0.1332413616045283,59.29359894627873,0.0,313788.2441385782,4102799.7086055754,341816519895.175,49098324161.29195,103.61971566664221,22544118.878302723,-440184907.75400436,0.0,0.0,4683652.6184211075,-1.0,0.0,47.799075461229975,80.0,69.9,30.0,100.0,19.826666666666668,39.166666666666664
2029,A_baseline,util_current_drag,fcap_high,3694308.466336673,485666.125,45418.06329493124,28613.379875806688,17168.027925484013,2393.866893859677,-15198.533663326874,25322.84119008892,10139330.949589606,3583479.212346573,2.829465541380958,2243.9856417859296,2032.9402390973548,986980.7245135125,894155.823777946,96991.44979522344,90066.20314409687,48061.17829371846,0.270859456905697,65670.92027492862,0.13324414127356493,59.46082023246401,0.0,313889.265682762,4104120.5712248175,350473647835.8772,50346035544.8397,103.66141673854297,18488774.0556494,-460364422.4852356,0.0,0.0,107724010.22368547,-1.0,0.0,47.69817788757382,80.0,69.9,30.0,100.0,19.866666666666667,39.166666666666664
2030,A_baseline,util_current_drag,fcap_high,3698888.5108379484,624427.875,45418.06329493124,28613.379875806688,23606.038397540517,8742.818221052732,-10618.489162051585,39915.66492675033,10158511.37545159,3587921.85551281,2.8313078669322547,2321.439461361847,2051.8142213505967,1028343.9749118913,908906.2313632888,99412.72331560294,90063.02078907013,48059.74840503915,0.27338379770618587,65441.250132862966,0.1332604835181648,55.69610357802627,0.0,314483.0454715108,4111884.2768121385,359908501151.422,51726740073.55753,103.90659317744742,62245346.254176125,-464920305.3519416,0.0,0.0,393426819.9473729,-1.0,0.0,47.67539847324029,80.0,69.9,30.0,72.3897013283825,19.906666666666666,39.166666666666664
2031,A_baseline,util_current_drag,fcap_high,3711939.77307403,763189.625,45418.06329493124,28613.379875806688,27182.710882016352,16965.230595614234,2432.773074029945,49608.44735967984,10198193.122740377,3600581.5798818087,2.8323738530804623,2399.9364566327777,2069.457685058803,1070349.9226010558,922959.3837399592,101890.53640391871,90056.38746743715,48056.76390545414,0.2757549233216245,65222.89524673151,0.13329431523962731,48.971809148111504,39328300.084734984,315711.4967943261,4127946.349956781,370333191288.3081,53278921540.19264,104.41419787696304,170782525.19979346,-408977693.81508505,0.0,0.0,763435376.8026406,-1.0,0.0,47.955111530924576,80.0,69.9,30.0,58.35008080611479,19.94666666666667,39.166666666666664
2032,A_baseline,util_current_drag,fcap_high,3731270.3173681055,901951.375,45418.06329493124,28613.379875806688,28613.379875806688,23071.325861111374,21763.31736810552,54436.95521372222,10252990.471185982,3619332.207847062,2.8328403922017733,2479.8556586451004,2086.216353643018,1113241.981900984,936531.7776086628,104427.05071508723,90047.11855311839,48052.58478375882,0.27801662780523534,65012.52230940217,0.13334108209556098,45.973821451447485,154001329.4821337,317407.89072312374,4150126.800138584,381610862691.74536,54977937475.294815,105.11597157853504,331142720.2117284,-261131389.5465558,0.0,0.0,1038209663.7500118,-1.0,0.0,48.69434305226722,80.0,69.9,30.0,50.379340254025394,19.986666666666668,39.166666666666664
2033,A_baseline,util_current_drag,fcap_high,3754047.0373189696,1040713.125,45418.06329493124,28613.379875806688,28613.379875806688,26436.617001754694,44540.03731896961,55796.09075782304,10316054.140590677,3641425.6261994005,2.8329712589400504,2561.764224574635,2102.5592025512915,1157397.417695543,949929.9616415448,107024.8632202244,90036.29671673288,48047.69312472251,0.2802282118509931,64805.58628611738,0.13339497192581354,45.37385409994597,176950080.6770665,319360.19003943127,4175653.22828138,393532511453.13635,56785980916.3426,105.92477069851334,526202875.3801596,-193255773.57701626,0.0,0.0,1189647765.0789611,-1.0,0.0,49.03372113211492,80.0,69.9,30.0,45.286875652704296,20.026666666666667,39.166666666666664
2034,A_baseline,util_current_drag,fcap_high,3778155.5607499937,1179474.875,45418.06329493124,28613.379875806688,28613.379875806688,27754.978479532485,68648.56074999366,55796.09075782304,10382302.037732312,3664810.8939274936,2.8329707420744534,2646.1432563965504,2118.841954700154,1203143.9910558367,963391.5169302006,109686.41897352255,90024.75223728671,48042.46093565932,0.2824345840950928,64598.64878088486,0.1334516602578353,45.661137380358625,165961495.2012826,321411.0653772815,4202468.543691356,405934169093.78345,58673237885.20348,106.77574011703227,743003622.0500371,-150855207.9473848,0.0,0.0,1248974031.5789618,-1.0,0.0,49.24572396026308,80.0,69.9,30.0,41.9870008373578,20.066666666666666,39.166666666666664
2035,A_baseline,util_current_drag,fcap_high,3802235.1539529003,1318236.625,45418.06329493124,28613.379875806688,28613.379875806688,27754.978479532485,92728.15395290032,55796.09075782304,10448471.070529338,3688168.099334313,2.8329704040374977,2733.3592371220425,2135.295867381993,1250738.3078452537,977074.7670658529,112413.95677958096,90013.04345207046,48037.14046896746,0.28466485995696583,64389.49304348654,0.13350835931278096,46.3863945455879,138220408.63126293,323459.499264967,4229251.936997135,418705967361.6307,60619559719.64393,107.6270526506889,972796838.1412145,-118945871.70557627,0.0,0.0,1248974031.5789618,-1.0,0.0,49.40527064147212,80.0,69.9,30.0,39.91297440075563,20.10666666666667,39.166666666666664
2036,A_baseline,util_current_drag,fcap_high,3826285.8516439633,1456998.375,45418.06329493124,28613.379875806688,28613.379875806688,27754.978479532485,116778.85164396325,55796.09075782304,10514593.754830638,3711497.2760946443,2.8329789765855433,2823.509035912218,2151.922679134414,1300256.2737195054,990983.5345010024,115209.10321295795,90001.16729421711,48031.73053773783,0.28691930255967013,64178.09514460414,0.13356509569544878,47.19073590173592,107454351.75860104,325506.49831485486,4256016.569714501,431859883117.6764,62626960536.452774,108.47911635480511,1217437340.8704615,-82251488.83526325,0.0,0.0,1248974031.5789618,-1.0,0.0,49.588742555823686,80.0,69.9,30.0,38.550378549922556,20.14666666666667,39.166666666666664
2037,A_baseline,util_current_drag,fcap_high,3850307.688497797,1595760.125,45418.06329493124,28613.379875806688,28613.379875806688,27754.978479532485,140800.68849779712,55796.09075782304,10580670.418869521,3734798.457842863,2.8329963553055237,2916.692881367626,2168.7241568106565,1351776.9634441636,1005121.716437585,118073.53184574319,89989.12620878668,48026.232445599606,0.28919816180176205,63964.4363270588,0.13362186851263114,48.04996211028393,74588949.28163974,327552.07268825773,4282762.574703208,445406982874.98236,64697285749.30911,109.33192628490175,1477787545.1757388,-39237802.65810458,0.0,0.0,1248974031.5789618,-1.0,0.0,49.80381098670948,80.0,69.9,30.0,37.63718606297142,20.186666666666667,39.166666666666664
2038,A_baseline,util_current_drag,fcap_high,3874300.6991474065,1734521.875,45418.06329493124,28613.379875806688,28613.379875806688,27754.978479532485,164793.6991474065,55796.09075782304,10646701.394748956,3758071.678172984,2.833022439828751,3013.0144799753157,2185.7020959145134,1405382.7554136892,1019493.2863697954,121008.95762875302,89976.92258805771,48020.647468178206,0.2915016917288451,63748.497437083555,0.13367867689950377,48.94463563210256,40367687.07207706,329596.2326662838,4309490.086389353,459358646728.6489,66832435098.80142,110.18547767100321,1754755805.2272372,11484981.257158235,0.0,6546439.316580193,1242427592.2623816,14.0,0.005241453505886058,50.05742490628579,80.0,69.9,30.0,37.025930662671406,20.226666666666667,39.166666666666664
2039,A_baseline,util_current_drag,fcap_high,3898264.918184236,1873283.625,45418.06329493124,28613.379875806688,28613.379875806688,27754.978479532485,188757.91818423616,55796.09075782304,10712687.01848865,3781316.970638709,2.83305713371052,3112.5811388125117,2202.858320947124,1461159.4719838293,1034102.2956652204,124017.13791363366,89964.55877283706,48014.97685379238,0.29383015058310696,63530.25892147157,0.13373552001901803,49.859522821063315,5373252.094328192,331638.9886512938,4336199.24078441,473726577113.5268,69034364223.95284,111.03976591656796,2049298761.9509127,71185627.4759968,0.0,40575807.661318175,1208398223.9176438,14.0,0.03248731089310316,50.35592813737998,80.0,69.9,30.0,36.62726752559877,20.26666666666667,39.166666666666664
2040,A_baseline,util_current_drag,fcap_high,3922200.380158222,2012045.375,45418.06329493124,28613.379875806688,28613.379875806688,27754.978479532485,212693.38015822181,55796.09075782304,10778627.630073812,3804534.368753475,2.8331003443150236,3215.503892663321,2220.1946857657076,1519196.5258736864,1048952.8751852282,127099.87350017643,89952.03705372561,48009.221824128006,0.29618380085462476,63309.70082453712,0.1337923970613156,50.782861861982944,0.0,333680.351168411,4362890.175504986,488522807804.416,71305086278.73079,111.89478659749047,2362423808.097157,170986540.66010088,0.0,97462328.17625749,1151511703.4027042,14.0,0.07803391080360968,50.854932703300506,80.0,69.9,30.0,36.38390753288792,20.30666666666667,39.166666666666664
2041,A_baseline,util_current_drag,fcap_high,3946107.1195778386,2150807.125,45418.06329493124,28613.379875806688,28613.379875806688,27754.978479532485,236600.11957783857,55796.09075782304,10844523.57350558,3827723.9059905033,2.833151982705329,3321.897635710791,2237.7130739543054,1579587.0729053277,1064049.2369456014,130259.00970946703,89939.35967234206,48003.38357488944,0.2985629093344468,63086.8027848904,0.13384930724316618,51.705647832397425,0.0,335720.3308670821,4389563.02979322,503759713165.44336,73646673594.82286,112.7505354611717,2695191676.695341,287412128.32805586,0.0,163824913.14699182,1085149118.4319701,14.0,0.1311675895613964,51.43706064164028,80.0,69.9,30.0,36.25742455204918,20.346666666666668,39.166666666666664
2042,A_baseline,util_current_drag,fcap_high,3969985.1709101517,2289568.875,45418.06329493124,28613.379875806688,28613.379875806688,27754.978479532485,260478.17091015168,55796.09075782304,10910375.196853139,3850885.615782847,2.833211963538202,3431.8812579727814,2255.415399206622,1642428.171360888,1079395.6758184258,133496.43748350345,89926.5288225055,47997.46327642913,0.3009677471694653,62861.54403202603,0.13390624980742574,52.6210155907815,0.0,337758.9385226908,4416217.944537886,519450017655.4977,76061259391.99931,113.60700842565873,3048719159.0256944,415908205.2997914,0.0,237067677.0208811,1011906354.5580808,14.0,0.1898099328143584,52.07954102649896,80.0,69.9,30.0,36.22108266639922,20.386666666666667,39.166666666666664
2043,A_baseline,util_current_drag,fcap_high,3993834.5685808663,2428330.625,45418.06329493124,28613.379875806688,28613.379875806688,27754.978479532485,284327.5685808663,55796.09075782304,10976182.852307519,3874019.53152344,2.8332802049635477,3545.577786656482,2273.303605721063,1707820.9482497913,1094996.571276287,136814.09451193557,89913.54665137922,47991.462074356554,0.3033985899190898,62633.903382726465,0.133963224022516,53.5237413659228,0.0,339796.18503822305,4442855.062296167,535606805596.79425,78551039537.41861,114.4642015788511,3424181958.5451612,557343134.0234115,0.0,317685586.3933445,931288445.1856173,14.0,0.2543572391106676,52.786715670117054,80.0,69.9,30.0,36.255705076382114,20.42666666666667,39.166666666666664
2044,A_baseline,util_current_drag,fcap_high,4017655.346974376,2567092.375,45418.06329493124,28613.379875806688,28613.379875806688,27754.978479532485,308148.3469743761,55796.09075782304,11041946.89623713,3897125.686565145,2.833356628528268,3663.1145326130204,2291.379668608074,1775870.7727919428,1110856.3891798588,140213.96638659306,89900.41526057663,47985.38109012705,0.30585571761374003,62403.85923727974,0.1340202291819238,54.40985583724999,0.0,341832.0814459865,4469474.527316132,552243531213.8353,81118274355.27309,115.32211117777425,3822817687.5244703,712637273.5377254,0.0,406203245.9165035,842770785.6624584,14.0,0.32522953692077844,53.56318636768863,80.0,69.9,30.0,36.34717918737475,20.46666666666667,39.166666666666664
2045,A_baseline,util_current_drag,fcap_high,4041447.5404338134,2705854.125,45418.06329493124,28613.379875806688,28613.379875806688,27754.978479532485,331940.54043381335,55796.09075782304,11107667.689244997,3920204.114220799,2.8334411590843445,3784.6232420805018,2309.645594309913,1846687.4374366163,1126979.683610002,143698.08778448633,89887.13670723075,47979.22142161134,0.3083394148151727,62171.38957551179,0.13407726460371944,55.2763509660046,0.0,343866.6389093824,4496076.485559907,569374028950.23,83765290488.21046,116.18073364791832,4245929013.4904084,882765821.4995925,0.0,503176518.25476766,745797513.3241942,14.0,0.4028718816664653,54.41382910749796,80.0,69.9,30.0,36.48488865721822,20.506666666666668,39.166666666666664
2026,A_baseline,util_severe_bottleneck,fcap_none,3705055.5916,69380.875,22709.03164746562,14306.689937903344,0.0,0.0,-4451.408400000073,0.0,10141419.983388092,3593903.923852,2.8218394810394285,2022.8608386219394,1973.522769387258,870073.9380946757,848852.622531391,90065.85729695886,90065.85729695886,48061.022960284165,0.262943960601669,66383.58406431176,0.13324592085275141,56.48489111436993,0.0,313953.93713773804,4104966.154294251,325516032798.2812,46763339629.979126,103.68811447888945,60881420.7664319,-392870726.76423985,0.0,0.0,0.0,-1.0,0.0,48.0356463661788,80.0,30.0,0.0,39.0578370284787,19.746666666666666,49.58333333333333
2027,A_baseline,util_severe_bottleneck,fcap_none,3700609.52489008,208142.625,45418.06329493124,28613.379875806688,2146.0034906855017,0.0,-8897.475109919906,2146.0034906855017,10138591.969245598,3589591.2391433776,2.824441919371599,2094.164752895718,1993.2561598055613,907501.2291789218,863772.7344951071,92317.98357652809,90066.32544051521,48061.233218176545,0.265571775029994,66147.25152284847,0.13324351178011645,57.91136618998981,0.0,313866.38863114116,4103821.4524322017,333561784026.1045,47915715790.13036,103.65197293846816,42240591.91855791,-415686297.5242988,0.0,0.0,0.0,-1.0,0.0,47.92156851237851,80.0,30.0,0.0,100.0,19.78666666666667,49.58333333333333
2028,A_baseline,util_severe_bottleneck,fcap_none,3696276.0936347465,346904.375,45418.06329493124,28613.379875806688,8584.013962742007,104.08116929824683,-13230.906365253497,10622.717278893233,10136067.72595789,3585387.810825704,2.8270491954463313,2167.980316394173,2013.1852446892394,946537.3575497335,878954.0326342181,94626.37187590243,90066.74301097199,48061.42073862483,0.26822578599659036,65908.52007470111,0.1332413616045283,59.29359894627873,0.0,313788.2441385782,4102799.7086055754,341816519895.175,49098324161.29195,103.61971566664221,22544118.878302723,-440184907.75400436,0.0,0.0,4683652.6184211075,-1.0,0.0,47.799075461229975,80.0,30.0,0.0,100.0,19.826666666666668,49.58333333333333
2029,A_baseline,util_severe_bottleneck,fcap_none,3692520.130094435,485666.125,45418.06329493124,28613.379875806688,17168.027925484013,659.1807388888966,-16986.869905564934,27111.17743232684,10134976.88734063,3581744.526191602,2.8296202627597644,2244.311371682629,2033.2353343073005,987195.6328376295,894350.5201127527,96992.22540827694,90066.92337792146,48061.50173004803,0.27089660772923224,65668.09936623386,0.13324043245433662,60.44374148935059,0.0,313754.474402266,4102358.167321319,350324588145.3851,50319012311.51913,103.605776475699,5135485.572365776,-465255376.5412822,0.0,0.0,29663133.250000346,-1.0,0.0,47.67372311729359,80.0,30.0,0.0,100.0,19.866666666666667,49.58333333333333
2030,A_baseline,util_severe_bottleneck,fcap_none,3691737.3118724874,624427.875,45418.06329493124,28613.379875806688,23606.038397540517,3538.759756140392,-17769.688127512578,47069.009895702,10141141.735230587,3580985.1925163125,2.8319418232792346,2322.788125873184,2053.0062442614885,1029240.2458206568,909698.4042488609,99415.90514853959,90065.90337267073,48061.0436555583,0.27353386807435653,65429.82844153287,0.13324568381757226,60.11517060289043,0.0,313945.32324494066,4104853.5271403682,359299029438.87836,51616206807.88415,103.68455840292718,8458505.498546712,-484201240.56675905,0.0,0.0,159244189.02631763,-1.0,0.0,47.578993797166206,80.0,30.0,0.0,95.28294126625433,19.906666666666666,49.58333333333333
2031,A_baseline,util_severe_bottleneck,fcap_none,3695707.2270982405,763189.625,45418.06329493124,28613.379875806688,27182.710882016352,8148.0,-13799.772901759483,65851.72077771835,10158838.911328048,3584836.010285293,2.8338364383143912,2403.0997155160594,2072.1853532800783,1072466.7969765994,924784.7578796224,101897.97976013504,90062.96630974316,48059.72391545631,0.27609821504036863,65196.74207038222,0.1332607626474196,57.59748860265581,0.0,314493.18519337766,4112016.854270657,368917993178.8855,53022045452.490524,103.91078095567728,47067821.30071762,-492111484.534398,0.0,0.0,366660000.0,-1.0,0.0,47.53944257732801,80.0,30.0,0.0,83.46064269292796,19.94666666666667,49.58333333333333
2032,A_baseline,util_severe_bottleneck,fcap_none,3699672.3784257225,901951.375,45418.06329493124,28613.379875806688,28613.379875806688,8148.0,-9834.621574277524,86065.10065352505,10176441.495104631,3588682.207072951,2.835704280264169,2486.209015762417,2091.561212111886,1117522.8875447896,940133.154701469,104442.02609176366,90060.03177349306,48058.404237486684,0.27868893726872773,64961.297228150426,0.1332757666855039,58.63731425296341,0.0,315038.1187913855,4119141.8930472163,378789800450.5805,54465334605.561356,104.1358920928288,84183022.72974585,-503232411.7568395,0.0,0.0,366660000.0,-1.0,0.0,47.4838379412158,80.0,30.0,0.0,78.82208392009346,19.986666666666668,49.58333333333333
2033,A_baseline,util_severe_bottleneck,fcap_none,3703632.7715716115,1040713.125,45418.06329493124,28613.379875806688,28613.379875806688,8148.0,-5874.22842838848,106278.48052933172,10194060.086162254,3592523.788424463,2.8375762239929276,2572.2144005607997,2111.1361486563296,1164486.672612643,955748.4433043746,107049.56974637862,90057.0814582661,48057.07640026321,0.2813064044898676,64723.44767439014,0.13329079014446232,59.67967192612601,0.0,315583.54793626076,4126273.411128151,388925172115.6824,55947811451.475685,104.36130543930933,123553390.62381783,-514075993.867854,0.0,0.0,366660000.0,-1.0,0.0,47.42962003066073,80.0,30.0,0.0,76.4795628511855,20.026666666666667,49.58333333333333
2034,A_baseline,util_severe_bottleneck,fcap_none,3707588.4122457257,1179474.875,45418.06329493124,28613.379875806688,28613.379875806688,8148.0,-1918.5877542742528,126491.8604051384,10211695.024865236,3596360.7598783537,2.83945235383189,2661.217743625837,2130.912524163766,1213439.6833843892,971635.5697817188,109722.19503254535,90054.11531504687,48055.74038239846,0.2839509355070264,64483.16502508168,0.13330583330947204,60.720834891811755,0.0,316129.48316486314,4133411.5462835217,399331143163.72424,57470539840.42777,104.58702549181439,165313690.61167395,-524579245.0304898,0.0,0.0,366660000.0,-1.0,0.0,47.37710377484755,80.0,30.0,0.0,75.09620709200465,20.066666666666666,49.58333333333333
2035,A_baseline,util_severe_bottleneck,fcap_none,3711539.306151031,1318236.625,45418.06329493124,28613.379875806688,28613.379875806688,8148.0,2032.3061510310508,146705.2402809451,10229346.656238323,3600193.1269665,2.8413327550729215,2753.3245447928257,2150.892733824371,1264466.9749964252,987799.5799021726,112461.52577145564,90051.13329300527,48054.39616160466,0.28662285372811963,64240.42048711282,0.13332089647014186,61.757144239379414,0.0,316675.9351583278,4140556.438169795,410014936776.08075,59034612585.441246,104.81305681419138,209606137.3360776,-534674141.87621796,0.0,0.0,366660000.0,-1.0,0.0,47.32662929061891,80.0,30.0,0.0,74.20435274512289,20.10666666666667,49.58333333333333
2036,A_baseline,util_severe_bottleneck,fcap_none,3715485.45898365,1456998.375,45418.06329493124,28613.379875806688,28613.379875806688,8148.0,5978.458983649965,166918.62015675177,10247015.330049286,3604020.8952141404,2.8432175139873705,2848.644061019404,2171.079207369604,1317657.280910125,1004245.6213358609,115269.22628175911,90048.13533947142,48053.043714681604,0.2893224872477207,63995.184851036174,0.13333597992058735,62.78505898021927,0.0,317222.9147446224,4147708.228363286,420983969388.2937,60641152256.28701,105.03940403862063,256580789.2788641,-544287306.94247,0.0,0.0,366660000.0,-1.0,0.0,47.27856346528765,80.0,30.0,0.0,73.59788888955694,20.14666666666667,49.58333333333333
2037,A_baseline,util_severe_bottleneck,fcap_none,3719426.8764328696,1595760.125,45418.06329493124,28613.379875806688,28613.379875806688,8148.0,9919.876432869583,187132.00003255846,10264701.400893299,3607844.0701398836,2.845106717845296,2947.289442209232,2191.4744096865797,1373103.1741805358,1020978.945936331,118147.00238891707,90045.12139990996,48051.6830175041,0.29205016893080954,63747.428483671,0.13335108395950762,63.80120193458169,0.0,317770.43290115974,4154867.0603943076,432245855889.99225,62291311995.437996,105.26607186682126,306395964.0493278,-553339674.1600894,0.0,0.0,366660000.0,-1.0,0.0,47.23330162919955,80.0,30.0,0.0,73.17183793645947,20.186666666666667,49.58333333333333
2038,A_baseline,util_severe_bottleneck,fcap_none,3723363.56418115,1734521.875,45418.06329493124,28613.379875806688,28613.379875806688,8148.0,13856.564181149937,207345.37990836514,10282405.228279108,3611662.657255715,2.847000454935093,3049.3778720393666,2212.0808414456696,1430901.235913243,1038004.9120798998,121096.60245968844,90042.09141789353,48050.31404500914,0.29480623649833293,63497.1213205455,0.13336620889026346,64.80240041841196,0.0,318318.5007574645,4162033.079782052,443808414966.2073,63986276356.68549,105.49306507128381,359218675.18667376,-561746135.4212345,0.0,0.0,366660000.0,-1.0,0.0,47.19126932289383,80.0,30.0,0.0,72.86710450397209,20.226666666666667,49.58333333333333
2039,A_baseline,util_severe_bottleneck,fcap_none,3727295.5279041324,1873283.625,45418.06329493124,28613.379875806688,28613.379875806688,8148.0,17788.52790413238,227558.75978417182,10300127.17671708,3615476.662067008,2.8488988145835195,3155.0307139800793,2232.9010397416682,1491152.2312362073,1055328.9870640095,124119.81846237318,90039.04533507604,48048.93677118272,0.2975910326146218,63244.232858176016,0.133381355020958,65.78572095858387,0.0,318867.12959789974,4169206.434070227,455679674583.99786,65727262167.059784,105.72038849652951,415225091.581262,-569415167.2071493,0.0,0.0,366660000.0,-1.0,0.0,47.15292416396425,80.0,30.0,0.0,72.647878145168,20.26666666666667,49.58333333333333
2040,A_baseline,util_severe_bottleneck,fcap_none,3731222.7732706475,2012045.375,45418.06329493124,28613.379875806688,28613.379875806688,8148.0,21715.773270647507,247772.13965997854,10317867.61580912,3619286.090072528,2.850801887176141,3264.3736627031676,2253.9375787488634,1553961.2931285906,1072956.7495662633,127218.48705345203,90035.98309116448,48047.551169046325,0.30040490497671474,62988.732146178125,0.13339652266451826,66.74849749671505,0.0,319416.33086445037,4176387.2728634565,467867877628.41364,67515519412.71675,105.94804706039739,474601020.6761203,-576248436.201028,0.0,0.0,366660000.0,-1.0,0.0,47.11875781899486,80.0,30.0,0.0,72.49119370107714,20.30666666666667,49.58333333333333
2041,A_baseline,util_severe_bottleneck,fcap_none,3735145.3059427226,2150807.125,45418.06329493124,28613.379875806688,28613.379875806688,8148.0,25638.305942722596,267985.5195357852,10335626.92034057,3623090.9467644407,2.852709764178203,3377.5369010824797,2275.193070390379,1619438.1144645223,1090893.8921658774,130394.49069128049,90032.90462389098,48046.15721064319,0.3032482064056351,62730.58777920643,0.1334117121387792,67.68835278097397,0.0,319966.1161595678,4183575.747864474,480381487691.93207,69352332149.47139,106.17604575535941,537542416.6699643,-582140382.7545853,0.0,0.0,366660000.0,-1.0,0.0,47.089298086227075,80.0,30.0,0.0,72.38164612393429,20.346666666666668,49.58333333333333
2042,A_baseline,util_severe_bottleneck,fcap_none,3739063.1315755914,2289568.875,45418.06329493124,28613.379875806688,28613.379875806688,8148.0,29556.131575591397,288198.8994115919,10353405.470374094,3626891.2376283235,2.8546225381559376,3494.655262998252,2296.6701650221366,1687697.1486464716,1109146.223929333,133649.75877750744,90029.80986898328,48044.754867024,0.30612129493967216,62469.767888717644,0.133426923766569,68.603212880421,0.0,320516.4972490767,4190772.0129121286,493229195021.6296,71239019438.67981,106.40438964986517,604255915.0057981,-586977781.0168976,0.0,0.0,366660000.0,-1.0,0.0,47.065111094915515,80.0,30.0,0.0,72.30851639435764,20.386666666666667,49.58333333333333
2043,A_baseline,util_severe_bottleneck,fcap_none,3742976.2558177006,2428330.625,45418.06329493124,28613.379875806688,28613.379875806688,8148.0,33469.25581770064,308412.27928739856,10371203.65134562,3630686.9681431693,2.8565403027983245,3615.8684021651598,2318.371552131827,1758857.819220386,1127719.6730620707,136986.26882690928,90026.69876013514,48043.3441082324,0.30902453392971846,62206.24013455322,0.13344215787579705,69.49131497685528,0.0,321067.4860651453,4197976.224020218,506419922628.46844,73176936309.19066,106.63308388971589,674959394.4951966,-590639274.4712181,0.0,0.0,366660000.0,-1.0,0.0,47.04680362764391,80.0,30.0,0.0,72.26411594620129,20.42666666666667,49.58333333333333
2044,A_baseline,util_severe_bottleneck,fcap_none,3746884.6843107194,2567092.375,45418.06329493124,28613.379875806688,28613.379875806688,8148.0,37377.68431071937,328625.6591632053,10389021.854162373,3634478.1437813975,2.858463152939307,3741.3209672125404,2340.2999610532675,1833044.7388831133,1146620.2896281322,140406.04766634403,90023.57122897555,48041.924903290026,0.31195829213671594,61939.97169633634,0.13345741479954312,70.35120878562252,0.0,321619.09470931947,4205188.539417166,519962832563.1972,75167474746.10985,106.86213369946921,749882568.4980001,-592994885.55906,0.0,0.0,366660000.0,-1.0,0.0,47.0350255722047,80.0,30.0,0.0,72.24278667206154,20.46666666666667,49.58333333333333
2045,A_baseline,util_severe_bottleneck,fcap_none,3750788.4226895464,2705854.125,45418.06329493124,28613.379875806688,28613.379875806688,8148.0,41281.422689546365,348839.0390390119,10406860.475303087,3638264.7700088597,2.8603911845804846,3871.1627832541935,2362.4581616965525,1910387.938311855,1165854.2483397138,143911.17266355024,90020.42720503741,48040.49722018129,0.3149229438312667,61670.92926467878,0.13347269487614907,71.18175212232785,0.0,322171.33545562613,4212409.119586596,533867332363.5104,77212064707.143,107.09154438387552,829267606.6502297,-593905498.0010712,0.0,0.0,366660000.0,-1.0,0.0,47.030472509994645,80.0,30.0,0.0,72.24027239462976,20.506666666666668,49.58333333333333
2026,A_baseline,util_severe_bottleneck,fcap_partial,3705055.5916,69380.875,22709.03164746562,14306.689937903344,0.0,0.0,-4451.408400000073,0.0,10141419.983388092,3593903.923852,2.8218394810394285,2022.8608386219394,1973.522769387258,870073.9380946757,848852.622531391,90065.85729695886,90065.85729695886,48061.022960284165,0.262943960601669,66383.58406431176,0.13324592085275141,56.48489111436993,0.0,313953.93713773804,4104966.154294251,325516032798.2812,46763339629.979126,103.68811447888945,60881420.7664319,-392870726.76423985,0.0,0.0,0.0,-1.0,0.0,48.0356463661788,80.0,49.95,0.0,34.070337028478704,19.746666666666666,49.58333333333333
2027,A_baseline,util_severe_bottleneck,fcap_partial,3700609.52489008,208142.625,45418.06329493124,28613.379875806688,2146.0034906855017,0.0,-8897.475109919906,2146.0034906855017,10138591.969245598,3589591.2391433776,2.824441919371599,2094.164752895718,1993.2561598055613,907501.2291789218,863772.7344951071,92317.98357652809,90066.32544051521,48061.233218176545,0.265571775029994,66147.25152284847,0.13324351178011645,57.91136618998981,0.0,313866.38863114116,4103821.4524322017,333561784026.1045,47915715790.13036,103.65197293846816,42240591.91855791,-415686297.5242988,0.0,0.0,0.0,-1.0,0.0,47.92156851237851,80.0,49.95,0.0,100.0,19.78666666666667,49.58333333333333
2028,A_baseline,util_severe_bottleneck,fcap_partial,3696276.0936347465,346904.375,45418.06329493124,28613.379875806688,8584.013962742007,104.08116929824683,-13230.906365253497,10622.717278893233,10136067.72595789,3585387.810825704,2.8270491954463313,2167.980316394173,2013.1852446892394,946537.3575497335,878954.0326342181,94626.37187590243,90066.74301097199,48061.42073862483,0.26822578599659036,65908.52007470111,0.1332413616045283,59.29359894627873,0.0,313788.2441385782,4102799.7086055754,341816519895.175,49098324161.29195,103.61971566664221,22544118.878302723,-440184907.75400436,0.0,0.0,4683652.6184211075,-1.0,0.0,47.799075461229975,80.0,49.95,0.0,100.0,19.826666666666668,49.58333333333333
2029,A_baseline,util_severe_bottleneck,fcap_partial,3692520.130094435,485666.125,45418.06329493124,28613.379875806688,17168.027925484013,659.1807388888966,-16986.869905564934,27111.17743232684,10134976.88734063,3581744.526191602,2.8296202627597644,2244.311371682629,2033.2353343073005,987195.6328376295,894350.5201127527,96992.22540827694,90066.92337792146,48061.50173004803,0.27089660772923224,65668.09936623386,0.13324043245433662,60.44374148935059,0.0,313754.474402266,4102358.167321319,350324588145.3851,50319012311.51913,103.605776475699,5135485.572365776,-465255376.5412822,0.0,0.0,29663133.250000346,-1.0,0.0,47.67372311729359,80.0,49.95,0.0,100.0,19.866666666666667,49.58333333333333
2030,A_baseline,util_severe_bottleneck,fcap_partial,3691737.3118724874,624427.875,45418.06329493124,28613.379875806688,23606.038397540517,3538.759756140392,-17769.688127512578,47069.009895702,10141141.735230587,3580985.1925163125,2.8319418232792346,2322.788125873184,2053.0062442614885,1029240.2458206568,909698.4042488609,99415.90514853959,90065.90337267073,48061.0436555583,0.27353386807435653,65429.82844153287,0.13324568381757226,60.11517060289043,0.0,313945.32324494066,4104853.5271403682,359299029438.87836,51616206807.88415,103.68455840292718,8458505.498546712,-484201240.56675905,0.0,0.0,159244189.02631763,-1.0,0.0,47.578993797166206,80.0,49.95,0.0,90.29544126625433,19.906666666666666,49.58333333333333
2031,A_baseline,util_severe_bottleneck,fcap_partial,3695707.2270982405,763189.625,45418.06329493124,28613.379875806688,27182.710882016352,8148.0,-13799.772901759483,65851.72077771835,10158838.911328048,3584836.010285293,2.8338364383143912,2403.0997155160594,2072.1853532800783,1072466.7969765994,924784.7578796224,101897.97976013504,90062.96630974316,48059.72391545631,0.27609821504036863,65196.74207038222,0.1332607626474196,57.59748860265581,0.0,314493.18519337766,4112016.854270657,368917993178.8855,53022045452.490524,103.91078095567728,47067821.30071762,-492111484.534398,0.0,0.0,366660000.0,-1.0,0.0,47.53944257732801,80.0,49.95,0.0,78.47314269292796,19.94666666666667,49.58333333333333
2032,A_baseline,util_severe_bottleneck,fcap_partial,3699672.3784257225,901951.375,45418.06329493124,28613.379875806688,28613.379875806688,8148.0,-9834.621574277524,86065.10065352505,10176441.495104631,3588682.207072951,2.835704280264169,2486.209015762417,2091.561212111886,1117522.8875447896,940133.154701469,104442.02609176366,90060.03177349306,48058.404237486684,0.27868893726872773,64961.297228150426,0.1332757666855039,58.63731425296341,0.0,315038.1187913855,4119141.8930472163,378789800450.5805,54465334605.561356,104.1358920928288,84183022.72974585,-503232411.7568395,0.0,0.0,366660000.0,-1.0,0.0,47.4838379412158,80.0,49.95,0.0,73.83458392009345,19.986666666666668,49.58333333333333
2033,A_baseline,util_severe_bottleneck,fcap_partial,3703632.7715716115,1040713.125,45418.06329493124,28613.379875806688,28613.379875806688,8148.0,-5874.22842838848,106278.48052933172,10194060.086162254,3592523.788424463,2.8375762239929276,2572.2144005607997,2111.1361486563296,1164486.672612643,955748.4433043746,107049.56974637862,90057.0814582661,48057.07640026321,0.2813064044898676,64723.44767439014,0.13329079014446232,59.67967192612601,0.0,315583.54793626076,4126273.411128151,388925172115.6824,55947811451.475685,104.36130543930933,123553390.62381783,-514075993.867854,0.0,0.0,366660000.0,-1.0,0.0,47.42962003066073,80.0,49.95,0.0,71.49206285118552,20.026666666666667,49.58333333333333
2034,A_baseline,util_severe_bottleneck,fcap_partial,3707588.4122457257,1179474.875,45418.06329493124,28613.379875806688,28613.379875806688,8148.0,-1918.5877542742528,126491.8604051384,10211695.024865236,3596360.7598783537,2.83945235383189,2661.217743625837,2130.912524163766,1213439.6833843892,971635.5697817188,109722.19503254535,90054.11531504687,48055.74038239846,0.2839509355070264,64483.16502508168,0.13330583330947204,60.720834891811755,0.0,316129.48316486314,4133411.5462835217,399331143163.72424,57470539840.42777,104.58702549181439,165313690.61167395,-524579245.0304898,0.0,0.0,366660000.0,-1.0,0.0,47.37710377484755,80.0,49.95,0.0,70.10870709200465,20.066666666666666,49.58333333333333
2035,A_baseline,util_severe_bottleneck,fcap_partial,3711539.306151031,1318236.625,45418.06329493124,28613.379875806688,28613.379875806688,8148.0,2032.3061510310508,146705.2402809451,10229346.656238323,3600193.1269665,2.8413327550729215,2753.3245447928257,2150.892733824371,1264466.9749964252,987799.5799021726,112461.52577145564,90051.13329300527,48054.39616160466,0.28662285372811963,64240.42048711282,0.13332089647014186,61.757144239379414,0.0,316675.9351583278,4140556.438169795,410014936776.08075,59034612585.441246,104.81305681419138,209606137.3360776,-534674141.87621796,0.0,0.0,366660000.0,-1.0,0.0,47.32662929061891,80.0,49.95,0.0,69.21685274512289,20.10666666666667,49.58333333333333
2036,A_baseline,util_severe_bottleneck,fcap_partial,3715485.45898365,1456998.375,45418.06329493124,28613.379875806688,28613.379875806688,8148.0,5978.458983649965,166918.62015675177,10247015.330049286,3604020.8952141404,2.8432175139873705,2848.644061019404,2171.079207369604,1317657.280910125,1004245.6213358609,115269.22628175911,90048.13533947142,48053.043714681604,0.2893224872477207,63995.184851036174,0.13333597992058735,62.78505898021927,0.0,317222.9147446224,4147708.228363286,420983969388.2937,60641152256.28701,105.03940403862063,256580789.2788641,-544287306.94247,0.0,0.0,366660000.0,-1.0,0.0,47.27856346528765,80.0,49.95,0.0,68.61038888955696,20.14666666666667,49.58333333333333
2037,A_baseline,util_severe_bottleneck,fcap_partial,3719426.8764328696,1595760.125,45418.06329493124,28613.379875806688,28613.379875806688,8148.0,9919.876432869583,187132.00003255846,10264701.400893299,3607844.0701398836,2.845106717845296,2947.289442209232,2191.4744096865797,1373103.1741805358,1020978.945936331,118147.00238891707,90045.12139990996,48051.6830175041,0.29205016893080954,63747.428483671,0.13335108395950762,63.80120193458169,0.0,317770.43290115974,4154867.0603943076,432245855889.99225,62291311995.437996,105.26607186682126,306395964.0493278,-553339674.1600894,0.0,0.0,366660000.0,-1.0,0.0,47.23330162919955,80.0,49.95,0.0,68.18433793645946,20.186666666666667,49.58333333333333
2038,A_baseline,util_severe_bottleneck,fcap_partial,3723363.56418115,1734521.875,45418.06329493124,28613.379875806688,28613.379875806688,8148.0,13856.564181149937,207345.37990836514,10282405.228279108,3611662.657255715,2.847000454935093,3049.3778720393666,2212.0808414456696,1430901.235913243,1038004.9120798998,121096.60245968844,90042.09141789353,48050.31404500914,0.29480623649833293,63497.1213205455,0.13336620889026346,64.80240041841196,0.0,318318.5007574645,4162033.079782052,443808414966.2073,63986276356.68549,105.49306507128381,359218675.18667376,-561746135.4212345,0.0,0.0,366660000.0,-1.0,0.0,47.19126932289383,80.0,49.95,0.0,67.8796045039721,20.226666666666667,49.58333333333333
2039,A_baseline,util_severe_bottleneck,fcap_partial,3727295.5279041324,1873283.625,45418.06329493124,28613.379875806688,28613.379875806688,8148.0,17788.52790413238,227558.75978417182,10300127.17671708,3615476.662067008,2.8488988145835195,3155.0307139800793,2232.9010397416682,1491152.2312362073,1055328.9870640095,124119.81846237318,90039.04533507604,48048.93677118272,0.2975910326146218,63244.232858176016,0.133381355020958,65.78572095858387,0.0,318867.12959789974,4169206.434070227,455679674583.99786,65727262167.059784,105.72038849652951,415225091.581262,-569415167.2071493,0.0,0.0,366660000.0,-1.0,0.0,47.15292416396425,80.0,49.95,0.0,67.660378145168,20.26666666666667,49.58333333333333
2040,A_baseline,util_severe_bottleneck,fcap_partial,3731222.7732706475,2012045.375,45418.06329493124,28613.379875806688,28613.379875806688,8148.0,21715.773270647507,247772.13965997854,10317867.61580912,3619286.090072528,2.850801887176141,3264.3736627031676,2253.9375787488634,1553961.2931285906,1072956.7495662633,127218.48705345203,90035.98309116448,48047.551169046325,0.30040490497671474,62988.732146178125,0.13339652266451826,66.74849749671505,0.0,319416.33086445037,4176387.2728634565,467867877628.41364,67515519412.71675,105.94804706039739,474601020.6761203,-576248436.201028,0.0,0.0,366660000.0,-1.0,0.0,47.11875781899486,80.0,49.95,0.0,67.50369370107714,20.30666666666667,49.58333333333333
2041,A_baseline,util_severe_bottleneck,fcap_partial,3735145.3059427226,2150807.125,45418.06329493124,28613.379875806688,28613.379875806688,8148.0,25638.305942722596,267985.5195357852,10335626.92034057,3623090.9467644407,2.852709764178203,3377.5369010824797,2275.193070390379,1619438.1144645223,1090893.8921658774,130394.49069128049,90032.90462389098,48046.15721064319,0.3032482064056351,62730.58777920643,0.1334117121387792,67.68835278097397,0.0,319966.1161595678,4183575.747864474,480381487691.93207,69352332149.47139,106.17604575535941,537542416.6699643,-582140382.7545853,0.0,0.0,366660000.0,-1.0,0.0,47.089298086227075,80.0,49.95,0.0,67.39414612393429,20.346666666666668,49.58333333333333
2042,A_baseline,util_severe_bottleneck,fcap_partial,3739063.1315755914,2289568.875,45418.06329493124,28613.379875806688,28613.379875806688,8148.0,29556.131575591397,288198.8994115919,10353405.470374094,3626891.2376283235,2.8546225381559376,3494.655262998252,2296.6701650221366,1687697.1486464716,1109146.223929333,133649.75877750744,90029.80986898328,48044.754867024,0.30612129493967216,62469.767888717644,0.133426923766569,68.603212880421,0.0,320516.4972490767,4190772.0129121286,493229195021.6296,71239019438.67981,106.40438964986517,604255915.0057981,-586977781.0168976,0.0,0.0,366660000.0,-1.0,0.0,47.065111094915515,80.0,49.95,0.0,67.32101639435764,20.386666666666667,49.58333333333333
2043,A_baseline,util_severe_bottleneck,fcap_partial,3742976.2558177006,2428330.625,45418.06329493124,28613.379875806688,28613.379875806688,8148.0,33469.25581770064,308412.27928739856,10371203.65134562,3630686.9681431693,2.8565403027983245,3615.8684021651598,2318.371552131827,1758857.819220386,1127719.6730620707,136986.26882690928,90026.69876013514,48043.3441082324,0.30902453392971846,62206.24013455322,0.13344215787579705,69.49131497685528,0.0,321067.4860651453,4197976.224020218,506419922628.46844,73176936309.19066,106.63308388971589,674959394.4951966,-590639274.4712181,0.0,0.0,366660000.0,-1.0,0.0,47.04680362764391,80.0,49.95,0.0,67.27661594620129,20.42666666666667,49.58333333333333
2044,A_baseline,util_severe_bottleneck,fcap_partial,3746884.6843107194,2567092.375,45418.06329493124,28613.379875806688,28613.379875806688,8148.0,37377.68431071937,328625.6591632053,10389021.854162373,3634478.1437813975,2.858463152939307,3741.3209672125404,2340.2999610532675,1833044.7388831133,1146620.2896281322,140406.04766634403,90023.57122897555,48041.924903290026,0.31195829213671594,61939.97169633634,0.13345741479954312,70.35120878562252,0.0,321619.09470931947,4205188.539417166,519962832563.1972,75167474746.10985,106.86213369946921,749882568.4980001,-592994885.55906,0.0,0.0,366660000.0,-1.0,0.0,47.0350255722047,80.0,49.95,0.0,67.25528667206154,20.46666666666667,49.58333333333333
2045,A_baseline,util_severe_bottleneck,fcap_partial,3750788.4226895464,2705854.125,45418.06329493124,28613.379875806688,28613.379875806688,8148.0,41281.422689546365,348839.0390390119,10406860.475303087,3638264.7700088597,2.8603911845804846,3871.1627832541935,2362.4581616965525,1910387.938311855,1165854.2483397138,143911.17266355024,90020.42720503741,48040.49722018129,0.3149229438312667,61670.92926467878,0.13347269487614907,71.18175212232785,0.0,322171.33545562613,4212409.119586596,533867332363.5104,77212064707.143,107.09154438387552,829267606.6502297,-593905498.0010712,0.0,0.0,366660000.0,-1.0,0.0,47.030472509994645,80.0,49.95,0.0,67.25277239462976,20.506666666666668,49.58333333333333
2026,A_baseline,util_severe_bottleneck,fcap_high,3705055.5916,69380.875,22709.03164746562,14306.689937903344,0.0,0.0,-4451.408400000073,0.0,10141419.983388092,3593903.923852,2.8218394810394285,2022.8608386219394,1973.522769387258,870073.9380946757,848852.622531391,90065.85729695886,90065.85729695886,48061.022960284165,0.262943960601669,66383.58406431176,0.13324592085275141,56.48489111436993,0.0,313953.93713773804,4104966.154294251,325516032798.2812,46763339629.979126,103.68811447888945,60881420.7664319,-392870726.76423985,0.0,0.0,0.0,-1.0,0.0,48.0356463661788,80.0,69.9,0.0,29.0828370284787,19.746666666666666,49.58333333333333
2027,A_baseline,util_severe_bottleneck,fcap_high,3700609.52489008,208142.625,45418.06329493124,28613.379875806688,2146.0034906855017,0.0,-8897.475109919906,2146.0034906855017,10138591.969245598,3589591.2391433776,2.824441919371599,2094.164752895718,1993.2561598055613,907501.2291789218,863772.7344951071,92317.98357652809,90066.32544051521,48061.233218176545,0.265571775029994,66147.25152284847,0.13324351178011645,57.91136618998981,0.0,313866.38863114116,4103821.4524322017,333561784026.1045,47915715790.13036,103.65197293846816,42240591.91855791,-415686297.5242988,0.0,0.0,0.0,-1.0,0.0,47.92156851237851,80.0,69.9,0.0,100.0,19.78666666666667,49.58333333333333
2028,A_baseline,util_severe_bottleneck,fcap_high,3696276.0936347465,346904.375,45418.06329493124,28613.379875806688,8584.013962742007,104.08116929824683,-13230.906365253497,10622.717278893233,10136067.72595789,3585387.810825704,2.8270491954463313,2167.980316394173,2013.1852446892394,946537.3575497335,878954.0326342181,94626.37187590243,90066.74301097199,48061.42073862483,0.26822578599659036,65908.52007470111,0.1332413616045283,59.29359894627873,0.0,313788.2441385782,4102799.7086055754,341816519895.175,49098324161.29195,103.61971566664221,22544118.878302723,-440184907.75400436,0.0,0.0,4683652.6184211075,-1.0,0.0,47.799075461229975,80.0,69.9,0.0,100.0,19.826666666666668,49.58333333333333
2029,A_baseline,util_severe_bottleneck,fcap_high,3692520.130094435,485666.125,45418.06329493124,28613.379875806688,17168.027925484013,659.1807388888966,-16986.869905564934,27111.17743232684,10134976.88734063,3581744.526191602,2.8296202627597644,2244.311371682629,2033.2353343073005,987195.6328376295,894350.5201127527,96992.22540827694,90066.92337792146,48061.50173004803,0.27089660772923224,65668.09936623386,0.13324043245433662,60.44374148935059,0.0,313754.474402266,4102358.167321319,350324588145.3851,50319012311.51913,103.605776475699,5135485.572365776,-465255376.5412822,0.0,0.0,29663133.250000346,-1.0,0.0,47.67372311729359,80.0,69.9,0.0,100.0,19.866666666666667,49.58333333333333
2030,A_baseline,util_severe_bottleneck,fcap_high,3691737.3118724874,624427.875,45418.06329493124,28613.379875806688,23606.038397540517,3538.759756140392,-17769.688127512578,47069.009895702,10141141.735230587,3580985.1925163125,2.8319418232792346,2322.788125873184,2053.0062442614885,1029240.2458206568,909698.4042488609,99415.90514853959,90065.90337267073,48061.0436555583,0.27353386807435653,65429.82844153287,0.13324568381757226,60.11517060289043,0.0,313945.32324494066,4104853.5271403682,359299029438.87836,51616206807.88415,103.68455840292718,8458505.498546712,-484201240.56675905,0.0,0.0,159244189.02631763,-1.0,0.0,47.578993797166206,80.0,69.9,0.0,85.30794126625432,19.906666666666666,49.58333333333333
2031,A_baseline,util_severe_bottleneck,fcap_high,3695707.2270982405,763189.625,45418.06329493124,28613.379875806688,27182.710882016352,8148.0,-13799.772901759483,65851.72077771835,10158838.911328048,3584836.010285293,2.8338364383143912,2403.0997155160594,2072.1853532800783,1072466.7969765994,924784.7578796224,101897.97976013504,90062.96630974316,48059.72391545631,0.27609821504036863,65196.74207038222,0.1332607626474196,57.59748860265581,0.0,314493.18519337766,4112016.854270657,368917993178.8855,53022045452.490524,103.91078095567728,47067821.30071762,-492111484.534398,0.0,0.0,366660000.0,-1.0,0.0,47.53944257732801,80.0,69.9,0.0,73.48564269292797,19.94666666666667,49.58333333333333
2032,A_baseline,util_severe_bottleneck,fcap_high,3699672.3784257225,901951.375,45418.06329493124,28613.379875806688,28613.379875806688,8148.0,-9834.621574277524,86065.10065352505,10176441.495104631,3588682.207072951,2.835704280264169,2486.209015762417,2091.561212111886,1117522.8875447896,940133.154701469,104442.02609176366,90060.03177349306,48058.404237486684,0.27868893726872773,64961.297228150426,0.1332757666855039,58.63731425296341,0.0,315038.1187913855,4119141.8930472163,378789800450.5805,54465334605.561356,104.1358920928288,84183022.72974585,-503232411.7568395,0.0,0.0,366660000.0,-1.0,0.0,47.4838379412158,80.0,69.9,0.0,68.84708392009345,19.986666666666668,49.58333333333333
2033,A_baseline,util_severe_bottleneck,fcap_high,3703632.7715716115,1040713.125,45418.06329493124,28613.379875806688,28613.379875806688,8148.0,-5874.22842838848,106278.48052933172,10194060.086162254,3592523.788424463,2.8375762239929276,2572.2144005607997,2111.1361486563296,1164486.672612643,955748.4433043746,107049.56974637862,90057.0814582661,48057.07640026321,0.2813064044898676,64723.44767439014,0.13329079014446232,59.67967192612601,0.0,315583.54793626076,4126273.411128151,388925172115.6824,55947811451.475685,104.36130543930933,123553390.62381783,-514075993.867854,0.0,0.0,366660000.0,-1.0,0.0,47.42962003066073,80.0,69.9,0.0,66.50456285118551,20.026666666666667,49.58333333333333
2034,A_baseline,util_severe_bottleneck,fcap_high,3707588.4122457257,1179474.875,45418.06329493124,28613.379875806688,28613.379875806688,8148.0,-1918.5877542742528,126491.8604051384,10211695.024865236,3596360.7598783537,2.83945235383189,2661.217743625837,2130.912524163766,1213439.6833843892,971635.5697817188,109722.19503254535,90054.11531504687,48055.74038239846,0.2839509355070264,64483.16502508168,0.13330583330947204,60.720834891811755,0.0,316129.48316486314,4133411.5462835217,399331143163.72424,57470539840.42777,104.58702549181439,165313690.61167395,-524579245.0304898,0.0,0.0,366660000.0,-1.0,0.0,47.37710377484755,80.0,69.9,0.0,65.12120709200465,20.066666666666666,49.58333333333333
2035,A_baseline,util_severe_bottleneck,fcap_high,3711539.306151031,1318236.625,45418.06329493124,28613.379875806688,28613.379875806688,8148.0,2032.3061510310508,146705.2402809451,10229346.656238323,3600193.1269665,2.8413327550729215,2753.3245447928257,2150.892733824371,1264466.9749964252,987799.5799021726,112461.52577145564,90051.13329300527,48054.39616160466,0.28662285372811963,64240.42048711282,0.13332089647014186,61.757144239379414,0.0,316675.9351583278,4140556.438169795,410014936776.08075,59034612585.441246,104.81305681419138,209606137.3360776,-534674141.87621796,0.0,0.0,366660000.0,-1.0,0.0,47.32662929061891,80.0,69.9,0.0,64.2293527451229,20.10666666666667,49.58333333333333
2036,A_baseline,util_severe_bottleneck,fcap_high,3715485.45898365,1456998.375,45418.06329493124,28613.379875806688,28613.379875806688,8148.0,5978.458983649965,166918.62015675177,10247015.330049286,3604020.8952141404,2.8432175139873705,2848.644061019404,2171.079207369604,1317657.280910125,1004245.6213358609,115269.22628175911,90048.13533947142,48053.043714681604,0.2893224872477207,63995.184851036174,0.13333597992058735,62.78505898021927,0.0,317222.9147446224,4147708.228363286,420983969388.2937,60641152256.28701,105.03940403862063,256580789.2788641,-544287306.94247,0.0,0.0,366660000.0,-1.0,0.0,47.27856346528765,80.0,69.9,0.0,63.62288888955695,20.14666666666667,49.58333333333333
2037,A_baseline,util_severe_bottleneck,fcap_high,3719426.8764328696,1595760.125,45418.06329493124,28613.379875806688,28613.379875806688,8148.0,9919.876432869583,187132.00003255846,10264701.400893299,3607844.0701398836,2.845106717845296,2947.289442209232,2191.4744096865797,1373103.1741805358,1020978.945936331,118147.00238891707,90045.12139990996,48051.6830175041,0.29205016893080954,63747.428483671,0.13335108395950762,63.80120193458169,0.0,317770.43290115974,4154867.0603943076,432245855889.99225,62291311995.437996,105.26607186682126,306395964.0493278,-553339674.1600894,0.0,0.0,366660000.0,-1.0,0.0,47.23330162919955,80.0,69.9,0.0,63.19683793645946,20.186666666666667,49.58333333333333
2038,A_baseline,util_severe_bottleneck,fcap_high,3723363.56418115,1734521.875,45418.06329493124,28613.379875806688,28613.379875806688,8148.0,13856.564181149937,207345.37990836514,10282405.228279108,3611662.657255715,2.847000454935093,3049.3778720393666,2212.0808414456696,1430901.235913243,1038004.9120798998,121096.60245968844,90042.09141789353,48050.31404500914,0.29480623649833293,63497.1213205455,0.13336620889026346,64.80240041841196,0.0,318318.5007574645,4162033.079782052,443808414966.2073,63986276356.68549,105.49306507128381,359218675.18667376,-561746135.4212345,0.0,0.0,366660000.0,-1.0,0.0,47.19126932289383,80.0,69.9,0.0,62.89210450397209,20.226666666666667,49.58333333333333
2039,A_baseline,util_severe_bottleneck,fcap_high,3727295.5279041324,1873283.625,45418.06329493124,28613.379875806688,28613.379875806688,8148.0,17788.52790413238,227558.75978417182,10300127.17671708,3615476.662067008,2.8488988145835195,3155.0307139800793,2232.9010397416682,1491152.2312362073,1055328.9870640095,124119.81846237318,90039.04533507604,48048.93677118272,0.2975910326146218,63244.232858176016,0.133381355020958,65.78572095858387,0.0,318867.12959789974,4169206.434070227,455679674583.99786,65727262167.059784,105.72038849652951,415225091.581262,-569415167.2071493,0.0,0.0,366660000.0,-1.0,0.0,47.15292416396425,80.0,69.9,0.0,62.67287814516799,20.26666666666667,49.58333333333333
2040,A_baseline,util_severe_bottleneck,fcap_high,3731222.7732706475,2012045.375,45418.06329493124,28613.379875806688,28613.379875806688,8148.0,21715.773270647507,247772.13965997854,10317867.61580912,3619286.090072528,2.850801887176141,3264.3736627031676,2253.9375787488634,1553961.2931285906,1072956.7495662633,127218.48705345203,90035.98309116448,48047.551169046325,0.30040490497671474,62988.732146178125,0.13339652266451826,66.74849749671505,0.0,319416.33086445037,4176387.2728634565,467867877628.41364,67515519412.71675,105.94804706039739,474601020.6761203,-576248436.201028,0.0,0.0,366660000.0,-1.0,0.0,47.11875781899486,80.0,69.9,0.0,62.516193701077135,20.30666666666667,49.58333333333333
2041,A_baseline,util_severe_bottleneck,fcap_high,3735145.3059427226,2150807.125,45418.06329493124,28613.379875806688,28613.379875806688,8148.0,25638.305942722596,267985.5195357852,10335626.92034057,3623090.9467644407,2.852709764178203,3377.5369010824797,2275.193070390379,1619438.1144645223,1090893.8921658774,130394.49069128049,90032.90462389098,48046.15721064319,0.3032482064056351,62730.58777920643,0.1334117121387792,67.68835278097397,0.0,319966.1161595678,4183575.747864474,480381487691.93207,69352332149.47139,106.17604575535941,537542416.6699643,-582140382.7545853,0.0,0.0,366660000.0,-1.0,0.0,47.089298086227075,80.0,69.9,0.0,62.406646123934294,20.346666666666668,49.58333333333333
2042,A_baseline,util_severe_bottleneck,fcap_high,3739063.1315755914,2289568.875,45418.06329493124,28613.379875806688,28613.379875806688,8148.0,29556.131575591397,288198.8994115919,10353405.470374094,3626891.2376283235,2.8546225381559376,3494.655262998252,2296.6701650221366,1687697.1486464716,1109146.223929333,133649.75877750744,90029.80986898328,48044.754867024,0.30612129493967216,62469.767888717644,0.133426923766569,68.603212880421,0.0,320516.4972490767,4190772.0129121286,493229195021.6296,71239019438.67981,106.40438964986517,604255915.0057981,-586977781.0168976,0.0,0.0,366660000.0,-1.0,0.0,47.065111094915515,80.0,69.9,0.0,62.33351639435764,20.386666666666667,49.58333333333333
2043,A_baseline,util_severe_bottleneck,fcap_high,3742976.2558177006,2428330.625,45418.06329493124,28613.379875806688,28613.379875806688,8148.0,33469.25581770064,308412.27928739856,10371203.65134562,3630686.9681431693,2.8565403027983245,3615.8684021651598,2318.371552131827,1758857.819220386,1127719.6730620707,136986.26882690928,90026.69876013514,48043.3441082324,0.30902453392971846,62206.24013455322,0.13344215787579705,69.49131497685528,0.0,321067.4860651453,4197976.224020218,506419922628.46844,73176936309.19066,106.63308388971589,674959394.4951966,-590639274.4712181,0.0,0.0,366660000.0,-1.0,0.0,47.04680362764391,80.0,69.9,0.0,62.28911594620128,20.42666666666667,49.58333333333333
2044,A_baseline,util_severe_bottleneck,fcap_high,3746884.6843107194,2567092.375,45418.06329493124,28613.379875806688,28613.379875806688,8148.0,37377.68431071937,328625.6591632053,10389021.854162373,3634478.1437813975,2.858463152939307,3741.3209672125404,2340.2999610532675,1833044.7388831133,1146620.2896281322,140406.04766634403,90023.57122897555,48041.924903290026,0.31195829213671594,61939.97169633634,0.13345741479954312,70.35120878562252,0.0,321619.09470931947,4205188.539417166,519962832563.1972,75167474746.10985,106.86213369946921,749882568.4980001,-592994885.55906,0.0,0.0,366660000.0,-1.0,0.0,47.0350255722047,80.0,69.9,0.0,62.26778667206153,20.46666666666667,49.58333333333333
2045,A_baseline,util_severe_bottleneck,fcap_high,3750788.4226895464,2705854.125,45418.06329493124,28613.379875806688,28613.379875806688,8148.0,41281.422689546365,348839.0390390119,10406860.475303087,3638264.7700088597,2.8603911845804846,3871.1627832541935,2362.4581616965525,1910387.938311855,1165854.2483397138,143911.17266355024,90020.42720503741,48040.49722018129,0.3149229438312667,61670.92926467878,0.13347269487614907,71.18175212232785,0.0,322171.33545562613,4212409.119586596,533867332363.5104,77212064707.143,107.09154438387552,829267606.6502297,-593905498.0010712,0.0,0.0,366660000.0,-1.0,0.0,47.030472509994645,80.0,69.9,0.0,62.265272394629754,20.506666666666668,49.58333333333333
2026,B_moderate,util_improved,fcap_none,3705055.5916,33983.4,18001.999295280002,12781.419499648802,0.0,0.0,-4451.408400000073,0.0,10141419.983388092,3593903.923852,2.8218394810394285,2022.8608386219394,1973.522769387258,870073.9380946757,848852.622531391,90065.85729695886,90065.85729695886,48061.022960284165,0.262943960601669,66383.58406431176,0.13324592085275141,56.48489111436993,0.0,324640.30345843616,4161807.292228237,330023427262.5827,50000980743.5128,110.86691960867587,65388815.23073341,-388363332.2999384,0.0,0.0,0.0,-1.0,0.0,48.05818333850031,80.0,30.0,59.16666666666666,27.0578370284787,21.03833333333333,31.541666666666668
2027,B_moderate,util_improved,fcap_none,3700609.52489008,101950.20000000001,36003.998590560004,25562.838999297604,1917.2129249473203,0.0,-8897.475109919906,1917.2129249473203,10138591.969245598,3589591.2391433776,2.824441919371599,2094.164752895718,1993.2561598055613,907501.2291789218,863772.7344951071,92317.98357652809,90066.32544051521,48061.233218176545,0.265571775029994,66147.25152284847,0.13324351178011645,57.91136618998981,0.0,324549.77497515595,4160646.7397710816,338180587363.98334,51233141206.15149,110.82827582316045,46859395.25643676,-411067494.1864199,0.0,0.0,0.0,-1.0,0.0,47.9446625290679,80.0,30.0,59.16666666666666,100.0,21.078333333333333,31.541666666666668
2028,B_moderate,util_improved,fcap_none,3697287.1676664315,203900.40000000002,54005.99788584,38344.2584989464,7668.851699789282,1084.822980032692,-12219.832333568484,8467.690418517332,10138529.387902834,3586368.5526364385,2.8269624939828675,2167.8026241448447,2013.0202397711885,946420.9896303847,878845.973452861,94625.94404593627,90066.33579625106,48061.237868946555,0.2682050142674922,65910.0929189968,0.1332434584712594,58.7886922419299,0.0,324547.7716633772,4160621.057816375,346632982925.8151,52513564552.79775,110.82742070232773,34583164.3872918,-432828327.9448123,0.0,0.0,48817034.10147113,-1.0,0.0,47.835858360275935,80.0,30.0,59.16666666666666,100.0,21.118333333333332,31.541666666666668
2029,B_moderate,util_improved,fcap_none,3698122.7586088367,339834.0,72007.99718112001,51125.67799859521,17254.916324525882,5114.165477296978,-11384.24139116332,20450.271199438084,10148594.466835864,3587179.0758505715,2.82912958964266,2243.291168662385,2032.311080723284,986522.5808389607,893740.768220575,96989.79674435296,90064.66812203234,48060.488740037006,0.2707802457633604,65676.93515335293,0.13325203318219198,57.5135205218824,0.0,324869.96818856837,4164751.5364839532,355648142134.2656,53893207513.90599,110.96496840352302,51042348.79275088,-445820652.3504368,0.0,0.0,230137446.478364,-1.0,0.0,47.770896738247814,80.0,30.0,59.16666666666666,100.0,21.15833333333333,31.541666666666668
2030,B_moderate,util_improved,fcap_none,3706945.734029392,509751.0,90009.9964764,63907.09749824401,28758.193874209806,12862.901048959062,-2561.2659706082195,35947.742342762256,10178040.06412278,3595737.36200851,2.830584950853452,2319.9226782108412,2050.4736060592063,1027336.2897894501,908015.5845472589,99409.12912087912,90059.76462604254,48058.28404707767,0.2732150519700033,65454.08135333206,0.13327712955506274,51.46173804957671,0.0,325812.5608091676,4176835.337540752,365586780532.21924,55440957097.03312,111.36756281679095,126380032.31178199,-439590890.78666055,0.0,0.0,578830547.2031578,-1.0,0.0,47.802045546066694,80.0,30.0,59.16666666666666,65.00308222842482,21.19833333333333,31.541666666666668
2031,B_moderate,util_improved,fcap_none,3726462.560710398,679668.0,90009.9964764,63907.09749824401,39858.856709654785,23246.206714986256,16955.560710398015,51841.43749057554,10233363.747055188,3614668.683889086,2.8310654840003013,2397.1179903871544,2067.0273304483862,1068464.9606665068,921333.9869713426,101883.82191054946,90050.45283368361,48054.08928176672,0.27544923079056977,65246.12486830297,0.13332432528896238,44.83013660322173,197747274.92676872,327583.5452714061,4199538.914302011,376743199691.86456,57213353433.78032,112.12476217508964,285008233.8258656,-207756913.03474912,0.0,0.0,1046079302.1743815,-1.0,0.0,48.96121543482626,80.0,30.0,59.16666666666666,54.085100125841805,21.238333333333333,31.541666666666668
2032,B_moderate,util_improved,fcap_none,3757224.3861657646,849585.0,90009.9964764,63907.09749824401,52403.819948560085,34176.5731123728,47717.38616576465,69011.67691091626,10315840.011632826,3644507.6545807915,2.8305167636750106,2474.677567696079,2081.8602057435064,1109757.026221311,933600.0055495474,104414.54363787557,90036.33373963645,48047.70988162268,0.2774693441112893,65054.01127071437,0.13339478882381278,42.62191016300017,282211936.26524335,330223.7198825021,4233385.290836778,389242466468.1678,59235083133.71738,113.25549122198323,537224801.4453969,-57275236.08977528,0.0,0.0,1537945790.0567758,-1.0,0.0,49.713623819551124,80.0,30.0,59.16666666666666,48.98957996452863,21.278333333333332,31.541666666666668
2033,B_moderate,util_improved,fcap_none,3799892.4688347154,1019502.0,90009.9964764,63907.09749824401,59685.7141729975,45761.44937437906,90385.46883471543,81520.6391515642,10427063.11024119,3685895.694769674,2.828908893172779,2552.3859421175894,2094.8620093845548,1151047.6180586112,944718.3853641829,107001.74835597131,90016.85098502308,48038.87208731971,0.27926264735473977,64878.50687240842,0.13349000672710148,41.823530822709294,312749946.0313695,333784.11877565034,4279028.711936656,403229813874.02765,61535342588.717926,114.78391230340692,896400548.1816038,77282018.37642923,0.0,0.0,2059265221.8470576,9.0,0.0,50.38641009188215,80.0,30.0,59.16666666666666,45.68497978944612,21.31833333333333,31.541666666666668
2034,B_moderate,util_improved,fcap_none,3851984.189451596,1189419.0,90009.9964764,63907.09749824401,63133.18254754027,54952.04383209745,142477.18945159577,88002.23011962257,10560973.152236516,3736424.663768048,2.8264916605025725,2630.6909282349584,2106.4688372858072,1192620.6334113798,954965.1660032467,109647.40738518069,89992.73360993316,48027.88095857054,0.2808851896531301,64715.10756250347,0.13360493681574032,41.569213968942286,322477565.6879576,338070.7568145743,4333982.3367930995,418559956538.7138,64087880473.172554,116.62950804664236,1349455627.5159864,224744492.52752602,0.0,0.0,2472841972.444385,9.0,0.0,51.12372246263763,80.0,30.0,59.16666666666666,43.40267618628211,21.35833333333333,31.541666666666668
2035,B_moderate,util_improved,fcap_none,3909058.5458157347,1359336.0,90009.9964764,63907.09749824401,64411.32449750515,59845.83526973636,199551.54581573466,90716.81722564693,10706818.78727938,3791786.7894412624,2.823686926990186,2710.509597557501,2117.445765474164,1235087.725421502,964848.5570903413,112354.78769263213,89965.66508601057,48015.4847483985,0.2824338503071997,64556.3159003206,0.13373046188667162,41.7969800235613,313765514.0987804,342739.4690162147,4393834.056616882,434880083815.6989,66825992298.828804,118.64626903995642,1866601913.8471034,377848386.0184027,0.0,0.0,2693062587.1381364,9.0,0.0,51.88924193009201,80.0,30.0,59.16666666666666,42.01362451401122,21.398333333333333,31.541666666666668
2036,B_moderate,util_improved,fcap_none,3968246.4409124423,1529253.0,90009.9964764,63907.09749824401,64159.21099787459,61962.40239113586,258739.44091244228,90997.26287183506,10857721.91847669,3849199.047685069,2.820774343952565,2792.49060350192,2128.2821427217673,1278888.746012169,974698.3847509522,115126.70886012219,89936.8009574706,48002.203850276426,0.2839703596388568,64397.41524480939,0.13386071435458663,42.328285451811446,293443081.4682121,347570.07837712945,4455761.257429564,451958132490.3103,69705510075.256,120.74020634648905,2430216700.0731077,539136397.6583126,0.0,0.0,2788308107.601114,9.0,0.0,52.69568198829156,80.0,30.0,59.16666666666666,41.2539545013044,21.438333333333333,31.541666666666668
2037,B_moderate,util_improved,fcap_none,4027748.803472735,1699170.0,90009.9964764,63907.09749824401,64075.17316466439,62336.3305407057,318241.803472735,90808.17774711215,11009370.972863698,3906916.339368553,2.817918280441875,2877.090168853697,2139.2773268571673,1324339.0897938209,984720.124011743,117965.69568401441,89906.9394407957,47988.40368283766,0.2855322190028584,64235.61151850969,0.13399198340272483,43.04097401121092,266182744.07118225,352424.5657286075,4517994.568094263,469644820103.4584,72697707245.02205,122.8518364803116,3029121231.9416685,710772336.9893966,0.0,0.0,2805134874.3317566,9.0,0.0,53.55386168494698,80.0,30.0,59.16666666666666,40.99481112001024,21.47833333333333,31.541666666666668
2038,B_moderate,util_improved,fcap_none,4087025.69383707,1869087.0,90009.9964764,63907.09749824401,63907.09749824401,62186.88326064691,377518.6938370699,90605.08631685417,11160493.341037517,3964414.9230219577,2.8151678262098256,2964.5125298812286,2150.5177930573113,1371585.0017784096,994975.7072314308,120873.70117348107,89876.35185474988,47974.21107000359,0.28713018479425406,64070.13833806215,0.13412315757841878,43.82340260667502,236254850.29468057,357262.19315589755,4580011.738758216,487905572875.6363,75795895430.07443,124.9633793998019,3661749386.2515264,897768874.3909086,0.0,0.0,2798409746.7291107,9.0,0.0,54.48884437195454,80.0,30.0,59.16666666666666,41.07288923481643,21.51833333333333,31.541666666666668
2039,B_moderate,util_improved,fcap_none,4146098.392030385,2039004.0,90009.9964764,63907.09749824401,63907.09749824401,62057.81515514159,436591.39203038486,90535.05478917902,11311152.960679824,4021715.440269473,2.81251946555471,3054.846410226614,2161.997883387064,1420694.389714473,1005464.0564645327,123852.40053739777,89845.05492348377,47959.63576559504,0.2887635231871121,63901.080322839,0.13425427867130538,44.62244851347155,205691344.35971338,362085.00738898595,4641839.007986663,506760183740.6653,79003968419.76332,127.07558414460816,4330594083.612012,1103963266.91423,0.0,0.0,2792601681.9813714,9.0,0.0,55.51981633457115,80.0,30.0,59.16666666666666,41.38046361102551,21.558333333333334,31.541666666666668
2040,B_moderate,util_improved,fcap_none,4205030.171458192,2208921.0,90009.9964764,63907.09749824401,63907.09749824401,61989.88457329669,495523.17145819217,90535.05478917902,11460267.766340356,4078879.2663144465,2.8099819008792695,3148.173963651994,2173.7056888389725,1471731.154365817,1016179.6710164779,126903.85529072133,89813.30963603007,47944.80168190587,0.29042987472319426,63728.8413699624,0.13438438846534123,45.424943646747174,174995905.5119206,366858.370077749,4703032.320816004,526177351852.27515,82315692103.59146,129.17306860202913,5037940930.010165,1333953772.971773,0.0,0.0,2789544805.798351,9.0,0.0,56.66976886485887,80.0,30.0,59.16666666666666,41.835493493924304,21.598333333333333,31.541666666666668
2041,B_moderate,util_improved,fcap_none,4263891.232750686,2378838.0,90009.9964764,63907.09749824401,63907.09749824401,61989.88457329669,554384.2327506859,90535.05478917902,11524905.827373838,4135974.495768165,2.808745718029119,3244.5781879048773,2185.628766067678,1524760.2761088994,1027116.5395995099,130056.18449479068,89799.31584754957,47938.247840623946,0.2920684299793341,63571.77065473744,0.13444088894183173,46.191898183875416,145659894.4667653,368927.52013595065,4729558.30575749,542328420518.4931,84968856765.8144,130.08441020128626,5765859512.289607,1760146297.3852415,0.0,0.0,2789544805.798351,9.0,0.0,58.80073148692621,80.0,30.0,59.16666666666666,41.80128951099509,21.638333333333332,31.541666666666668
2042,B_moderate,util_improved,fcap_none,4322681.660769628,2548755.0,90009.9964764,63907.09749824401,63907.09749824401,61989.88457329669,613174.6607696284,90535.05478917902,11589826.66367274,4193001.2109465394,2.8075492111896705,3344.1609492570356,2197.7660459135773,1579860.5798844758,1038276.5639670658,133286.51718431318,89785.12127492284,47931.591267972355,0.2937367815120278,63411.928723959914,0.13449769684292345,46.956428796244076,116416598.5436641,371005.72220542154,4756200.335213808,558970567175.4437,87706763370.27678,131.00102581580956,6537548749.059412,2219967894.735994,0.0,0.0,2789544805.798351,9.0,0.0,61.09983947367997,80.0,30.0,59.16666666666666,41.8520910727577,21.67833333333333,31.541666666666668
2043,B_moderate,util_improved,fcap_none,4381401.540274949,2718672.0,90009.9964764,63907.09749824401,63907.09749824401,61989.88457329669,671894.5402749488,90535.05478917902,11655028.870817518,4249959.4940667,2.8063907048823533,3447.027633370378,2210.116607073677,1637114.1304891948,1049661.7701702018,136596.77588830472,89770.72592611877,47924.8319503294,0.295434831469573,63249.32664123464,0.1345548110094636,47.71734239803019,87311653.27534522,373092.9313288296,4782957.832843234,576118475253.4784,90532073246.64532,131.9229069720834,7355412461.387518,2715489136.847354,0.0,0.0,2789544805.798351,9.0,0.0,63.57744568423677,80.0,30.0,59.16666666666666,41.96857427808451,21.718333333333334,31.541666666666668
2044,B_moderate,util_improved,fcap_none,4440050.955924863,2888589.0,90009.9964764,63907.09749824401,63907.09749824401,61989.88457329669,730543.955924863,90535.05478917902,11720511.238609126,4306849.427247117,2.805268618438289,3553.287264831487,2222.679668590912,1696606.3656964225,1061274.3056151962,139988.9302849762,89756.12978384888,47917.96986329421,0.29716250118318327,63083.97376075794,0.13461223044461995,48.47349560602833,58388793.06941638,375189.10876609833,4809830.302007698,593787268555.3579,93447531590.10173,132.8500478218291,8221976841.203849,3248887824.107838,0.0,0.0,2789544805.798351,9.0,0.0,66.2444391205392,80.0,30.0,59.16666666666666,42.13697789541351,21.758333333333333,31.541666666666668
2045,B_moderate,util_improved,fcap_none,4498629.992275997,3058506.0,90009.9964764,63907.09749824401,63907.09749824401,61989.88457329669,789122.9922759971,90535.05478917902,11786272.741203194,4363671.092507717,2.8041814594350427,3663.052631112963,2235.454582930829,1758426.2351392894,1073116.4364661584,143464.99834985196,89741.33280545988,47911.004971496404,0.2989197302576487,62915.87781028994,0.13466995430624237,49.22379186192063,29689961.281535856,377294.221678589,4836817.321724087,611992524336.0442,96455970086.96736,133.7824450212199,9139896548.55292,3822454752.536493,0.0,0.0,2789544805.798351,9.0,0.0,69.11227376268246,80.0,30.0,59.16666666666666,42.34723604621315,21.798333333333332,31.541666666666668
2026,B_moderate,util_improved,fcap_partial,3705055.5916,33983.4,18001.999295280002,12781.419499648802,0.0,0.0,-4451.408400000073,0.0,10141419.983388092,3593903.923852,2.8218394810394285,2022.8608386219394,1973.522769387258,870073.9380946757,848852.622531391,90065.85729695886,90065.85729695886,48061.022960284165,0.262943960601669,66383.58406431176,0.13324592085275141,56.48489111436993,0.0,324640.30345843616,4161807.292228237,330023427262.5827,50000980743.5128,110.86691960867587,65388815.23073341,-388363332.2999384,0.0,0.0,0.0,-1.0,0.0,48.05818333850031,80.0,49.95,59.16666666666666,22.0703370284787,21.03833333333333,31.541666666666668
2027,B_moderate,util_improved,fcap_partial,3700609.52489008,101950.20000000001,36003.998590560004,25562.838999297604,1917.2129249473203,0.0,-8897.475109919906,1917.2129249473203,10138591.969245598,3589591.2391433776,2.824441919371599,2094.164752895718,1993.2561598055613,907501.2291789218,863772.7344951071,92317.98357652809,90066.32544051521,48061.233218176545,0.265571775029994,66147.25152284847,0.13324351178011645,57.91136618998981,0.0,324549.77497515595,4160646.7397710816,338180587363.98334,51233141206.15149,110.82827582316045,46859395.25643676,-411067494.1864199,0.0,0.0,0.0,-1.0,0.0,47.9446625290679,80.0,49.95,59.16666666666666,100.0,21.078333333333333,31.541666666666668
2028,B_moderate,util_improved,fcap_partial,3697287.1676664315,203900.40000000002,54005.99788584,38344.2584989464,7668.851699789282,1084.822980032692,-12219.832333568484,8467.690418517332,10138529.387902834,3586368.5526364385,2.8269624939828675,2167.8026241448447,2013.0202397711885,946420.9896303847,878845.973452861,94625.94404593627,90066.33579625106,48061.237868946555,0.2682050142674922,65910.0929189968,0.1332434584712594,58.7886922419299,0.0,324547.7716633772,4160621.057816375,346632982925.8151,52513564552.79775,110.82742070232773,34583164.3872918,-432828327.9448123,0.0,0.0,48817034.10147113,-1.0,0.0,47.835858360275935,80.0,49.95,59.16666666666666,100.0,21.118333333333332,31.541666666666668
2029,B_moderate,util_improved,fcap_partial,3698122.7586088367,339834.0,72007.99718112001,51125.67799859521,17254.916324525882,5114.165477296978,-11384.24139116332,20450.271199438084,10148594.466835864,3587179.0758505715,2.82912958964266,2243.291168662385,2032.311080723284,986522.5808389607,893740.768220575,96989.79674435296,90064.66812203234,48060.488740037006,0.2707802457633604,65676.93515335293,0.13325203318219198,57.5135205218824,0.0,324869.96818856837,4164751.5364839532,355648142134.2656,53893207513.90599,110.96496840352302,51042348.79275088,-445820652.3504368,0.0,0.0,230137446.478364,-1.0,0.0,47.770896738247814,80.0,49.95,59.16666666666666,100.0,21.15833333333333,31.541666666666668
2030,B_moderate,util_improved,fcap_partial,3706945.734029392,509751.0,90009.9964764,63907.09749824401,28758.193874209806,12862.901048959062,-2561.2659706082195,35947.742342762256,10178040.06412278,3595737.36200851,2.830584950853452,2319.9226782108412,2050.4736060592063,1027336.2897894501,908015.5845472589,99409.12912087912,90059.76462604254,48058.28404707767,0.2732150519700033,65454.08135333206,0.13327712955506274,51.46173804957671,0.0,325812.5608091676,4176835.337540752,365586780532.21924,55440957097.03312,111.36756281679095,126380032.31178199,-439590890.78666055,0.0,0.0,578830547.2031578,-1.0,0.0,47.802045546066694,80.0,49.95,59.16666666666666,60.01558222842482,21.19833333333333,31.541666666666668
2031,B_moderate,util_improved,fcap_partial,3726462.560710398,679668.0,90009.9964764,63907.09749824401,39858.856709654785,23246.206714986256,16955.560710398015,51841.43749057554,10233363.747055188,3614668.683889086,2.8310654840003013,2397.1179903871544,2067.0273304483862,1068464.9606665068,921333.9869713426,101883.82191054946,90050.45283368361,48054.08928176672,0.27544923079056977,65246.12486830297,0.13332432528896238,44.83013660322173,197747274.92676872,327583.5452714061,4199538.914302011,376743199691.86456,57213353433.78032,112.12476217508964,285008233.8258656,-207756913.03474912,0.0,0.0,1046079302.1743815,-1.0,0.0,48.96121543482626,80.0,49.95,59.16666666666666,49.0976001258418,21.238333333333333,31.541666666666668
2032,B_moderate,util_improved,fcap_partial,3757224.3861657646,849585.0,90009.9964764,63907.09749824401,52403.819948560085,34176.5731123728,47717.38616576465,69011.67691091626,10315840.011632826,3644507.6545807915,2.8305167636750106,2474.677567696079,2081.8602057435064,1109757.026221311,933600.0055495474,104414.54363787557,90036.33373963645,48047.70988162268,0.2774693441112893,65054.01127071437,0.13339478882381278,42.62191016300017,282211936.26524335,330223.7198825021,4233385.290836778,389242466468.1678,59235083133.71738,113.25549122198323,537224801.4453969,-57275236.08977528,0.0,0.0,1537945790.0567758,-1.0,0.0,49.713623819551124,80.0,49.95,59.16666666666666,44.00207996452863,21.278333333333332,31.541666666666668
2033,B_moderate,util_improved,fcap_partial,3799892.4688347154,1019502.0,90009.9964764,63907.09749824401,59685.7141729975,45761.44937437906,90385.46883471543,81520.6391515642,10427063.11024119,3685895.694769674,2.828908893172779,2552.3859421175894,2094.8620093845548,1151047.6180586112,944718.3853641829,107001.74835597131,90016.85098502308,48038.87208731971,0.27926264735473977,64878.50687240842,0.13349000672710148,41.823530822709294,312749946.0313695,333784.11877565034,4279028.711936656,403229813874.02765,61535342588.717926,114.78391230340692,896400548.1816038,77282018.37642923,0.0,22025375.23728233,2037239846.6097753,9.0,0.010695744775180864,50.38641009188215,80.0,49.95,59.16666666666666,40.69747978944611,21.31833333333333,31.541666666666668
2034,B_moderate,util_improved,fcap_partial,3851984.189451596,1189419.0,90009.9964764,63907.09749824401,63133.18254754027,54952.04383209745,142477.18945159577,88002.23011962257,10560973.152236516,3736424.663768048,2.8264916605025725,2630.6909282349584,2106.4688372858072,1192620.6334113798,954965.1660032467,109647.40738518069,89992.73360993316,48027.88095857054,0.2808851896531301,64715.10756250347,0.13360493681574032,41.569213968942286,322477565.6879576,338070.7568145743,4333982.3367930995,418559956538.7138,64087880473.172554,116.62950804664236,1349455627.5159864,224744492.52752602,0.0,64052180.370344914,2408789792.07404,9.0,0.0259022537970875,51.12372246263763,80.0,49.95,59.16666666666666,38.41517618628211,21.35833333333333,31.541666666666668
2035,B_moderate,util_improved,fcap_partial,3909058.5458157347,1359336.0,90009.9964764,63907.09749824401,64411.32449750515,59845.83526973636,199551.54581573466,90716.81722564693,10706818.78727938,3791786.7894412624,2.823686926990186,2710.509597557501,2117.445765474164,1235087.725421502,964848.5570903413,112354.78769263213,89965.66508601057,48015.4847483985,0.2824338503071997,64556.3159003206,0.13373046188667162,41.7969800235613,313765514.0987804,342739.4690162147,4393834.056616882,434880083815.6989,66825992298.828804,118.64626903995642,1866601913.8471034,377848386.0184027,0.0,107686790.01524475,2585375797.1228914,9.0,0.03998673871507804,51.88924193009201,80.0,49.95,59.16666666666666,37.02612451401122,21.398333333333333,31.541666666666668
2036,B_moderate,util_improved,fcap_partial,3968246.4409124423,1529253.0,90009.9964764,63907.09749824401,64159.21099787459,61962.40239113586,258739.44091244228,90997.26287183506,10857721.91847669,3849199.047685069,2.820774343952565,2792.49060350192,2128.2821427217673,1278888.746012169,974698.3847509522,115126.70886012219,89936.8009574706,48002.203850276426,0.2839703596388568,64397.41524480939,0.13386071435458663,42.328285451811446,293443081.4682121,347570.07837712945,4455761.257429564,451958132490.3103,69705510075.256,120.74020634648905,2430216700.0731077,539136397.6583126,0.0,153653873.33261907,2634654234.2684946,9.0,0.05510649017364629,52.69568198829156,80.0,49.95,59.16666666666666,36.2664545013044,21.438333333333333,31.541666666666668
2037,B_moderate,util_improved,fcap_partial,4027748.803472735,1699170.0,90009.9964764,63907.09749824401,64075.17316466439,62336.3305407057,318241.803472735,90808.17774711215,11009370.972863698,3906916.339368553,2.817918280441875,2877.090168853697,2139.2773268571673,1324339.0897938209,984720.124011743,117965.69568401441,89906.9394407957,47988.40368283766,0.2855322190028584,64235.61151850969,0.13399198340272483,43.04097401121092,266182744.07118225,352424.5657286075,4517994.568094263,469644820103.4584,72697707245.02205,122.8518364803116,3029121231.9416685,710772336.9893966,0.0,202570116.041978,2602564758.2897787,9.0,0.07221403786876186,53.55386168494698,80.0,49.95,59.16666666666666,36.00731112001024,21.47833333333333,31.541666666666668
2038,B_moderate,util_improved,fcap_partial,4087025.69383707,1869087.0,90009.9964764,63907.09749824401,63907.09749824401,62186.88326064691,377518.6938370699,90605.08631685417,11160493.341037517,3964414.9230219577,2.8151678262098256,2964.5125298812286,2150.5177930573113,1371585.0017784096,994975.7072314308,120873.70117348107,89876.35185474988,47974.21107000359,0.28713018479425406,64070.13833806215,0.13412315757841878,43.82340260667502,236254850.29468057,357262.19315589755,4580011.738758216,487905572875.6363,75795895430.07443,124.9633793998019,3661749386.2515264,897768874.3909086,0.0,255864129.2014089,2542545617.527702,9.0,0.0914319747136647,54.48884437195454,80.0,49.95,59.16666666666666,36.08538923481643,21.51833333333333,31.541666666666668
2039,B_moderate,util_improved,fcap_partial,4146098.392030385,2039004.0,90009.9964764,63907.09749824401,63907.09749824401,62057.81515514159,436591.39203038486,90535.05478917902,11311152.960679824,4021715.440269473,2.81251946555471,3054.846410226614,2161.997883387064,1420694.389714473,1005464.0564645327,123852.40053739777,89845.05492348377,47959.63576559504,0.2887635231871121,63901.080322839,0.13425427867130538,44.62244851347155,205691344.35971338,362085.00738898595,4641839.007986663,506760183740.6653,79003968419.76332,127.07558414460816,4330594083.612012,1103963266.91423,0.0,314629531.0705555,2477972150.9108157,9.0,0.11266538049469466,55.51981633457115,80.0,49.95,59.16666666666666,36.392963611025515,21.558333333333334,31.541666666666668
2040,B_moderate,util_improved,fcap_partial,4205030.171458192,2208921.0,90009.9964764,63907.09749824401,63907.09749824401,61989.88457329669,495523.17145819217,90535.05478917902,11460267.766340356,4078879.2663144465,2.8099819008792695,3148.173963651994,2173.7056888389725,1471731.154365817,1016179.6710164779,126903.85529072133,89813.30963603007,47944.80168190587,0.29042987472319426,63728.8413699624,0.13438438846534123,45.424943646747174,174995905.5119206,366858.370077749,4703032.320816004,526177351852.27515,82315692103.59146,129.17306860202913,5037940930.010165,1333953772.971773,0.0,380176825.2969553,2409367980.5013957,9.0,0.13628633048184755,56.66976886485887,80.0,49.95,59.16666666666666,36.84799349392431,21.598333333333333,31.541666666666668
2041,B_moderate,util_improved,fcap_partial,4263891.232750686,2378838.0,90009.9964764,63907.09749824401,63907.09749824401,61989.88457329669,554384.2327506859,90535.05478917902,11524905.827373838,4135974.495768165,2.808745718029119,3244.5781879048773,2185.628766067678,1524760.2761088994,1027116.5395995099,130056.18449479068,89799.31584754957,47938.247840623946,0.2920684299793341,63571.77065473744,0.13444088894183173,46.191898183875416,145659894.4667653,368927.52013595065,4729558.30575749,542328420518.4931,84968856765.8144,130.08441020128626,5765859512.289607,1760146297.3852415,0.0,501641694.75479376,2287903111.043557,9.0,0.17982923009950613,58.80073148692621,80.0,49.95,59.16666666666666,36.81378951099509,21.638333333333332,31.541666666666668
2042,B_moderate,util_improved,fcap_partial,4322681.660769628,2548755.0,90009.9964764,63907.09749824401,63907.09749824401,61989.88457329669,613174.6607696284,90535.05478917902,11589826.66367274,4193001.2109465394,2.8075492111896705,3344.1609492570356,2197.7660459135773,1579860.5798844758,1038276.5639670658,133286.51718431318,89785.12127492284,47931.591267972355,0.2937367815120278,63411.928723959914,0.13449769684292345,46.956428796244076,116416598.5436641,371005.72220542154,4756200.335213808,558970567175.4437,87706763370.27678,131.00102581580956,6537548749.059412,2219967894.735994,0.0,632690849.9997582,2156853955.7985926,9.0,0.22680791815375984,61.09983947367997,80.0,49.95,59.16666666666666,36.864591072757705,21.67833333333333,31.541666666666668
2043,B_moderate,util_improved,fcap_partial,4381401.540274949,2718672.0,90009.9964764,63907.09749824401,63907.09749824401,61989.88457329669,671894.5402749488,90535.05478917902,11655028.870817518,4249959.4940667,2.8063907048823533,3447.027633370378,2210.116607073677,1637114.1304891948,1049661.7701702018,136596.77588830472,89770.72592611877,47924.8319503294,0.295434831469573,63249.32664123464,0.1345548110094636,47.71734239803019,87311653.27534522,373092.9313288296,4782957.832843234,576118475253.4784,90532073246.64532,131.9229069720834,7355412461.387518,2715489136.847354,0.0,773914404.0014958,2015630401.796855,9.0,0.2774339391834956,63.57744568423677,80.0,49.95,59.16666666666666,36.981074278084506,21.718333333333334,31.541666666666668
2044,B_moderate,util_improved,fcap_partial,4440050.955924863,2888589.0,90009.9964764,63907.09749824401,63907.09749824401,61989.88457329669,730543.955924863,90535.05478917902,11720511.238609126,4306849.427247117,2.805268618438289,3553.287264831487,2222.679668590912,1696606.3656964225,1061274.3056151962,139988.9302849762,89756.12978384888,47917.96986329421,0.29716250118318327,63083.97376075794,0.13461223044461995,48.47349560602833,58388793.06941638,375189.10876609833,4809830.302007698,593787268555.3579,93447531590.10173,132.8500478218291,8221976841.203849,3248887824.107838,0.0,925933029.8707339,1863611775.927617,9.0,0.3319297929705551,66.2444391205392,80.0,49.95,59.16666666666666,37.14947789541351,21.758333333333333,31.541666666666668
2045,B_moderate,util_improved,fcap_partial,4498629.992275997,3058506.0,90009.9964764,63907.09749824401,63907.09749824401,61989.88457329669,789122.9922759971,90535.05478917902,11786272.741203194,4363671.092507717,2.8041814594350427,3663.052631112963,2235.454582930829,1758426.2351392894,1073116.4364661584,143464.99834985196,89741.33280545988,47911.004971496404,0.2989197302576487,62915.87781028994,0.13466995430624237,49.22379186192063,29689961.281535856,377294.221678589,4836817.321724087,611992524336.0442,96455970086.96736,133.7824450212199,9139896548.55292,3822454752.536493,0.0,1089399604.4729002,1700145201.3254507,9.0,0.39052952374468874,69.11227376268246,80.0,49.95,59.16666666666666,37.35973604621315,21.798333333333332,31.541666666666668
2026,B_moderate,util_improved,fcap_high,3705055.5916,33983.4,18001.999295280002,12781.419499648802,0.0,0.0,-4451.408400000073,0.0,10141419.983388092,3593903.923852,2.8218394810394285,2022.8608386219394,1973.522769387258,870073.9380946757,848852.622531391,90065.85729695886,90065.85729695886,48061.022960284165,0.262943960601669,66383.58406431176,0.13324592085275141,56.48489111436993,0.0,324640.30345843616,4161807.292228237,330023427262.5827,50000980743.5128,110.86691960867587,65388815.23073341,-388363332.2999384,0.0,0.0,0.0,-1.0,0.0,48.05818333850031,80.0,69.9,59.16666666666666,17.0828370284787,21.03833333333333,31.541666666666668
2027,B_moderate,util_improved,fcap_high,3700609.52489008,101950.20000000001,36003.998590560004,25562.838999297604,1917.2129249473203,0.0,-8897.475109919906,1917.2129249473203,10138591.969245598,3589591.2391433776,2.824441919371599,2094.164752895718,1993.2561598055613,907501.2291789218,863772.7344951071,92317.98357652809,90066.32544051521,48061.233218176545,0.265571775029994,66147.25152284847,0.13324351178011645,57.91136618998981,0.0,324549.77497515595,4160646.7397710816,338180587363.98334,51233141206.15149,110.82827582316045,46859395.25643676,-411067494.1864199,0.0,0.0,0.0,-1.0,0.0,47.9446625290679,80.0,69.9,59.16666666666666,100.0,21.078333333333333,31.541666666666668
2028,B_moderate,util_improved,fcap_high,3697287.1676664315,203900.40000000002,54005.99788584,38344.2584989464,7668.851699789282,1084.822980032692,-12219.832333568484,8467.690418517332,10138529.387902834,3586368.5526364385,2.8269624939828675,2167.8026241448447,2013.0202397711885,946420.9896303847,878845.973452861,94625.94404593627,90066.33579625106,48061.237868946555,0.2682050142674922,65910.0929189968,0.1332434584712594,58.7886922419299,0.0,324547.7716633772,4160621.057816375,346632982925.8151,52513564552.79775,110.82742070232773,34583164.3872918,-432828327.9448123,0.0,0.0,48817034.10147113,-1.0,0.0,47.835858360275935,80.0,69.9,59.16666666666666,100.0,21.118333333333332,31.541666666666668
2029,B_moderate,util_improved,fcap_high,3698122.7586088367,339834.0,72007.99718112001,51125.67799859521,17254.916324525882,5114.165477296978,-11384.24139116332,20450.271199438084,10148594.466835864,3587179.0758505715,2.82912958964266,2243.291168662385,2032.311080723284,986522.5808389607,893740.768220575,96989.79674435296,90064.66812203234,48060.488740037006,0.2707802457633604,65676.93515335293,0.13325203318219198,57.5135205218824,0.0,324869.96818856837,4164751.5364839532,355648142134.2656,53893207513.90599,110.96496840352302,51042348.79275088,-445820652.3504368,0.0,0.0,230137446.478364,-1.0,0.0,47.770896738247814,80.0,69.9,59.16666666666666,96.08342106251234,21.15833333333333,31.541666666666668
2030,B_moderate,util_improved,fcap_high,3706945.734029392,509751.0,90009.9964764,63907.09749824401,28758.193874209806,12862.901048959062,-2561.2659706082195,35947.742342762256,10178040.06412278,3595737.36200851,2.830584950853452,2319.9226782108412,2050.4736060592063,1027336.2897894501,908015.5845472589,99409.12912087912,90059.76462604254,48058.28404707767,0.2732150519700033,65454.08135333206,0.13327712955506274,51.46173804957671,0.0,325812.5608091676,4176835.337540752,365586780532.21924,55440957097.03312,111.36756281679095,126380032.31178199,-439590890.78666055,0.0,0.0,578830547.2031578,-1.0,0.0,47.802045546066694,80.0,69.9,59.16666666666666,55.028082228424815,21.19833333333333,31.541666666666668
2031,B_moderate,util_improved,fcap_high,3726462.560710398,679668.0,90009.9964764,63907.09749824401,39858.856709654785,23246.206714986256,16955.560710398015,51841.43749057554,10233363.747055188,3614668.683889086,2.8310654840003013,2397.1179903871544,2067.0273304483862,1068464.9606665068,921333.9869713426,101883.82191054946,90050.45283368361,48054.08928176672,0.27544923079056977,65246.12486830297,0.13332432528896238,44.83013660322173,197747274.92676872,327583.5452714061,4199538.914302011,376743199691.86456,57213353433.78032,112.12476217508964,285008233.8258656,-207756913.03474912,0.0,0.0,1046079302.1743815,-1.0,0.0,48.96121543482626,80.0,69.9,59.16666666666666,44.1101001258418,21.238333333333333,31.541666666666668
2032,B_moderate,util_improved,fcap_high,3757224.3861657646,849585.0,90009.9964764,63907.09749824401,52403.819948560085,34176.5731123728,47717.38616576465,69011.67691091626,10315840.011632826,3644507.6545807915,2.8305167636750106,2474.677567696079,2081.8602057435064,1109757.026221311,933600.0055495474,104414.54363787557,90036.33373963645,48047.70988162268,0.2774693441112893,65054.01127071437,0.13339478882381278,42.62191016300017,282211936.26524335,330223.7198825021,4233385.290836778,389242466468.1678,59235083133.71738,113.25549122198323,537224801.4453969,-57275236.08977528,0.0,0.0,1537945790.0567758,-1.0,0.0,49.713623819551124,80.0,69.9,59.16666666666666,39.01457996452863,21.278333333333332,31.541666666666668
2033,B_moderate,util_improved,fcap_high,3799892.4688347154,1019502.0,90009.9964764,63907.09749824401,59685.7141729975,45761.44937437906,90385.46883471543,81520.6391515642,10427063.11024119,3685895.694769674,2.828908893172779,2552.3859421175894,2094.8620093845548,1151047.6180586112,944718.3853641829,107001.74835597131,90016.85098502308,48038.87208731971,0.27926264735473977,64878.50687240842,0.13349000672710148,41.823530822709294,312749946.0313695,333784.11877565034,4279028.711936656,403229813874.02765,61535342588.717926,114.78391230340692,896400548.1816038,77282018.37642923,0.0,44050750.47456466,2015214471.372493,9.0,0.021391489550361728,50.38641009188215,80.0,69.9,59.16666666666666,35.70997978944611,21.31833333333333,31.541666666666668
2034,B_moderate,util_improved,fcap_high,3851984.189451596,1189419.0,90009.9964764,63907.09749824401,63133.18254754027,54952.04383209745,142477.18945159577,88002.23011962257,10560973.152236516,3736424.663768048,2.8264916605025725,2630.6909282349584,2106.4688372858072,1192620.6334113798,954965.1660032467,109647.40738518069,89992.73360993316,48027.88095857054,0.2808851896531301,64715.10756250347,0.13360493681574032,41.569213968942286,322477565.6879576,338070.7568145743,4333982.3367930995,418559956538.7138,64087880473.172554,116.62950804664236,1349455627.5159864,224744492.52752602,0.0,128104360.74068983,2344737611.7036953,9.0,0.051804507594175,51.12372246263763,80.0,69.9,59.16666666666666,33.4276761862821,21.35833333333333,31.541666666666668
2035,B_moderate,util_improved,fcap_high,3909058.5458157347,1359336.0,90009.9964764,63907.09749824401,64411.32449750515,59845.83526973636,199551.54581573466,90716.81722564693,10706818.78727938,3791786.7894412624,2.823686926990186,2710.509597557501,2117.445765474164,1235087.725421502,964848.5570903413,112354.78769263213,89965.66508601057,48015.4847483985,0.2824338503071997,64556.3159003206,0.13373046188667162,41.7969800235613,313765514.0987804,342739.4690162147,4393834.056616882,434880083815.6989,66825992298.828804,118.64626903995642,1866601913.8471034,377848386.0184027,0.0,215373580.0304895,2477689007.107647,9.0,0.07997347743015608,51.88924193009201,80.0,69.9,59.16666666666666,32.03862451401122,21.398333333333333,31.541666666666668
2036,B_moderate,util_improved,fcap_high,3968246.4409124423,1529253.0,90009.9964764,63907.09749824401,64159.21099787459,61962.40239113586,258739.44091244228,90997.26287183506,10857721.91847669,3849199.047685069,2.820774343952565,2792.49060350192,2128.2821427217673,1278888.746012169,974698.3847509522,115126.70886012219,89936.8009574706,48002.203850276426,0.2839703596388568,64397.41524480939,0.13386071435458663,42.328285451811446,293443081.4682121,347570.07837712945,4455761.257429564,451958132490.3103,69705510075.256,120.74020634648905,2430216700.0731077,539136397.6583126,0.0,307307746.66523814,2481000360.935876,9.0,0.11021298034729259,52.69568198829156,80.0,69.9,59.16666666666666,31.278954501304398,21.438333333333333,31.541666666666668
2037,B_moderate,util_improved,fcap_high,4027748.803472735,1699170.0,90009.9964764,63907.09749824401,64075.17316466439,62336.3305407057,318241.803472735,90808.17774711215,11009370.972863698,3906916.339368553,2.817918280441875,2877.090168853697,2139.2773268571673,1324339.0897938209,984720.124011743,117965.69568401441,89906.9394407957,47988.40368283766,0.2855322190028584,64235.61151850969,0.13399198340272483,43.04097401121092,266182744.07118225,352424.5657286075,4517994.568094263,469644820103.4584,72697707245.02205,122.8518364803116,3029121231.9416685,710772336.9893966,0.0,405140232.083956,2399994642.247801,9.0,0.14442807573752373,53.55386168494698,80.0,69.9,59.16666666666666,31.01981112001024,21.47833333333333,31.541666666666668
2038,B_moderate,util_improved,fcap_high,4087025.69383707,1869087.0,90009.9964764,63907.09749824401,63907.09749824401,62186.88326064691,377518.6938370699,90605.08631685417,11160493.341037517,3964414.9230219577,2.8151678262098256,2964.5125298812286,2150.5177930573113,1371585.0017784096,994975.7072314308,120873.70117348107,89876.35185474988,47974.21107000359,0.28713018479425406,64070.13833806215,0.13412315757841878,43.82340260667502,236254850.29468057,357262.19315589755,4580011.738758216,487905572875.6363,75795895430.07443,124.9633793998019,3661749386.2515264,897768874.3909086,0.0,511728258.4028178,2286681488.326293,9.0,0.1828639494273294,54.48884437195454,80.0,69.9,59.16666666666666,31.097889234816428,21.51833333333333,31.541666666666668
2039,B_moderate,util_improved,fcap_high,4146098.392030385,2039004.0,90009.9964764,63907.09749824401,63907.09749824401,62057.81515514159,436591.39203038486,90535.05478917902,11311152.960679824,4021715.440269473,2.81251946555471,3054.846410226614,2161.997883387064,1420694.389714473,1005464.0564645327,123852.40053739777,89845.05492348377,47959.63576559504,0.2887635231871121,63901.080322839,0.13425427867130538,44.62244851347155,205691344.35971338,362085.00738898595,4641839.007986663,506760183740.6653,79003968419.76332,127.07558414460816,4330594083.612012,1103963266.91423,0.0,629259062.141111,2163342619.8402605,9.0,0.2253307609893893,55.51981633457115,80.0,69.9,59.16666666666666,31.405463611025507,21.558333333333334,31.541666666666668
2040,B_moderate,util_improved,fcap_high,4205030.171458192,2208921.0,90009.9964764,63907.09749824401,63907.09749824401,61989.88457329669,495523.17145819217,90535.05478917902,11460267.766340356,4078879.2663144465,2.8099819008792695,3148.173963651994,2173.7056888389725,1471731.154365817,1016179.6710164779,126903.85529072133,89813.30963603007,47944.80168190587,0.29042987472319426,63728.8413699624,0.13438438846534123,45.424943646747174,174995905.5119206,366858.370077749,4703032.320816004,526177351852.27515,82315692103.59146,129.17306860202913,5037940930.010165,1333953772.971773,0.0,760353650.5939106,2029191155.20444,9.0,0.2725726609636951,56.66976886485887,80.0,69.9,59.16666666666666,31.860493493924302,21.598333333333333,31.541666666666668
2041,B_moderate,util_improved,fcap_high,4263891.232750686,2378838.0,90009.9964764,63907.09749824401,63907.09749824401,61989.88457329669,554384.2327506859,90535.05478917902,11524905.827373838,4135974.495768165,2.808745718029119,3244.5781879048773,2185.628766067678,1524760.2761088994,1027116.5395995099,130056.18449479068,89799.31584754957,47938.247840623946,0.2920684299793341,63571.77065473744,0.13444088894183173,46.191898183875416,145659894.4667653,368927.52013595065,4729558.30575749,542328420518.4931,84968856765.8144,130.08441020128626,5765859512.289607,1760146297.3852415,0.0,1003283389.5095875,1786261416.2887633,9.0,0.35965846019901226,58.80073148692621,80.0,69.9,59.16666666666666,31.826289510995093,21.638333333333332,31.541666666666668
2042,B_moderate,util_improved,fcap_high,4322681.660769628,2548755.0,90009.9964764,63907.09749824401,63907.09749824401,61989.88457329669,613174.6607696284,90535.05478917902,11589826.66367274,4193001.2109465394,2.8075492111896705,3344.1609492570356,2197.7660459135773,1579860.5798844758,1038276.5639670658,133286.51718431318,89785.12127492284,47931.591267972355,0.2937367815120278,63411.928723959914,0.13449769684292345,46.956428796244076,116416598.5436641,371005.72220542154,4756200.335213808,558970567175.4437,87706763370.27678,131.00102581580956,6537548749.059412,2219967894.735994,0.0,1265381699.9995165,1524163105.7988343,9.0,0.45361583630751967,61.09983947367997,80.0,69.9,59.16666666666666,31.8770910727577,21.67833333333333,31.541666666666668
2043,B_moderate,util_improved,fcap_high,4381401.540274949,2718672.0,90009.9964764,63907.09749824401,63907.09749824401,61989.88457329669,671894.5402749488,90535.05478917902,11655028.870817518,4249959.4940667,2.8063907048823533,3447.027633370378,2210.116607073677,1637114.1304891948,1049661.7701702018,136596.77588830472,89770.72592611877,47924.8319503294,0.295434831469573,63249.32664123464,0.1345548110094636,47.71734239803019,87311653.27534522,373092.9313288296,4782957.832843234,576118475253.4784,90532073246.64532,131.9229069720834,7355412461.387518,2715489136.847354,0.0,1547828808.0029917,1241715997.7953591,9.0,0.5548678783669913,63.57744568423677,80.0,69.9,59.16666666666666,31.99357427808451,21.718333333333334,31.541666666666668
2044,B_moderate,util_improved,fcap_high,4440050.955924863,2888589.0,90009.9964764,63907.09749824401,63907.09749824401,61989.88457329669,730543.955924863,90535.05478917902,11720511.238609126,4306849.427247117,2.805268618438289,3553.287264831487,2222.679668590912,1696606.3656964225,1061274.3056151962,139988.9302849762,89756.12978384888,47917.96986329421,0.29716250118318327,63083.97376075794,0.13461223044461995,48.47349560602833,58388793.06941638,375189.10876609833,4809830.302007698,593787268555.3579,93447531590.10173,132.8500478218291,8221976841.203849,3248887824.107838,0.0,1851866059.7414677,937678746.0568831,9.0,0.6638595859411102,66.2444391205392,80.0,69.9,59.16666666666666,32.16197789541351,21.758333333333333,31.541666666666668
2045,B_moderate,util_improved,fcap_high,4498629.992275997,3058506.0,90009.9964764,63907.09749824401,63907.09749824401,61989.88457329669,789122.9922759971,90535.05478917902,11786272.741203194,4363671.092507717,2.8041814594350427,3663.052631112963,2235.454582930829,1758426.2351392894,1073116.4364661584,143464.99834985196,89741.33280545988,47911.004971496404,0.2989197302576487,62915.87781028994,0.13466995430624237,49.22379186192063,29689961.281535856,377294.221678589,4836817.321724087,611992524336.0442,96455970086.96736,133.7824450212199,9139896548.55292,3822454752.536493,0.0,2178799208.9458003,610745596.8525505,9.0,0.7810590474893775,69.11227376268246,80.0,69.9,59.16666666666666,32.372236046213146,21.798333333333332,31.541666666666668
2026,B_moderate,util_current_drag,fcap_none,3705055.5916,33983.4,18001.999295280002,12781.419499648802,0.0,0.0,-4451.408400000073,0.0,10141419.983388092,3593903.923852,2.8218394810394285,2022.8608386219394,1973.522769387258,870073.9380946757,848852.622531391,90065.85729695886,90065.85729695886,48061.022960284165,0.262943960601669,66383.58406431176,0.13324592085275141,56.48489111436993,0.0,324640.30345843616,4161807.292228237,330023427262.5827,50000980743.5128,110.86691960867587,65388815.23073341,-388363332.2999384,0.0,0.0,0.0,-1.0,0.0,48.05818333850031,80.0,30.0,30.0,34.5578370284787,21.03833333333333,38.833333333333336
2027,B_moderate,util_current_drag,fcap_none,3700609.52489008,101950.20000000001,36003.998590560004,25562.838999297604,1917.2129249473203,0.0,-8897.475109919906,1917.2129249473203,10138591.969245598,3589591.2391433776,2.824441919371599,2094.164752895718,1993.2561598055613,907501.2291789218,863772.7344951071,92317.98357652809,90066.32544051521,48061.233218176545,0.265571775029994,66147.25152284847,0.13324351178011645,57.91136618998981,0.0,324549.77497515595,4160646.7397710816,338180587363.98334,51233141206.15149,110.82827582316045,46859395.25643676,-411067494.1864199,0.0,0.0,0.0,-1.0,0.0,47.9446625290679,80.0,30.0,30.0,100.0,21.078333333333333,38.833333333333336
2028,B_moderate,util_current_drag,fcap_none,3696264.6541064596,203900.40000000002,54005.99788584,38344.2584989464,7668.851699789282,92.98482685994503,-13242.34589354042,9490.203978489237,10136039.87413837,3585376.7144832658,2.827050176678353,2167.9823269292065,2013.1871116708876,946538.67424547,878955.2553171035,94626.37671492006,90066.74761681863,48061.42280687167,0.26822602102642656,65908.50227676798,0.133241337880738,59.29902325105468,0.0,324468.0790261249,4159599.418188392,346548682773.64246,52497446679.11052,110.79340468412036,27194555.871450853,-435481492.24776554,0.0,0.0,4184317.2086975263,-1.0,0.0,47.82259253876117,80.0,30.0,30.0,100.0,21.118333333333332,38.833333333333336
2029,B_moderate,util_current_drag,fcap_none,3694033.931385221,339834.0,72007.99718112001,51125.67799859521,17254.916324525882,2138.651017778736,-15473.06861477904,24540.3254393257,10138662.801167216,3583212.913443664,2.8294893566409387,2244.0356433618517,2032.9855380573028,987013.7132717455,894185.7099647383,96991.56887262531,90066.31371930211,48061.2279541531,0.27086515978347814,65670.48726261448,0.13324357211717797,59.61677719077391,0.0,324552.0423989059,4160675.8075750377,355303438063.4748,53827289047.49501,110.8292436827293,21300519.203989305,-456254033.44724107,0.0,0.0,96239295.80004312,-1.0,0.0,47.71872983276379,80.0,30.0,30.0,100.0,21.15833333333333,38.833333333333336
2030,B_moderate,util_current_drag,fcap_none,3697749.245598585,509751.0,90009.9964764,63907.09749824401,28758.193874209806,7903.710283095329,-11757.75440141512,45150.36438250939,10155743.959060766,3586816.7682306273,2.8314086320251546,2321.654202629246,2052.0040213405136,1028486.66633176,909032.3497865449,99413.23120769586,90063.48091423919,48059.95522604383,0.2734076898441648,65439.432658153026,0.13325812517908095,56.498766618811295,0.0,325098.83291651256,4167685.524912208,364793680246.10614,55289186872.90124,111.0626929001309,58655934.28700909,-463012126.31464916,0.0,0.0,355666962.7392898,-1.0,0.0,47.684939368426754,80.0,30.0,30.0,81.98334002579132,21.19833333333333,38.833333333333336
2031,B_moderate,util_current_drag,fcap_none,3711142.0267058765,679668.0,90009.9964764,63907.09749824401,39858.856709654785,17295.177795949774,1635.0267058764584,67179.1408901541,10196277.467046313,3599807.7659047,2.8324505446150665,2400.091356974126,2069.5912551376837,1070453.5504970213,923048.7417498763,101890.90043792712,90056.70922045632,48056.908793744245,0.27577173623851364,65221.61415880412,0.13329268132440245,48.758499346979214,47487399.97804506,326396.3642636234,4184319.551447955,375391329852.9951,56954290477.807655,111.6170595045858,170438780.4849012,-397268021.8670746,0.0,0.0,778283000.8177398,-1.0,0.0,48.01365989066463,80.0,30.0,30.0,69.11601487766644,21.238333333333333,38.833333333333336
2032,B_moderate,util_current_drag,fcap_none,3736001.883289811,849585.0,90009.9964764,63907.09749824401,52403.819948560085,28433.830205502592,26494.8832898112,90269.73382273213,10264529.14648934,3623921.826791117,2.8324366907158973,2478.9067558812017,2085.4180747362752,1112603.0793920862,935994.2911393195,104424.76874455124,90045.150817077,48051.69630339084,0.27791631942149325,65020.13392024169,0.1333509368253248,44.20652433764679,221600444.08501026,328581.19103958044,4212328.48290707,387326028496.92676,58867019158.86354,112.55176525304881,375735027.620754,-172867040.22223425,0.0,0.0,1279522359.2476168,-1.0,0.0,49.135664798888826,80.0,30.0,30.0,62.4907673827624,21.278333333333332,38.833333333333336
2033,B_moderate,util_current_drag,fcap_none,3769518.6810298637,1019502.0,90009.9964764,63907.09749824401,59685.7141729975,36860.0,60011.681029863656,111955.44799572963,10353611.001581514,3656433.1205989677,2.831615035771656,2558.581563661079,2099.9470445204297,1155241.2127157245,948160.2637983887,107017.10977887272,90029.77401607145,48044.73861492237,0.27990034196627833,64830.40948182629,0.13342709965576743,43.257017802867374,257919069.04032293,331432.81936353655,4248885.643022233,400419209930.69354,60993973268.191,113.77407818212085,658188367.4077353,-59939338.85111362,0.0,0.0,1658700000.0,-1.0,0.0,49.700303305744434,80.0,30.0,30.0,58.85150448433069,21.31833333333333,38.833333333333336
2034,B_moderate,util_current_drag,fcap_none,3802995.2586126276,1189419.0,90009.9964764,63907.09749824401,63133.18254754027,36860.0,93488.25861262763,137088.63054326992,10442412.923307244,3688905.4008542486,2.830761916770506,2640.9042061808445,2114.6468986037066,1199572.6363430286,960531.8319217183,109673.46803531375,90014.12279916303,48037.6314846008,0.281908682705959,64638.36001591855,0.13350316497245926,43.75442790771021,238893132.53008452,334275.4866491786,4285327.924873039,413912463036.71326,63189812052.574715,114.99516973941132,951738553.9698126,487019.23997446895,0.0,0.0,1658700000.0,10.0,0.0,50.002435096199875,80.0,30.0,30.0,57.505601955472265,21.35833333333333,38.833333333333336
2035,B_moderate,util_current_drag,fcap_none,3836431.6643022923,1359336.0,90009.9964764,63907.09749824401,64411.32449750515,36860.0,126924.66430229228,163499.95504077506,10531141.003193004,3721338.7143732235,2.82993347596061,2725.9641853652474,2129.5188647689056,1245665.969216787,973112.264236283,112395.37946871738,89998.1680723766,48030.36225893924,0.28394162819709995,64443.94169514974,0.13357930594392134,44.41422040535252,213656069.49526602,337115.7901595924,4321739.903718096,427825581462.5838,65458211572.36546,116.21784150035549,1264033456.571359,64503327.904948235,0.0,0.0,1658700000.0,10.0,0.0,50.32251663952474,80.0,30.0,30.0,57.03082465555068,21.398333333333333,38.833333333333336
2036,B_moderate,util_current_drag,fcap_none,3869827.9463051297,1529253.0,90009.9964764,63907.09749824401,64159.21099787459,36860.0,160320.94630512968,189659.16603864965,10619795.530789815,3753733.1079159756,2.829129089757207,2813.854084317567,2144.5642081544324,1293592.664829053,985904.8997547128,115184.45957697775,89981.91572517667,48022.934071246666,0.2859993620990743,64247.14522732348,0.13365552002800457,45.18187680591752,184293212.17365494,339953.7391636901,4358121.698382534,442171019484.5344,67801438823.62164,117.44207459804414,1596153084.1955717,134950818.94066134,0.0,0.0,1658700000.0,10.0,0.0,50.67475409470331,80.0,30.0,30.0,56.923833414599436,21.438333333333333,38.833333333333336
2037,B_moderate,util_current_drag,fcap_none,3903184.1527695637,1699170.0,90009.9964764,63907.09749824401,64075.17316466439,36860.0,193677.15276956372,215734.33920331404,10708376.800746575,3786088.628186477,2.828348158842718,2904.6696750764727,2159.7842310157557,1343427.1303322029,998913.1488880403,118042.36359446392,89965.37148870478,48015.34997073722,0.28808207361699184,64047.960716515714,0.13373180476300037,46.01750459178421,152330449.364254,342789.34309357376,4394473.429783536,456961589591.74207,70221829068.07578,118.66785059593971,1949234438.835416,214157725.64763135,0.0,0.0,1658700000.0,10.0,0.0,51.070788628238155,80.0,30.0,30.0,57.0290541997409,21.47833333333333,38.833333333333336
2038,B_moderate,util_current_drag,fcap_none,3936500.3317862405,1869087.0,90009.9964764,63907.09749824401,63907.09749824401,36860.0,226993.33178624045,241641.43670155806,10796885.112776771,3818405.321832653,2.8275901070645846,2998.510030219602,2175.1802725240696,1395246.8507510982,1012140.494601866,120970.78746898835,89948.54094113156,48007.61292537577,0.2901899574710374,63846.37767084273,0.13380815776498284,46.89311346896706,118838409.81201,345622.6115434696,4430795.220916677,472210472577.29956,72721787837.32974,119.89515147996207,2324474403.1866164,304046029.5084569,0.0,0.0,1658700000.0,10.0,0.0,51.520230147542286,80.0,30.0,30.0,57.262110825864376,21.51833333333333,38.833333333333336
2039,B_moderate,util_current_drag,fcap_none,3969776.531388097,2039004.0,90009.9964764,63907.09749824401,63907.09749824401,36860.0,260269.53138809698,267548.53419980203,10885320.771630423,3850683.235446454,2.8268543803937076,3095.4776384538404,2190.7537086006023,1449132.5185190379,1025590.493616048,123971.46886273744,89931.42951278016,47999.72582460187,0.2923232138712005,63642.38500957293,0.13388457672526874,47.78947883442412,84552434.58327727,348453.5542688299,4467087.196844408,487931227909.65265,75303792994.92924,121.12395965088602,2723132771.6912236,406254129.5565628,0.0,0.0,1658700000.0,10.0,0.0,52.03127064778281,80.0,30.0,30.0,57.58481369798996,21.558333333333334,38.833333333333336
2040,B_moderate,util_current_drag,fcap_none,4003012.7995504313,2208921.0,90009.9964764,63907.09749824401,63907.09749824401,36860.0,293505.7995504313,293455.63169804605,10973684.087071007,3882922.415563918,2.826140445939684,3195.678524337556,2206.5059517851205,1505168.168570137,1039266.7776480967,127046.18817775064,89914.04249103174,47991.69148193802,0.2944820484971793,63435.97106961029,0.1339610594079889,48.69349241608209,49973915.08486017,351282.1811855944,4503349.484686592,504137804392.2394,77970396857.97273,122.35425791703838,3146535431.9956923,522241017.8704635,0.0,0.0,1658700000.0,10.0,0.0,52.61120508935232,80.0,30.0,30.0,57.96982789291117,21.598333333333333,38.833333333333336
2041,B_moderate,util_current_drag,fcap_none,4036209.184190971,2378838.0,90009.9964764,63907.09749824401,63907.09749824401,36860.0,326702.18419097085,319362.7291962901,11061975.373857182,3915122.9086652417,2.825447791019279,3299.2223722854687,2222.438451137295,1563441.3192311735,1053173.0547005185,130196.7696065511,89896.3850250245,47983.51263748807,0.29666667248325507,63227.12361137696,0.134037603647766,49.596188737894124,15445780.775549749,354108.5023696051,4539582.213612996,520844551119.2839,80724228379.95729,123.5860294872832,3596077704.2356763,653364752.3648196,0.0,0.0,1658700000.0,10.0,0.0,53.2668237618241,80.0,30.0,30.0,58.39985548622164,21.638333333333332,38.833333333333336
2042,B_moderate,util_current_drag,fcap_none,4069365.7331699417,2548755.0,90009.9964764,63907.09749824401,63907.09749824401,36860.0,359858.7331699417,345269.8266945341,11150194.951729132,3947284.761174843,2.824775922274851,3406.222655012516,2238.5526921696965,1624043.119166818,1067313.1103924247,133425.08220854498,89878.46213015661,47975.19196033142,0.2988773024079507,63015.82982412025,0.1341142073474928,50.49136744023585,0.0,356932.52805616957,4575785.514837695,538066228735.9069,83567995396.61293,124.81925796428575,4073227845.925338,819733097.7876912,0.0,0.0,1658700000.0,10.0,0.0,54.09866548893846,80.0,30.0,30.0,58.863416418824166,21.67833333333333,38.833333333333336
2043,B_moderate,util_current_drag,fcap_none,4102482.4942901377,2718672.0,90009.9964764,63907.09749824401,63907.09749824401,36860.0,392975.49429013766,371176.92419277807,11238343.145399336,3979408.0194614334,2.8241243648396512,3516.7967665789424,2254.8501968112837,1687068.5006435597,1081690.809335785,136733.0410128198,89860.27869240174,47966.73205081771,0.3011141602883027,62802.076330666336,0.13419086847620654,51.374666544397975,0.0,359754.2686397646,4611959.521615278,555818021010.945,86504486936.52559,126.05392733804362,4579530730.612743,1018849248.8338225,0.0,0.0,1658700000.0,10.0,0.0,55.09424624416911,80.0,30.0,30.0,59.35259257606366,21.718333333333334,38.833333333333336
2044,B_moderate,util_current_drag,fcap_none,4135559.5152969896,2888589.0,90009.9964764,63907.09749824401,63907.09749824401,36860.0,426052.5152969896,397084.0216910221,11326420.284547608,4011492.72983808,2.8234926615471614,3631.0661602049354,2271.332523400337,1752616.3393895263,1096310.0965567648,140122.6081479911,89841.8394724476,47958.135442767234,0.3033774735785861,62585.84919164355,0.13426758506705455,52.242952749340986,0.0,362573.7346738784,4648104.369238818,574115546731.104,89536575598.40231,127.29002197967651,5116611708.865849,1236474637.5195396,0.0,0.0,1658700000.0,10.0,0.0,56.1823731875977,80.0,30.0,30.0,59.86174602555769,21.758333333333333,38.833333333333336
2045,B_moderate,util_current_drag,fcap_none,4168596.8438786333,3058506.0,90009.9964764,63907.09749824401,63907.09749824401,36860.0,459089.84387863334,422991.1191892661,11414426.703820283,4043538.9385622744,2.8228803721818023,3749.156491029495,2288.001266705876,1820789.6213398618,1111174.998962651,143595.79399975823,89823.14910966477,47949.40460558146,0.3056674751733493,62367.13390919426,0.13434435521534668,53.0939256859612,0.0,365390.936870984,4684220.19503953,592974871925.3029,92667219996.88353,128.52752663546545,5686180660.576512,1473887576.1149006,0.0,0.0,1658700000.0,10.0,0.0,57.3694378805745,80.0,30.0,30.0,60.386753588728965,21.798333333333332,38.833333333333336
2026,B_moderate,util_current_drag,fcap_partial,3705055.5916,33983.4,18001.999295280002,12781.419499648802,0.0,0.0,-4451.408400000073,0.0,10141419.983388092,3593903.923852,2.8218394810394285,2022.8608386219394,1973.522769387258,870073.9380946757,848852.622531391,90065.85729695886,90065.85729695886,48061.022960284165,0.262943960601669,66383.58406431176,0.13324592085275141,56.48489111436993,0.0,324640.30345843616,4161807.292228237,330023427262.5827,50000980743.5128,110.86691960867587,65388815.23073341,-388363332.2999384,0.0,0.0,0.0,-1.0,0.0,48.05818333850031,80.0,49.95,30.0,29.5703370284787,21.03833333333333,38.833333333333336
2027,B_moderate,util_current_drag,fcap_partial,3700609.52489008,101950.20000000001,36003.998590560004,25562.838999297604,1917.2129249473203,0.0,-8897.475109919906,1917.2129249473203,10138591.969245598,3589591.2391433776,2.824441919371599,2094.164752895718,1993.2561598055613,907501.2291789218,863772.7344951071,92317.98357652809,90066.32544051521,48061.233218176545,0.265571775029994,66147.25152284847,0.13324351178011645,57.91136618998981,0.0,324549.77497515595,4160646.7397710816,338180587363.98334,51233141206.15149,110.82827582316045,46859395.25643676,-411067494.1864199,0.0,0.0,0.0,-1.0,0.0,47.9446625290679,80.0,49.95,30.0,100.0,21.078333333333333,38.833333333333336
2028,B_moderate,util_current_drag,fcap_partial,3696264.6541064596,203900.40000000002,54005.99788584,38344.2584989464,7668.851699789282,92.98482685994503,-13242.34589354042,9490.203978489237,10136039.87413837,3585376.7144832658,2.827050176678353,2167.9823269292065,2013.1871116708876,946538.67424547,878955.2553171035,94626.37671492006,90066.74761681863,48061.42280687167,0.26822602102642656,65908.50227676798,0.133241337880738,59.29902325105468,0.0,324468.0790261249,4159599.418188392,346548682773.64246,52497446679.11052,110.79340468412036,27194555.871450853,-435481492.24776554,0.0,0.0,4184317.2086975263,-1.0,0.0,47.82259253876117,80.0,49.95,30.0,100.0,21.118333333333332,38.833333333333336
2029,B_moderate,util_current_drag,fcap_partial,3694033.931385221,339834.0,72007.99718112001,51125.67799859521,17254.916324525882,2138.651017778736,-15473.06861477904,24540.3254393257,10138662.801167216,3583212.913443664,2.8294893566409387,2244.0356433618517,2032.9855380573028,987013.7132717455,894185.7099647383,96991.56887262531,90066.31371930211,48061.2279541531,0.27086515978347814,65670.48726261448,0.13324357211717797,59.61677719077391,0.0,324552.0423989059,4160675.8075750377,355303438063.4748,53827289047.49501,110.8292436827293,21300519.203989305,-456254033.44724107,0.0,0.0,96239295.80004312,-1.0,0.0,47.71872983276379,80.0,49.95,30.0,100.0,21.15833333333333,38.833333333333336
2030,B_moderate,util_current_drag,fcap_partial,3697749.245598585,509751.0,90009.9964764,63907.09749824401,28758.193874209806,7903.710283095329,-11757.75440141512,45150.36438250939,10155743.959060766,3586816.7682306273,2.8314086320251546,2321.654202629246,2052.0040213405136,1028486.66633176,909032.3497865449,99413.23120769586,90063.48091423919,48059.95522604383,0.2734076898441648,65439.432658153026,0.13325812517908095,56.498766618811295,0.0,325098.83291651256,4167685.524912208,364793680246.10614,55289186872.90124,111.0626929001309,58655934.28700909,-463012126.31464916,0.0,0.0,355666962.7392898,-1.0,0.0,47.684939368426754,80.0,49.95,30.0,76.99584002579132,21.19833333333333,38.833333333333336
2031,B_moderate,util_current_drag,fcap_partial,3711142.0267058765,679668.0,90009.9964764,63907.09749824401,39858.856709654785,17295.177795949774,1635.0267058764584,67179.1408901541,10196277.467046313,3599807.7659047,2.8324505446150665,2400.091356974126,2069.5912551376837,1070453.5504970213,923048.7417498763,101890.90043792712,90056.70922045632,48056.908793744245,0.27577173623851364,65221.61415880412,0.13329268132440245,48.758499346979214,47487399.97804506,326396.3642636234,4184319.551447955,375391329852.9951,56954290477.807655,111.6170595045858,170438780.4849012,-397268021.8670746,0.0,0.0,778283000.8177398,-1.0,0.0,48.01365989066463,80.0,49.95,30.0,64.12851487766645,21.238333333333333,38.833333333333336
2032,B_moderate,util_current_drag,fcap_partial,3736001.883289811,849585.0,90009.9964764,63907.09749824401,52403.819948560085,28433.830205502592,26494.8832898112,90269.73382273213,10264529.14648934,3623921.826791117,2.8324366907158973,2478.9067558812017,2085.4180747362752,1112603.0793920862,935994.2911393195,104424.76874455124,90045.150817077,48051.69630339084,0.27791631942149325,65020.13392024169,0.1333509368253248,44.20652433764679,221600444.08501026,328581.19103958044,4212328.48290707,387326028496.92676,58867019158.86354,112.55176525304881,375735027.620754,-172867040.22223425,0.0,0.0,1279522359.2476168,-1.0,0.0,49.135664798888826,80.0,49.95,30.0,57.5032673827624,21.278333333333332,38.833333333333336
2033,B_moderate,util_current_drag,fcap_partial,3769518.6810298637,1019502.0,90009.9964764,63907.09749824401,59685.7141729975,36860.0,60011.681029863656,111955.44799572963,10353611.001581514,3656433.1205989677,2.831615035771656,2558.581563661079,2099.9470445204297,1155241.2127157245,948160.2637983887,107017.10977887272,90029.77401607145,48044.73861492237,0.27990034196627833,64830.40948182629,0.13342709965576743,43.257017802867374,257919069.04032293,331432.81936353655,4248885.643022233,400419209930.69354,60993973268.191,113.77407818212085,658188367.4077353,-59939338.85111362,0.0,0.0,1658700000.0,-1.0,0.0,49.700303305744434,80.0,49.95,30.0,53.864004484330685,21.31833333333333,38.833333333333336
2034,B_moderate,util_current_drag,fcap_partial,3802995.2586126276,1189419.0,90009.9964764,63907.09749824401,63133.18254754027,36860.0,93488.25861262763,137088.63054326992,10442412.923307244,3688905.4008542486,2.830761916770506,2640.9042061808445,2114.6468986037066,1199572.6363430286,960531.8319217183,109673.46803531375,90014.12279916303,48037.6314846008,0.281908682705959,64638.36001591855,0.13350316497245926,43.75442790771021,238893132.53008452,334275.4866491786,4285327.924873039,413912463036.71326,63189812052.574715,114.99516973941132,951738553.9698126,487019.23997446895,0.0,138800.48339272363,1658561199.5166073,10.0,8.36802817825548e-05,50.002435096199875,80.0,49.95,30.0,52.51810195547226,21.35833333333333,38.833333333333336
2035,B_moderate,util_current_drag,fcap_partial,3836443.2310092417,1359336.0,90009.9964764,63907.09749824401,64411.32449750515,36871.219705740914,126936.23100924166,163488.3883338257,10531169.164654415,3721349.9340789644,2.8299325113753064,2725.961698082538,2129.5169217076286,1245664.2643212841,973110.9323746411,112395.37308258536,89998.16295881956,48030.35992538828,0.2839413852501008,64443.95989832802,0.13357933013213313,44.412935378800235,213705221.76089102,337116.6916453205,4321751.460539099,427826712808.0916,65458430375.75948,116.21822997504118,1264136065.7535658,64592723.911938,0.0,18408926.314902328,1640795960.4434388,10.0,0.011095028987570442,50.32296361955969,80.0,49.95,30.0,52.042130810339515,21.398333333333333,38.833333333333336
2036,B_moderate,util_current_drag,fcap_partial,3871373.5763249393,1529253.0,90009.9964764,63907.09749824401,64159.21099787459,38348.05487712127,161866.57632493926,188113.5221387917,10623558.40370579,3755232.369035191,2.8290016062135823,2813.5140079635107,2144.3050207356487,1293358.160672999,985726.1736357788,115183.56784935153,89981.2191089803,48022.61517949921,0.28596701071212444,64249.55886015251,0.1336587578523975,45.02281143204888,190377462.7241302,340074.19371614116,4359665.895542999,442325896598.8828,67831469945.207504,117.49409292217919,1610239190.6581185,146602829.34416515,0.0,41781806.363087066,1683880663.10737,10.0,0.024212038624162917,50.733014146720826,80.0,49.95,30.0,51.80849733058335,21.438333333333333,38.833333333333336
2037,B_moderate,util_current_drag,fcap_partial,3908209.745230273,1699170.0,90009.9964764,63907.09749824401,64075.17316466439,40237.3626810162,198702.74523027288,210706.8781065322,10720576.262488423,3790963.4528733646,2.8279292047415416,2903.538220950231,2158.94293164153,1342642.2503079898,998329.5467269822,118039.34301724743,89963.06937154008,48014.292939502084,0.28797722621827493,64055.75419184173,0.13374232107381456,45.662954443961176,165891992.518485,343179.864043144,4399479.810440451,457476023905.35034,70321843114.64404,118.83686430710567,1995171738.0868893,245415573.44832188,0.0,69943438.43277173,1740737882.2129574,10.0,0.03862824321169246,51.22707786724161,80.0,49.95,30.0,51.698526834286824,21.47833333333333,38.833333333333336
2038,B_moderate,util_current_drag,fcap_partial,3947348.513405394,1869087.0,90009.9964764,63907.09749824401,63907.09749824401,42513.761273315715,237841.5134053938,230785.35573537854,10823179.19745923,3828928.058003232,2.8266864860092116,2996.0115150673296,2173.367798723731,1393503.3252636134,1010875.7056877724,120963.98625070829,89943.48385525394,48005.28411676861,0.28996445842209073,63863.07027056917,0.13383086565954996,46.31403489149666,140988165.40025273,346464.32006598986,4441585.713131099,473346429053.49725,72943233023.41936,120.26024432105267,2425201998.3712115,364685191.35563016,0.0,103935279.53635459,1809183977.7628527,10.0,0.05432765319768006,51.82342595677815,80.0,49.95,30.0,51.650942047986774,21.51833333333333,38.833333333333336
2039,B_moderate,util_current_drag,fcap_partial,3989272.9684840036,2039004.0,90009.9964764,63907.09749824401,63907.09749824401,45261.435095855326,279765.96848400356,248031.17993892633,10932534.567250088,3869594.779429483,2.825240158314958,3090.885421945628,2187.5036720889225,1445908.9797019882,1023309.1075286341,123958.71155270754,89922.17510014593,47995.45191887616,0.29191958530621076,63672.13103507886,0.13392542696541657,46.952182844542506,116579006.19624914,349964.93048266385,4486462.660953534,490020901037.6022,75712290767.90253,121.78101643120553,2908048727.793892,508929314.57059336,0.0,145044854.6526191,1891719724.6608706,10.0,0.07121336266634595,52.54464657285297,80.0,49.95,30.0,51.639223760439734,21.558333333333334,38.833333333333336
2040,B_moderate,util_current_drag,fcap_partial,4034572.9121428747,2208921.0,90009.9964764,63907.09749824401,63907.09749824401,48584.45908442004,325065.9121428747,261851.20621611876,11050067.710855262,3913535.7247785884,2.823551000414192,3188.079113683511,2201.258820476227,1499802.3653313413,1035561.8753269332,127024.6267583218,89898.78288812276,47984.624424691705,0.2938316292734218,63483.67704240804,0.134027273135092,47.556391936833975,93468008.41610044,353727.3222846904,4534695.5804989,507601225039.76263,78649388788.60938,123.41975914766613,3453145332.1791425,683321065.5784647,0.0,194746503.68986246,1991554155.1090395,10.0,0.08907581073357551,53.41660532789233,80.0,49.95,30.0,51.64169094534334,21.598333333333333,38.833333333333336
2041,B_moderate,util_current_drag,fcap_partial,4083960.299955792,2378838.0,90009.9964764,63907.09749824401,63907.09749824401,52602.009048263884,374453.2999557918,271529.42840687424,11177499.16219657,3961441.490957118,2.8215737093963718,3287.4736405286044,2214.524212488851,1555097.4938869341,1047552.4459078575,130162.69682315395,89872.85894166313,47972.586967225165,0.29568760650104275,63298.568391796915,0.13413794073173105,48.10772410416243,72379553.0157871,357806.57204471953,4586990.539619042,526210661582.9359,81779386981.819,125.20144117594812,4071957233.7474275,893852725.7515644,0.0,254748026.83919582,2112342380.3326793,10.0,0.10762074235413793,54.46926362875782,80.0,49.95,30.0,51.64373106939844,21.638333333333332,38.833333333333336
2042,B_moderate,util_current_drag,fcap_partial,4136059.547595845,2548755.0,90009.9964764,63907.09749824401,63907.09749824401,55290.0,426552.54759584507,278436.5259051182,11311464.495643314,4011977.7611679696,2.819423528496906,3389.460246709969,2227.5365202885964,1612069.7292632863,1059444.257731397,133375.39173942918,89844.98939120282,47959.605193500094,0.29751729533934884,63114.551147739665,0.13425455015817303,48.73198744542905,48501480.212338895,362094.98003633216,4641966.854825168,545740108939.47894,85081562013.73831,127.0799590991219,4754533034.598795,1132235302.9184856,0.0,322687061.3317684,2165362938.6682315,10.0,0.12969476551185402,55.66117651459243,80.0,49.95,30.0,51.70715913000047,21.67833333333333,38.833333333333336
2043,B_moderate,util_current_drag,fcap_partial,4188096.27613873,2718672.0,90009.9964764,63907.09749824401,63907.09749824401,55290.0,478589.2761387299,285343.62340336223,11445242.121530328,4062453.3878545677,2.817322693657958,3494.8132709566385,2240.755128850114,1671274.4501817082,1071564.2026092333,136666.49134976813,89816.5425827942,47946.314550189905,0.29937760654073986,62927.48103659283,0.13437126311884642,49.51655310759256,18491843.63458469,366377.3792600157,4696866.13913304,565903446989.0662,88499742016.09111,128.96140355953676,5475893974.082356,1386197436.9252152,0.0,395066269.5236863,2092983730.4763136,10.0,0.15878550251147938,56.930987184626076,80.0,49.95,30.0,51.90755800989745,21.718333333333334,38.833333333333336
2044,B_moderate,util_current_drag,fcap_partial,4240070.5606073635,2888589.0,90009.9964764,63907.09749824401,63907.09749824401,55290.0,530563.5606073635,292250.72090160626,11578896.646272393,4112868.4437891426,2.815284953681834,3603.6450990893636,2254.1798896586174,1732800.7738109112,1083914.9110705988,140037.88953859566,89787.52078821647,47932.71712451469,0.3012685776201253,62737.36211231306,0.13448812851592795,50.29549554785683,0.0,370655.83785278973,4751714.905540699,586723035967.5614,92038304835.71092,130.8466151090869,6240420555.408962,1677008981.2160244,0.0,477947559.6465669,2010102440.3534331,10.0,0.19209724870744838,58.385044906080125,80.0,49.95,30.0,52.215491525660084,21.758333333333333,38.833333333333336
2045,B_moderate,util_current_drag,fcap_partial,4291982.475934635,3058506.0,90009.9964764,63907.09749824401,63907.09749824401,55290.0,582475.4759346349,299157.8183998503,11712428.231481027,4163223.0016565956,2.813307917164301,3716.071989161293,2267.8107565567534,1796741.4822745593,1096499.1184612687,143491.5458188031,89757.93898308989,47918.82087510206,0.30319021790159445,62544.209904408846,0.13460513948764846,51.06629001115082,0.0,374930.3609880533,4806513.220369825,608218807618.999,95701155890.0048,132.73553326743908,7050496963.476555,2013395563.5043988,0.0,573817735.5987536,1914232264.4012465,10.0,0.23062950326510864,60.066977817521995,80.0,49.95,30.0,52.609102558370175,21.798333333333332,38.833333333333336
2026,B_moderate,util_current_drag,fcap_high,3705055.5916,33983.4,18001.999295280002,12781.419499648802,0.0,0.0,-4451.408400000073,0.0,10141419.983388092,3593903.923852,2.8218394810394285,2022.8608386219394,1973.522769387258,870073.9380946757,848852.622531391,90065.85729695886,90065.85729695886,48061.022960284165,0.262943960601669,66383.58406431176,0.13324592085275141,56.48489111436993,0.0,324640.30345843616,4161807.292228237,330023427262.5827,50000980743.5128,110.86691960867587,65388815.23073341,-388363332.2999384,0.0,0.0,0.0,-1.0,0.0,48.05818333850031,80.0,69.9,30.0,24.5828370284787,21.03833333333333,38.833333333333336
2027,B_moderate,util_current_drag,fcap_high,3700609.52489008,101950.20000000001,36003.998590560004,25562.838999297604,1917.2129249473203,0.0,-8897.475109919906,1917.2129249473203,10138591.969245598,3589591.2391433776,2.824441919371599,2094.164752895718,1993.2561598055613,907501.2291789218,863772.7344951071,92317.98357652809,90066.32544051521,48061.233218176545,0.265571775029994,66147.25152284847,0.13324351178011645,57.91136618998981,0.0,324549.77497515595,4160646.7397710816,338180587363.98334,51233141206.15149,110.82827582316045,46859395.25643676,-411067494.1864199,0.0,0.0,0.0,-1.0,0.0,47.9446625290679,80.0,69.9,30.0,100.0,21.078333333333333,38.833333333333336
2028,B_moderate,util_current_drag,fcap_high,3696264.6541064596,203900.40000000002,54005.99788584,38344.2584989464,7668.851699789282,92.98482685994503,-13242.34589354042,9490.203978489237,10136039.87413837,3585376.7144832658,2.827050176678353,2167.9823269292065,2013.1871116708876,946538.67424547,878955.2553171035,94626.37671492006,90066.74761681863,48061.42280687167,0.26822602102642656,65908.50227676798,0.133241337880738,59.29902325105468,0.0,324468.0790261249,4159599.418188392,346548682773.64246,52497446679.11052,110.79340468412036,27194555.871450853,-435481492.24776554,0.0,0.0,4184317.2086975263,-1.0,0.0,47.82259253876117,80.0,69.9,30.0,100.0,21.118333333333332,38.833333333333336
2029,B_moderate,util_current_drag,fcap_high,3694033.931385221,339834.0,72007.99718112001,51125.67799859521,17254.916324525882,2138.651017778736,-15473.06861477904,24540.3254393257,10138662.801167216,3583212.913443664,2.8294893566409387,2244.0356433618517,2032.9855380573028,987013.7132717455,894185.7099647383,96991.56887262531,90066.31371930211,48061.2279541531,0.27086515978347814,65670.48726261448,0.13324357211717797,59.61677719077391,0.0,324552.0423989059,4160675.8075750377,355303438063.4748,53827289047.49501,110.8292436827293,21300519.203989305,-456254033.44724107,0.0,0.0,96239295.80004312,-1.0,0.0,47.71872983276379,80.0,69.9,30.0,100.0,21.15833333333333,38.833333333333336
2030,B_moderate,util_current_drag,fcap_high,3697749.245598585,509751.0,90009.9964764,63907.09749824401,28758.193874209806,7903.710283095329,-11757.75440141512,45150.36438250939,10155743.959060766,3586816.7682306273,2.8314086320251546,2321.654202629246,2052.0040213405136,1028486.66633176,909032.3497865449,99413.23120769586,90063.48091423919,48059.95522604383,0.2734076898441648,65439.432658153026,0.13325812517908095,56.498766618811295,0.0,325098.83291651256,4167685.524912208,364793680246.10614,55289186872.90124,111.0626929001309,58655934.28700909,-463012126.31464916,0.0,0.0,355666962.7392898,-1.0,0.0,47.684939368426754,80.0,69.9,30.0,72.00834002579131,21.19833333333333,38.833333333333336
2031,B_moderate,util_current_drag,fcap_high,3711142.0267058765,679668.0,90009.9964764,63907.09749824401,39858.856709654785,17295.177795949774,1635.0267058764584,67179.1408901541,10196277.467046313,3599807.7659047,2.8324505446150665,2400.091356974126,2069.5912551376837,1070453.5504970213,923048.7417498763,101890.90043792712,90056.70922045632,48056.908793744245,0.27577173623851364,65221.61415880412,0.13329268132440245,48.758499346979214,47487399.97804506,326396.3642636234,4184319.551447955,375391329852.9951,56954290477.807655,111.6170595045858,170438780.4849012,-397268021.8670746,0.0,0.0,778283000.8177398,-1.0,0.0,48.01365989066463,80.0,69.9,30.0,59.14101487766644,21.238333333333333,38.833333333333336
2032,B_moderate,util_current_drag,fcap_high,3736001.883289811,849585.0,90009.9964764,63907.09749824401,52403.819948560085,28433.830205502592,26494.8832898112,90269.73382273213,10264529.14648934,3623921.826791117,2.8324366907158973,2478.9067558812017,2085.4180747362752,1112603.0793920862,935994.2911393195,104424.76874455124,90045.150817077,48051.69630339084,0.27791631942149325,65020.13392024169,0.1333509368253248,44.20652433764679,221600444.08501026,328581.19103958044,4212328.48290707,387326028496.92676,58867019158.86354,112.55176525304881,375735027.620754,-172867040.22223425,0.0,0.0,1279522359.2476168,-1.0,0.0,49.135664798888826,80.0,69.9,30.0,52.515767382762405,21.278333333333332,38.833333333333336
2033,B_moderate,util_current_drag,fcap_high,3769518.6810298637,1019502.0,90009.9964764,63907.09749824401,59685.7141729975,36860.0,60011.681029863656,111955.44799572963,10353611.001581514,3656433.1205989677,2.831615035771656,2558.581563661079,2099.9470445204297,1155241.2127157245,948160.2637983887,107017.10977887272,90029.77401607145,48044.73861492237,0.27990034196627833,64830.40948182629,0.13342709965576743,43.257017802867374,257919069.04032293,331432.81936353655,4248885.643022233,400419209930.69354,60993973268.191,113.77407818212085,658188367.4077353,-59939338.85111362,0.0,0.0,1658700000.0,-1.0,0.0,49.700303305744434,80.0,69.9,30.0,48.87650448433068,21.31833333333333,38.833333333333336
2034,B_moderate,util_current_drag,fcap_high,3802995.2586126276,1189419.0,90009.9964764,63907.09749824401,63133.18254754027,36860.0,93488.25861262763,137088.63054326992,10442412.923307244,3688905.4008542486,2.830761916770506,2640.9042061808445,2114.6468986037066,1199572.6363430286,960531.8319217183,109673.46803531375,90014.12279916303,48037.6314846008,0.281908682705959,64638.36001591855,0.13350316497245926,43.75442790771021,238893132.53008452,334275.4866491786,4285327.924873039,413912463036.71326,63189812052.574715,114.99516973941132,951738553.9698126,487019.23997446895,0.0,277600.96678544726,1658422399.0332146,10.0,0.0001673605635651096,50.002435096199875,80.0,69.9,30.0,47.530601955472264,21.35833333333333,38.833333333333336
2035,B_moderate,util_current_drag,fcap_high,3836454.797716191,1359336.0,90009.9964764,63907.09749824401,64411.32449750515,36882.43941148182,126947.79771619104,163476.82162687628,10531197.326115822,3721361.1537847053,2.8299315467958186,2725.9592108020984,2129.5149786481243,1245662.559428115,973109.6005148223,112395.36669641416,89998.15784523117,48030.35759182067,0.2839411423034095,64443.97810145367,0.1335793543203586,44.411651152646435,213754343.4112739,337117.59313104855,4321763.0173601,427827844153.44025,65458649179.299736,116.21861844998647,1264238674.7062585,64682089.07417904,0.0,36868790.77228205,1622840982.7443998,10.0,0.022213998712655936,50.3234104453709,80.0,69.9,30.0,47.05343696512831,21.398333333333333,38.833333333333336
2036,B_moderate,util_current_drag,fcap_high,3872923.451189955,1529253.0,90009.9964764,63907.09749824401,64159.21099787459,39840.227254092795,163416.45118995523,186563.63339372733,10627331.61154664,3756735.7476542564,2.828873874927842,2813.1730409544098,2144.04515450877,1293123.0565818017,985546.9902794056,115182.67296519034,89980.52002690385,48022.29511860828,0.2859345761328396,64251.97817279861,0.13366200481147808,44.87429432662855,196058242.00645792,340194.9791032439,4361214.333920747,442481196161.7638,67861586219.165596,117.54625874276009,1624359781.019249,157862456.4835402,0.0,89981600.19561791,1702828626.2385578,10.0,0.05019025375295161,50.789312282417704,80.0,69.9,30.0,46.69281015837845,21.438333333333333,38.833333333333336
2037,B_moderate,util_current_drag,fcap_high,3913774.4097314957,1699170.0,90009.9964764,63907.09749824401,64075.17316466439,44133.512682479115,204267.40973149566,205140.33987542358,10734088.107731843,3796361.177439551,2.827467568555063,2902.2866387877525,2158.0123103590013,1341774.2166221354,997684.1151714475,118035.98879239454,89960.51296657023,48013.118675628546,0.28786127235547393,64064.36524226221,0.13375397159793395,45.30746307881839,179489537.23519674,343612.39612911345,4405024.763332417,458045762719.74475,70432649601.09355,119.0241161596073,2046106810.0999577,278670049.62078005,0.0,158841928.28384462,1827166142.4277155,10.0,0.07998050492661576,51.3933502481039,80.0,69.9,30.0,46.33123529358551,21.47833333333333,38.833333333333336
2038,B_moderate,util_current_drag,fcap_high,3960314.707796805,1869087.0,90009.9964764,63907.09749824401,63907.09749824401,49699.72253627744,250807.70779680507,217810.61001668053,10854617.481410174,3841505.266562901,2.8256156709950564,2993.0331863398887,2171.20725837945,1391425.923688348,1009368.7162566591,120955.8086977322,89937.4033876133,48002.48164825683,0.28969578972903476,63882.9162870599,0.13385803098611804,45.700027975367895,164473929.94217798,347470.7012294527,4454487.267313501,474704426486.9371,73208178524.57976,120.69705537782455,2545651090.3312087,434208122.9241713,0.0,247498630.06677762,1988988884.0657072,10.0,0.1106639891807222,52.17104061462086,80.0,69.9,30.0,45.91808179327229,21.51833333333333,38.833333333333336
2039,B_moderate,util_current_drag,fcap_high,4012562.330147449,2039004.0,90009.9964764,63907.09749824401,63907.09749824401,55290.0,303055.3301474489,224717.70751492452,10988934.183759497,3892185.4602430253,2.8233326227659656,3085.428586425209,2183.6417211883327,1442081.627842234,1020600.3865297436,123943.32421338078,89911.0128106712,47990.28951409276,0.29144039017153606,63707.312156411215,0.13397427170813273,46.11117379535765,148747602.32756984,351770.3570056306,4509607.776297561,492516477408.01465,76200843335.35086,122.5668390187999,3128008829.0200043,624559203.1572977,0.0,355998745.79965967,2132051254.2003403,10.0,0.1430834371494382,53.12279601578649,80.0,69.9,30.0,45.50714617174039,21.558333333333334,38.833333333333336
2040,B_moderate,util_current_drag,fcap_high,4064747.255351272,2208921.0,90009.9964764,63907.09749824401,63907.09749824401,55290.0,355240.25535127195,231624.80501316854,11122991.587568913,3942804.837690734,2.821086015021619,3180.870898822624,2196.2817963884895,1494718.6844491882,1032051.7687758456,127003.76491099075,89884.01839141278,47977.77341076416,0.29321543504979497,63528.63683475091,0.13409057300991514,46.89858560845588,118629100.47656253,356061.7122916582,4564621.875079102,510906505706.8407,79298722122.14647,124.43871892429067,3740992474.0638466,815840836.3059347,0.0,465029276.69438267,2023020723.3056173,10.0,0.18690511713767113,54.079204181529676,80.0,69.9,30.0,45.371052144928115,21.598333333333333,38.833333333333336
2041,B_moderate,util_current_drag,fcap_high,4116869.5586448503,2378838.0,90009.9964764,63907.09749824401,63907.09749824401,55290.0,407362.5586448503,238531.90251141257,11256925.360719593,3993363.4718855047,2.818908281194982,3279.461553908078,2209.1270711718907,1549415.9359720037,1043725.2068352279,130138.87502545904,89856.41081085282,47964.93023493981,0.29502096305476827,63346.88595679012,0.1342070441910631,47.69600675366873,88127741.67217094,360349.1099963379,4619585.238660059,529898172404.938,82506426299.25616,126.31451347563343,4390956439.432572,1027570033.7468939,0.0,585714919.2357295,1902335080.7642705,10.0,0.23541123338989547,55.13785016873447,80.0,69.9,30.0,45.43450479656251,21.638333333333332,38.833333333333336
2042,B_moderate,util_current_drag,fcap_high,4168929.3151744762,2548755.0,90009.9964764,63907.09749824401,63907.09749824401,55290.0,459422.31517447624,245439.00000965656,11390735.628278377,4043861.435719242,2.816796720002454,3381.3054762621164,2222.17724545869,1606255.4635542717,1055623.1510469143,133350.4773314096,89828.20642475742,47951.76867841426,0.2968569451271474,63162.07947925314,0.13432367769572034,48.49480418518888,57573739.916525215,364632.55412322487,4674497.918365007,549509803686.78,85827531920.14409,128.1941584973407,5079962187.957601,1261560985.8191833,0.0,719089761.9169345,1768960238.0830655,10.0,0.2890174079769034,56.307804929095916,80.0,69.9,30.0,45.64691250655473,21.67833333333333,38.833333333333336
2043,B_moderate,util_current_drag,fcap_high,4220926.599996267,2718672.0,90009.9964764,63907.09749824401,63907.09749824401,55290.0,511419.5999962669,252346.09750790056,11524422.530901445,4094298.8019963787,2.8147487734119796,3486.5112046667728,2235.4321269679626,1665322.7211065306,1067748.1568245955,136640.43882907522,89799.4209949705,47938.297117470756,0.29872336844040437,62974.23547135494,0.1344404662668033,49.29002930298892,27156379.160673816,368912.0491749101,4729359.971916034,569760260755.6746,89265725725.45432,130.0775913812511,5810177162.354917,1519574302.197973,0.0,866157352.2528446,1621892647.7471554,10.0,0.3481269879033157,57.59787151098986,80.0,69.9,30.0,45.97339006859084,21.718333333333334,38.833333333333336
2044,B_moderate,util_current_drag,fcap_high,4272861.4880762715,2888589.0,90009.9964764,63907.09749824401,63907.09749824401,55290.0,563354.4880762715,259253.19500614458,11657986.224143326,4144675.6434339834,2.812762017363643,3595.1910164664746,2248.8916266610086,1726706.675154115,1080102.883454112,140010.67182379856,89770.0697173584,47924.523627731265,0.3006202357300143,62783.3701974263,0.13455740293174986,50.078631584103256,0.0,373187.6001309004,4784171.463149167,590668955003.0138,92824808447.06848,131.96475103630664,6583880087.489393,1806397732.9827015,0.0,1029646707.8001398,1458403292.19986,10.0,0.4138368231346395,59.031988664913506,80.0,69.9,30.0,46.38910268517396,21.758333333333333,38.833333333333336
2045,B_moderate,util_current_drag,fcap_high,4324734.05429058,3058506.0,90009.9964764,63907.09749824401,63907.09749824401,55290.0,615227.0542905796,266160.2925043886,11791426.877818128,4194992.032661862,2.8108341532024497,3707.46105644271,2262.5557545276897,1790499.9506916334,1092690.0930972733,143463.13503140173,89740.16724812472,47910.455998140176,0.3025475646737179,62589.498193792446,0.13467448098911627,50.85854922823773,0.0,377459.2124271704,4838932.461752241,612255863600.3279,96508698208.74188,133.85557784074382,7403466531.343594,2147687145.360555,0.0,1224181672.8555164,1263868327.1444836,10.0,0.492024546474354,60.73843572680278,80.0,69.9,30.0,46.87588989752737,21.798333333333332,38.833333333333336
2026,B_moderate,util_severe_bottleneck,fcap_none,3705055.5916,33983.4,18001.999295280002,12781.419499648802,0.0,0.0,-4451.408400000073,0.0,10141419.983388092,3593903.923852,2.8218394810394285,2022.8608386219394,1973.522769387258,870073.9380946757,848852.622531391,90065.85729695886,90065.85729695886,48061.022960284165,0.262943960601669,66383.58406431176,0.13324592085275141,56.48489111436993,0.0,324640.30345843616,4161807.292228237,330023427262.5827,50000980743.5128,110.86691960867587,65388815.23073341,-388363332.2999384,0.0,0.0,0.0,-1.0,0.0,48.05818333850031,80.0,30.0,0.0,39.0578370284787,21.03833333333333,49.25
2027,B_moderate,util_severe_bottleneck,fcap_none,3700609.52489008,101950.20000000001,36003.998590560004,25562.838999297604,1917.2129249473203,0.0,-8897.475109919906,1917.2129249473203,10138591.969245598,3589591.2391433776,2.824441919371599,2094.164752895718,1993.2561598055613,907501.2291789218,863772.7344951071,92317.98357652809,90066.32544051521,48061.233218176545,0.265571775029994,66147.25152284847,0.13324351178011645,57.91136618998981,0.0,324549.77497515595,4160646.7397710816,338180587363.98334,51233141206.15149,110.82827582316045,46859395.25643676,-411067494.1864199,0.0,0.0,0.0,-1.0,0.0,47.9446625290679,80.0,30.0,0.0,100.0,21.078333333333333,49.25
2028,B_moderate,util_severe_bottleneck,fcap_none,3696264.6541064596,203900.40000000002,54005.99788584,38344.2584989464,7668.851699789282,92.98482685994503,-13242.34589354042,9490.203978489237,10136039.87413837,3585376.7144832658,2.827050176678353,2167.9823269292065,2013.1871116708876,946538.67424547,878955.2553171035,94626.37671492006,90066.74761681863,48061.42280687167,0.26822602102642656,65908.50227676798,0.133241337880738,59.29902325105468,0.0,324468.0790261249,4159599.418188392,346548682773.64246,52497446679.11052,110.79340468412036,27194555.871450853,-435481492.24776554,0.0,0.0,4184317.2086975263,-1.0,0.0,47.82259253876117,80.0,30.0,0.0,100.0,21.118333333333332,49.25
2029,B_moderate,util_severe_bottleneck,fcap_none,3692436.253947765,339834.0,72007.99718112001,51125.67799859521,17254.916324525882,588.9039034463186,-17070.7460522349,26138.0028767818,10134772.935910244,3581663.166329332,2.829627596247937,2244.3266515483883,2033.2491771115374,987205.7144884728,894359.6535908348,96992.26171795369,90066.9570950659,48061.51686983154,0.2708983506524513,65667.96696972745,0.13324025873587522,60.480601223723006,0.0,324427.5226531992,4159079.4956563152,355168425729.7631,53801475626.24669,110.7760943972193,9368608.796658076,-460625799.1439338,0.0,0.0,26500675.655084338,-1.0,0.0,47.69687100428033,80.0,30.0,0.0,100.0,21.15833333333333,49.25
2030,B_moderate,util_severe_bottleneck,fcap_none,3691360.453061686,509751.0,90009.9964764,63907.09749824401,28758.193874209806,3254.468940098076,-18146.546938314103,51541.07413233379,10140226.138386974,3580619.6394698354,2.831975233171761,2322.8592489597245,2053.0691067064754,1029287.5187311415,909740.1866134806,99416.07247818785,90066.05496507346,48061.11174259856,0.2735417831949181,65429.22568459576,0.13324490384543633,60.31158179238455,0.0,324602.086896645,4161317.3654882354,364241641285.85803,55183605765.58259,110.85060582196238,10588768.974726185,-480252144.35418636,0.0,0.0,146451102.3044134,-1.0,0.0,47.59873927822907,80.0,30.0,0.0,93.06831338037479,21.19833333333333,49.25
2031,B_moderate,util_severe_bottleneck,fcap_none,3695330.8205180117,679668.0,90009.9964764,63907.09749824401,39858.856709654785,8148.0,-14176.179481988307,82999.93084198858,10157931.29000276,3584470.895902471,2.8338718837456964,2403.1731906736313,2072.2487106781787,1072515.9836179493,924827.1713663057,101898.1505510495,90063.11726402519,48059.79177161692,0.2761061940065782,65196.13273588705,0.13325998916863122,57.61461459271559,0.0,325168.85228085564,4168583.155606905,373993277393.8935,56686674225.56487,111.09259437824706,49462877.39033435,-487872269.68800104,0.0,0.0,366660000.0,-1.0,0.0,47.56063865156,80.0,30.0,0.0,81.38438524374222,21.238333333333333,49.25
2032,B_moderate,util_severe_bottleneck,fcap_none,3699296.4235333903,849585.0,90009.9964764,63907.09749824401,52403.819948560085,8148.0,-10210.576466609724,127003.75079054866,10175535.042915668,3588317.5308273886,2.835739857327902,2486.2849223236803,2091.625069662992,1117574.0666490719,940176.2099026643,104442.20171023188,90060.18320874781,48058.47236476351,0.27869697730659193,64960.68237279191,0.1332749939054159,58.65361906239705,0.0,325732.3717581098,4175807.33401225,384000998042.0609,58229736195.96985,111.33330161306378,86619263.9041425,-498913961.6868132,0.0,0.0,366660000.0,-1.0,0.0,47.505430191565935,80.0,30.0,0.0,77.36008976195525,21.278333333333332,49.25
2033,B_moderate,util_severe_bottleneck,fcap_none,3703257.2678251504,1019502.0,90009.9964764,63907.09749824401,59685.7141729975,8148.0,-6249.732174849603,178289.46496354614,10193154.802519172,3592159.549790396,2.8376119326642795,2572.2928205972826,2111.2005116323558,1164539.9262119618,955792.1510133988,107049.75032311317,90057.23337119514,48057.14479689595,0.2813145062447754,64722.82723160687,0.1332900180641473,59.69516508986544,0.0,326296.4036307584,4183038.0811980767,394275914260.5125,59814695328.25407,111.57433198839637,126030583.70625195,-509677635.70882696,0.0,0.0,366660000.0,-1.0,0.0,47.45161182145586,80.0,30.0,0.0,75.69688258206979,21.31833333333333,49.25
2034,B_moderate,util_severe_bottleneck,fcap_none,3707213.35910376,1189419.0,90009.9964764,63907.09749824401,63133.18254754027,8148.0,-2293.6408962397836,233022.64751108643,10210790.909189278,3595996.958330647,2.83948819409719,2661.2987620451363,2130.977397909925,1213495.0969522248,971679.9409971115,109722.38070170856,90054.26770237589,48055.809046639755,0.28395909963348076,64482.538927456786,0.1333050619300005,60.73552977156801,0.0,326860.95879468875,4190275.536846929,404825158020.66736,61442689039.67542,111.81569031230326,167831540.84177378,-520100346.1607718,0.0,0.0,366660000.0,-1.0,0.0,47.399498269196144,80.0,30.0,0.0,74.89866782102214,21.35833333333333,49.25
2035,B_moderate,util_severe_bottleneck,fcap_none,3711164.7030728357,1359336.0,90009.9964764,63907.09749824401,64411.32449750515,8148.0,1657.7030728356913,289033.9720085916,10228443.707962593,3599829.7619806505,2.8413687269296966,2753.4082494393765,2150.958123760474,1264524.6375951804,987844.6258321595,112461.71667074926,90051.28615148392,48054.4650917201,0.28663108088990186,64239.78866635823,0.13332012579258234,61.77105748945179,0.0,327426.0482949803,4197519.842553956,415656052081.6144,63114885713.444214,112.05738146464672,212164284.37965918,-530114113.4078142,0.0,0.0,366660000.0,-1.0,0.0,47.34942943296093,80.0,30.0,0.0,74.4765751778433,21.398333333333333,49.25
2036,B_moderate,util_severe_bottleneck,fcap_none,3715111.3054291485,1529253.0,90009.9964764,63907.09749824401,64159.21099787459,8148.0,5604.305429148488,344793.1830064662,10246113.54861893,3603657.966266274,2.8432536174444047,2848.730542778944,2171.14511899139,1317717.2853451585,1004291.3534029288,115269.42255251613,90048.28866587311,48053.11290894954,0.28933077811805924,63994.54723797643,0.13333520994600667,62.79821004320839,0.0,327991.68332854874,4204771.14186081,426776115122.30505,64832485547.55738,112.29941039835508,259178803.03011984,-539645607.407115,0.0,0.0,366660000.0,-1.0,0.0,47.30177196296442,80.0,30.0,0.0,74.24192148107001,21.438333333333333,49.25
2037,B_moderate,util_severe_bottleneck,fcap_none,3719053.1718626334,1699170.0,90009.9964764,63907.09749824401,64075.17316466439,8148.0,9546.171862633433,400468.35617113055,10263800.785765689,3607481.5767067545,2.845142952922699,2947.378795117107,2191.540848567076,1373165.6171609745,1021025.3757819158,118147.20417619593,90045.27519103164,48051.75247421559,0.2920585241925519,63746.78500822673,0.13335031468897104,63.813612572104034,0.0,328557.8752468473,4212029.580290275,438193067013.2376,66596721427.19461,112.54178214071264,309033340.21539366,-548615813.4010243,0.0,0.0,366660000.0,-1.0,0.0,47.25692093299488,80.0,30.0,0.0,74.11250117614861,21.47833333333333,49.25
2038,B_moderate,util_severe_bottleneck,fcap_none,3722990.3080563983,1869087.0,90009.9964764,63907.09749824401,63907.09749824401,8148.0,13483.308056398295,455975.4536693745,10281505.778924031,3611300.5988147063,2.847036821664363,3049.470193392826,2212.147813236577,1430966.2182198833,1038052.0515691938,121096.80991236986,90042.24567055568,48050.38376246783,0.29481465684412106,63496.47191171676,0.13336544032483513,64.81409427960494,0.0,329124.635558625,4219295.305381626,449914834231.49115,68408859821.3434,112.78450179467724,361894830.64413375,-556939678.7009001,0.0,0.0,366660000.0,-1.0,0.0,47.2153016064955,80.0,30.0,0.0,74.04795497947171,21.51833333333333,49.25
2039,B_moderate,util_severe_bottleneck,fcap_none,3726922.7196867308,2039004.0,90009.9964764,63907.09749824401,63907.09749824401,8148.0,17415.719686730765,511482.55116761854,10299228.89261693,3615115.038096129,2.8489353130076145,3155.126104454706,2232.968550174778,1491219.857896825,1055376.8482908872,124120.0317332591,90039.2000461222,48049.00674770474,0.2975995187470723,63243.577444024864,0.13338058716170104,65.79672318733931,0.0,329691.9759327457,4226568.466726774,461949555423.07745,70270201704.3408,113.02757454022715,417939359.4936178,-564525739.5414884,0.0,0.0,366660000.0,-1.0,0.0,47.177371302292556,80.0,30.0,0.0,74.0266263410997,21.558333333333334,49.25
2040,B_moderate,util_severe_bottleneck,fcap_none,3730850.412423107,2208921.0,90009.9964764,63907.09749824401,63907.09749824401,8148.0,21343.41242310684,566989.6486658626,10316970.496459091,3618924.9000504133,2.8508385173495507,3264.4722264736156,2254.00563363751,1554031.6736009968,1073005.344858334,127218.7062993674,90036.13825746135,48047.62140296027,0.3004134576086023,62988.07065381123,0.13339575551249502,66.7588343771711,0.0,330259.9082010665,4233849.216007159,474305587116.6895,72182083503.03938,113.27100563573701,477352645.3607788,-571275726.9315627,0.0,0.0,366660000.0,-1.0,0.0,47.143621365342185,80.0,30.0,0.0,74.03545417980716,21.598333333333333,49.25
2041,B_moderate,util_severe_bottleneck,fcap_none,3734773.391928199,2378838.0,90009.9964764,63907.09749824401,63907.09749824401,8148.0,25266.391928199213,622496.7461641066,10334730.965248868,3622730.1901703533,2.8527465261670213,3377.638745947667,2275.261675630918,1619511.362827718,1090943.2340896642,130394.71607317754,90033.06024232804,48046.22770028995,0.3032568262600803,62729.92013475702,0.13341094569505146,67.6980514197986,0.0,330828.44436137954,4241137.70703147,486991509593.04724,74145878070.32483,113.51480041938453,540330548.2027566,-577084150.3699868,0.0,0.0,366660000.0,-1.0,0.0,47.114579248150065,80.0,30.0,0.0,74.0661735432358,21.638333333333332,49.25
2042,B_moderate,util_severe_bottleneck,fcap_none,3738691.663857885,2548755.0,90009.9964764,63907.09749824401,63907.09749824401,8148.0,29184.66385788517,678003.8436623507,10352510.679062132,3626530.9139421484,2.854659432037942,3494.7605005111886,2296.7393265954574,1687773.383800269,1109196.325295584,133649.99046057276,90029.96593647276,48044.82561075668,0.30612998275033315,62469.09401732727,0.13342615803219837,68.61230092379441,0.0,331397.5965804175,4248434.095774168,500016132914.1523,76162995685.73581,113.75896431058763,607079603.550437,-581837858.2362893,0.0,0.0,366660000.0,-1.0,0.0,47.09081070881855,80.0,30.0,0.0,74.11329964659706,21.67833333333333,49.25
2043,B_moderate,util_severe_bottleneck,fcap_none,3742605.233861256,2718672.0,90009.9964764,63907.09749824401,63907.09749824401,8148.0,33098.233861255925,733510.9411605947,10370310.023348236,3630327.076845418,2.8565773286630534,3615.9771477675968,2318.4412761049,1758937.165093885,1127770.5469312053,136986.5069806734,90026.85527361176,48043.41510441628,0.30903329044098743,62205.559960352955,0.13344139285184506,69.49982035971054,0.0,331967.3771969256,4255738.540414873,513388503116.89886,78234885083.95735,114.00350281147448,677817584.3445827,-585415573.6020877,0.0,0.0,366660000.0,-1.0,0.0,47.072922131989564,80.0,30.0,0.0,74.17304991030764,21.718333333333334,49.25
2044,B_moderate,util_severe_bottleneck,fcap_none,3746514.107580622,2888589.0,90009.9964764,63907.09749824401,63907.09749824401,8148.0,37007.10758062219,789018.0386588387,10388129.389028039,3634118.6843532035,2.858500310888142,3741.433340374613,2340.370253580727,1833127.324652438,1146671.9493158276,140406.292464794,90023.72818539634,48041.996150302424,0.3119671181039199,61939.285142427616,0.1334566504870716,70.35915951058738,0.0,332537.79872479883,4263051.201378579,527117908575.60095,80363034511.98155,114.24842150838484,752774091.8135458,-587687404.143198,0.0,0.0,366660000.0,-1.0,0.0,47.06156297928401,80.0,30.0,0.0,74.24273146301964,21.758333333333333,49.25
2045,B_moderate,util_severe_bottleneck,fcap_none,3750418.2906515254,3058506.0,90009.9964764,63907.09749824401,63907.09749824401,8148.0,40911.29065152537,844525.1361570827,10405969.172594132,3637905.7419319795,2.8604284747267372,3871.278907619257,2362.529029022309,1910473.8986275694,1165906.7074226332,143911.42428524513,90020.58460138162,48040.56871641148,0.31493184002087216,61670.236253113915,0.1334719312762203,71.18917606585228,0.0,333108.8738562909,4270372.2413768,541213886538.1403,82548972815.75493,114.49372607340626,832191176.8848753,-588514324.7626518,0.0,0.0,366660000.0,-1.0,0.0,47.05742837618674,80.0,30.0,0.0,74.32037536594632,21.798333333333332,49.25
2026,B_moderate,util_severe_bottleneck,fcap_partial,3705055.5916,33983.4,18001.999295280002,12781.419499648802,0.0,0.0,-4451.408400000073,0.0,10141419.983388092,3593903.923852,2.8218394810394285,2022.8608386219394,1973.522769387258,870073.9380946757,848852.622531391,90065.85729695886,90065.85729695886,48061.022960284165,0.262943960601669,66383.58406431176,0.13324592085275141,56.48489111436993,0.0,324640.30345843616,4161807.292228237,330023427262.5827,50000980743.5128,110.86691960867587,65388815.23073341,-388363332.2999384,0.0,0.0,0.0,-1.0,0.0,48.05818333850031,80.0,49.95,0.0,34.070337028478704,21.03833333333333,49.25
2027,B_moderate,util_severe_bottleneck,fcap_partial,3700609.52489008,101950.20000000001,36003.998590560004,25562.838999297604,1917.2129249473203,0.0,-8897.475109919906,1917.2129249473203,10138591.969245598,3589591.2391433776,2.824441919371599,2094.164752895718,1993.2561598055613,907501.2291789218,863772.7344951071,92317.98357652809,90066.32544051521,48061.233218176545,0.265571775029994,66147.25152284847,0.13324351178011645,57.91136618998981,0.0,324549.77497515595,4160646.7397710816,338180587363.98334,51233141206.15149,110.82827582316045,46859395.25643676,-411067494.1864199,0.0,0.0,0.0,-1.0,0.0,47.9446625290679,80.0,49.95,0.0,100.0,21.078333333333333,49.25
2028,B_moderate,util_severe_bottleneck,fcap_partial,3696264.6541064596,203900.40000000002,54005.99788584,38344.2584989464,7668.851699789282,92.98482685994503,-13242.34589354042,9490.203978489237,10136039.87413837,3585376.7144832658,2.827050176678353,2167.9823269292065,2013.1871116708876,946538.67424547,878955.2553171035,94626.37671492006,90066.74761681863,48061.42280687167,0.26822602102642656,65908.50227676798,0.133241337880738,59.29902325105468,0.0,324468.0790261249,4159599.418188392,346548682773.64246,52497446679.11052,110.79340468412036,27194555.871450853,-435481492.24776554,0.0,0.0,4184317.2086975263,-1.0,0.0,47.82259253876117,80.0,49.95,0.0,100.0,21.118333333333332,49.25
2029,B_moderate,util_severe_bottleneck,fcap_partial,3692436.253947765,339834.0,72007.99718112001,51125.67799859521,17254.916324525882,588.9039034463186,-17070.7460522349,26138.0028767818,10134772.935910244,3581663.166329332,2.829627596247937,2244.3266515483883,2033.2491771115374,987205.7144884728,894359.6535908348,96992.26171795369,90066.9570950659,48061.51686983154,0.2708983506524513,65667.96696972745,0.13324025873587522,60.480601223723006,0.0,324427.5226531992,4159079.4956563152,355168425729.7631,53801475626.24669,110.7760943972193,9368608.796658076,-460625799.1439338,0.0,0.0,26500675.655084338,-1.0,0.0,47.69687100428033,80.0,49.95,0.0,100.0,21.15833333333333,49.25
2030,B_moderate,util_severe_bottleneck,fcap_partial,3691360.453061686,509751.0,90009.9964764,63907.09749824401,28758.193874209806,3254.468940098076,-18146.546938314103,51541.07413233379,10140226.138386974,3580619.6394698354,2.831975233171761,2322.8592489597245,2053.0691067064754,1029287.5187311415,909740.1866134806,99416.07247818785,90066.05496507346,48061.11174259856,0.2735417831949181,65429.22568459576,0.13324490384543633,60.31158179238455,0.0,324602.086896645,4161317.3654882354,364241641285.85803,55183605765.58259,110.85060582196238,10588768.974726185,-480252144.35418636,0.0,0.0,146451102.3044134,-1.0,0.0,47.59873927822907,80.0,49.95,0.0,88.08081338037479,21.19833333333333,49.25
2031,B_moderate,util_severe_bottleneck,fcap_partial,3695330.8205180117,679668.0,90009.9964764,63907.09749824401,39858.856709654785,8148.0,-14176.179481988307,82999.93084198858,10157931.29000276,3584470.895902471,2.8338718837456964,2403.1731906736313,2072.2487106781787,1072515.9836179493,924827.1713663057,101898.1505510495,90063.11726402519,48059.79177161692,0.2761061940065782,65196.13273588705,0.13325998916863122,57.61461459271559,0.0,325168.85228085564,4168583.155606905,373993277393.8935,56686674225.56487,111.09259437824706,49462877.39033435,-487872269.68800104,0.0,0.0,366660000.0,-1.0,0.0,47.56063865156,80.0,49.95,0.0,76.39688524374222,21.238333333333333,49.25
2032,B_moderate,util_severe_bottleneck,fcap_partial,3699296.4235333903,849585.0,90009.9964764,63907.09749824401,52403.819948560085,8148.0,-10210.576466609724,127003.75079054866,10175535.042915668,3588317.5308273886,2.835739857327902,2486.2849223236803,2091.625069662992,1117574.0666490719,940176.2099026643,104442.20171023188,90060.18320874781,48058.47236476351,0.27869697730659193,64960.68237279191,0.1332749939054159,58.65361906239705,0.0,325732.3717581098,4175807.33401225,384000998042.0609,58229736195.96985,111.33330161306378,86619263.9041425,-498913961.6868132,0.0,0.0,366660000.0,-1.0,0.0,47.505430191565935,80.0,49.95,0.0,72.37258976195525,21.278333333333332,49.25
2033,B_moderate,util_severe_bottleneck,fcap_partial,3703257.2678251504,1019502.0,90009.9964764,63907.09749824401,59685.7141729975,8148.0,-6249.732174849603,178289.46496354614,10193154.802519172,3592159.549790396,2.8376119326642795,2572.2928205972826,2111.2005116323558,1164539.9262119618,955792.1510133988,107049.75032311317,90057.23337119514,48057.14479689595,0.2813145062447754,64722.82723160687,0.1332900180641473,59.69516508986544,0.0,326296.4036307584,4183038.0811980767,394275914260.5125,59814695328.25407,111.57433198839637,126030583.70625195,-509677635.70882696,0.0,0.0,366660000.0,-1.0,0.0,47.45161182145586,80.0,49.95,0.0,70.7093825820698,21.31833333333333,49.25
2034,B_moderate,util_severe_bottleneck,fcap_partial,3707213.35910376,1189419.0,90009.9964764,63907.09749824401,63133.18254754027,8148.0,-2293.6408962397836,233022.64751108643,10210790.909189278,3595996.958330647,2.83948819409719,2661.2987620451363,2130.977397909925,1213495.0969522248,971679.9409971115,109722.38070170856,90054.26770237589,48055.809046639755,0.28395909963348076,64482.538927456786,0.1333050619300005,60.73552977156801,0.0,326860.95879468875,4190275.536846929,404825158020.66736,61442689039.67542,111.81569031230326,167831540.84177378,-520100346.1607718,0.0,0.0,366660000.0,-1.0,0.0,47.399498269196144,80.0,49.95,0.0,69.91116782102215,21.35833333333333,49.25
2035,B_moderate,util_severe_bottleneck,fcap_partial,3711164.7030728357,1359336.0,90009.9964764,63907.09749824401,64411.32449750515,8148.0,1657.7030728356913,289033.9720085916,10228443.707962593,3599829.7619806505,2.8413687269296966,2753.4082494393765,2150.958123760474,1264524.6375951804,987844.6258321595,112461.71667074926,90051.28615148392,48054.4650917201,0.28663108088990186,64239.78866635823,0.13332012579258234,61.77105748945179,0.0,327426.0482949803,4197519.842553956,415656052081.6144,63114885713.444214,112.05738146464672,212164284.37965918,-530114113.4078142,0.0,0.0,366660000.0,-1.0,0.0,47.34942943296093,80.0,49.95,0.0,69.48907517784332,21.398333333333333,49.25
2036,B_moderate,util_severe_bottleneck,fcap_partial,3715111.3054291485,1529253.0,90009.9964764,63907.09749824401,64159.21099787459,8148.0,5604.305429148488,344793.1830064662,10246113.54861893,3603657.966266274,2.8432536174444047,2848.730542778944,2171.14511899139,1317717.2853451585,1004291.3534029288,115269.42255251613,90048.28866587311,48053.11290894954,0.28933077811805924,63994.54723797643,0.13333520994600667,62.79821004320839,0.0,327991.68332854874,4204771.14186081,426776115122.30505,64832485547.55738,112.29941039835508,259178803.03011984,-539645607.407115,0.0,0.0,366660000.0,-1.0,0.0,47.30177196296442,80.0,49.95,0.0,69.25442148107001,21.438333333333333,49.25
2037,B_moderate,util_severe_bottleneck,fcap_partial,3719053.1718626334,1699170.0,90009.9964764,63907.09749824401,64075.17316466439,8148.0,9546.171862633433,400468.35617113055,10263800.785765689,3607481.5767067545,2.845142952922699,2947.378795117107,2191.540848567076,1373165.6171609745,1021025.3757819158,118147.20417619593,90045.27519103164,48051.75247421559,0.2920585241925519,63746.78500822673,0.13335031468897104,63.813612572104034,0.0,328557.8752468473,4212029.580290275,438193067013.2376,66596721427.19461,112.54178214071264,309033340.21539366,-548615813.4010243,0.0,0.0,366660000.0,-1.0,0.0,47.25692093299488,80.0,49.95,0.0,69.12500117614861,21.47833333333333,49.25
2038,B_moderate,util_severe_bottleneck,fcap_partial,3722990.3080563983,1869087.0,90009.9964764,63907.09749824401,63907.09749824401,8148.0,13483.308056398295,455975.4536693745,10281505.778924031,3611300.5988147063,2.847036821664363,3049.470193392826,2212.147813236577,1430966.2182198833,1038052.0515691938,121096.80991236986,90042.24567055568,48050.38376246783,0.29481465684412106,63496.47191171676,0.13336544032483513,64.81409427960494,0.0,329124.635558625,4219295.305381626,449914834231.49115,68408859821.3434,112.78450179467724,361894830.64413375,-556939678.7009001,0.0,0.0,366660000.0,-1.0,0.0,47.2153016064955,80.0,49.95,0.0,69.06045497947173,21.51833333333333,49.25
2039,B_moderate,util_severe_bottleneck,fcap_partial,3726922.7196867308,2039004.0,90009.9964764,63907.09749824401,63907.09749824401,8148.0,17415.719686730765,511482.55116761854,10299228.89261693,3615115.038096129,2.8489353130076145,3155.126104454706,2232.968550174778,1491219.857896825,1055376.8482908872,124120.0317332591,90039.2000461222,48049.00674770474,0.2975995187470723,63243.577444024864,0.13338058716170104,65.79672318733931,0.0,329691.9759327457,4226568.466726774,461949555423.07745,70270201704.3408,113.02757454022715,417939359.4936178,-564525739.5414884,0.0,0.0,366660000.0,-1.0,0.0,47.177371302292556,80.0,49.95,0.0,69.03912634109972,21.558333333333334,49.25
2040,B_moderate,util_severe_bottleneck,fcap_partial,3730850.412423107,2208921.0,90009.9964764,63907.09749824401,63907.09749824401,8148.0,21343.41242310684,566989.6486658626,10316970.496459091,3618924.9000504133,2.8508385173495507,3264.4722264736156,2254.00563363751,1554031.6736009968,1073005.344858334,127218.7062993674,90036.13825746135,48047.62140296027,0.3004134576086023,62988.07065381123,0.13339575551249502,66.7588343771711,0.0,330259.9082010665,4233849.216007159,474305587116.6895,72182083503.03938,113.27100563573701,477352645.3607788,-571275726.9315627,0.0,0.0,366660000.0,-1.0,0.0,47.143621365342185,80.0,49.95,0.0,69.04795417980716,21.598333333333333,49.25
2041,B_moderate,util_severe_bottleneck,fcap_partial,3734773.391928199,2378838.0,90009.9964764,63907.09749824401,63907.09749824401,8148.0,25266.391928199213,622496.7461641066,10334730.965248868,3622730.1901703533,2.8527465261670213,3377.638745947667,2275.261675630918,1619511.362827718,1090943.2340896642,130394.71607317754,90033.06024232804,48046.22770028995,0.3032568262600803,62729.92013475702,0.13341094569505146,67.6980514197986,0.0,330828.44436137954,4241137.70703147,486991509593.04724,74145878070.32483,113.51480041938453,540330548.2027566,-577084150.3699868,0.0,0.0,366660000.0,-1.0,0.0,47.114579248150065,80.0,49.95,0.0,69.07867354323581,21.638333333333332,49.25
2042,B_moderate,util_severe_bottleneck,fcap_partial,3738691.663857885,2548755.0,90009.9964764,63907.09749824401,63907.09749824401,8148.0,29184.66385788517,678003.8436623507,10352510.679062132,3626530.9139421484,2.854659432037942,3494.7605005111886,2296.7393265954574,1687773.383800269,1109196.325295584,133649.99046057276,90029.96593647276,48044.82561075668,0.30612998275033315,62469.09401732727,0.13342615803219837,68.61230092379441,0.0,331397.5965804175,4248434.095774168,500016132914.1523,76162995685.73581,113.75896431058763,607079603.550437,-581837858.2362893,0.0,0.0,366660000.0,-1.0,0.0,47.09081070881855,80.0,49.95,0.0,69.12579964659705,21.67833333333333,49.25
2043,B_moderate,util_severe_bottleneck,fcap_partial,3742605.233861256,2718672.0,90009.9964764,63907.09749824401,63907.09749824401,8148.0,33098.233861255925,733510.9411605947,10370310.023348236,3630327.076845418,2.8565773286630534,3615.9771477675968,2318.4412761049,1758937.165093885,1127770.5469312053,136986.5069806734,90026.85527361176,48043.41510441628,0.30903329044098743,62205.559960352955,0.13344139285184506,69.49982035971054,0.0,331967.3771969256,4255738.540414873,513388503116.89886,78234885083.95735,114.00350281147448,677817584.3445827,-585415573.6020877,0.0,0.0,366660000.0,-1.0,0.0,47.072922131989564,80.0,49.95,0.0,69.18554991030766,21.718333333333334,49.25
2044,B_moderate,util_severe_bottleneck,fcap_partial,3746514.107580622,2888589.0,90009.9964764,63907.09749824401,63907.09749824401,8148.0,37007.10758062219,789018.0386588387,10388129.389028039,3634118.6843532035,2.858500310888142,3741.433340374613,2340.370253580727,1833127.324652438,1146671.9493158276,140406.292464794,90023.72818539634,48041.996150302424,0.3119671181039199,61939.285142427616,0.1334566504870716,70.35915951058738,0.0,332537.79872479883,4263051.201378579,527117908575.60095,80363034511.98155,114.24842150838484,752774091.8135458,-587687404.143198,0.0,0.0,366660000.0,-1.0,0.0,47.06156297928401,80.0,49.95,0.0,69.25523146301964,21.758333333333333,49.25
2045,B_moderate,util_severe_bottleneck,fcap_partial,3750418.2906515254,3058506.0,90009.9964764,63907.09749824401,63907.09749824401,8148.0,40911.29065152537,844525.1361570827,10405969.172594132,3637905.7419319795,2.8604284747267372,3871.278907619257,2362.529029022309,1910473.8986275694,1165906.7074226332,143911.42428524513,90020.58460138162,48040.56871641148,0.31493184002087216,61670.236253113915,0.1334719312762203,71.18917606585228,0.0,333108.8738562909,4270372.2413768,541213886538.1403,82548972815.75493,114.49372607340626,832191176.8848753,-588514324.7626518,0.0,0.0,366660000.0,-1.0,0.0,47.05742837618674,80.0,49.95,0.0,69.33287536594634,21.798333333333332,49.25
2026,B_moderate,util_severe_bottleneck,fcap_high,3705055.5916,33983.4,18001.999295280002,12781.419499648802,0.0,0.0,-4451.408400000073,0.0,10141419.983388092,3593903.923852,2.8218394810394285,2022.8608386219394,1973.522769387258,870073.9380946757,848852.622531391,90065.85729695886,90065.85729695886,48061.022960284165,0.262943960601669,66383.58406431176,0.13324592085275141,56.48489111436993,0.0,324640.30345843616,4161807.292228237,330023427262.5827,50000980743.5128,110.86691960867587,65388815.23073341,-388363332.2999384,0.0,0.0,0.0,-1.0,0.0,48.05818333850031,80.0,69.9,0.0,29.0828370284787,21.03833333333333,49.25
2027,B_moderate,util_severe_bottleneck,fcap_high,3700609.52489008,101950.20000000001,36003.998590560004,25562.838999297604,1917.2129249473203,0.0,-8897.475109919906,1917.2129249473203,10138591.969245598,3589591.2391433776,2.824441919371599,2094.164752895718,1993.2561598055613,907501.2291789218,863772.7344951071,92317.98357652809,90066.32544051521,48061.233218176545,0.265571775029994,66147.25152284847,0.13324351178011645,57.91136618998981,0.0,324549.77497515595,4160646.7397710816,338180587363.98334,51233141206.15149,110.82827582316045,46859395.25643676,-411067494.1864199,0.0,0.0,0.0,-1.0,0.0,47.9446625290679,80.0,69.9,0.0,100.0,21.078333333333333,49.25
2028,B_moderate,util_severe_bottleneck,fcap_high,3696264.6541064596,203900.40000000002,54005.99788584,38344.2584989464,7668.851699789282,92.98482685994503,-13242.34589354042,9490.203978489237,10136039.87413837,3585376.7144832658,2.827050176678353,2167.9823269292065,2013.1871116708876,946538.67424547,878955.2553171035,94626.37671492006,90066.74761681863,48061.42280687167,0.26822602102642656,65908.50227676798,0.133241337880738,59.29902325105468,0.0,324468.0790261249,4159599.418188392,346548682773.64246,52497446679.11052,110.79340468412036,27194555.871450853,-435481492.24776554,0.0,0.0,4184317.2086975263,-1.0,0.0,47.82259253876117,80.0,69.9,0.0,100.0,21.118333333333332,49.25
2029,B_moderate,util_severe_bottleneck,fcap_high,3692436.253947765,339834.0,72007.99718112001,51125.67799859521,17254.916324525882,588.9039034463186,-17070.7460522349,26138.0028767818,10134772.935910244,3581663.166329332,2.829627596247937,2244.3266515483883,2033.2491771115374,987205.7144884728,894359.6535908348,96992.26171795369,90066.9570950659,48061.51686983154,0.2708983506524513,65667.96696972745,0.13324025873587522,60.480601223723006,0.0,324427.5226531992,4159079.4956563152,355168425729.7631,53801475626.24669,110.7760943972193,9368608.796658076,-460625799.1439338,0.0,0.0,26500675.655084338,-1.0,0.0,47.69687100428033,80.0,69.9,0.0,100.0,21.15833333333333,49.25
2030,B_moderate,util_severe_bottleneck,fcap_high,3691360.453061686,509751.0,90009.9964764,63907.09749824401,28758.193874209806,3254.468940098076,-18146.546938314103,51541.07413233379,10140226.138386974,3580619.6394698354,2.831975233171761,2322.8592489597245,2053.0691067064754,1029287.5187311415,909740.1866134806,99416.07247818785,90066.05496507346,48061.11174259856,0.2735417831949181,65429.22568459576,0.13324490384543633,60.31158179238455,0.0,324602.086896645,4161317.3654882354,364241641285.85803,55183605765.58259,110.85060582196238,10588768.974726185,-480252144.35418636,0.0,0.0,146451102.3044134,-1.0,0.0,47.59873927822907,80.0,69.9,0.0,83.09331338037478,21.19833333333333,49.25
2031,B_moderate,util_severe_bottleneck,fcap_high,3695330.8205180117,679668.0,90009.9964764,63907.09749824401,39858.856709654785,8148.0,-14176.179481988307,82999.93084198858,10157931.29000276,3584470.895902471,2.8338718837456964,2403.1731906736313,2072.2487106781787,1072515.9836179493,924827.1713663057,101898.1505510495,90063.11726402519,48059.79177161692,0.2761061940065782,65196.13273588705,0.13325998916863122,57.61461459271559,0.0,325168.85228085564,4168583.155606905,373993277393.8935,56686674225.56487,111.09259437824706,49462877.39033435,-487872269.68800104,0.0,0.0,366660000.0,-1.0,0.0,47.56063865156,80.0,69.9,0.0,71.40938524374221,21.238333333333333,49.25
2032,B_moderate,util_severe_bottleneck,fcap_high,3699296.4235333903,849585.0,90009.9964764,63907.09749824401,52403.819948560085,8148.0,-10210.576466609724,127003.75079054866,10175535.042915668,3588317.5308273886,2.835739857327902,2486.2849223236803,2091.625069662992,1117574.0666490719,940176.2099026643,104442.20171023188,90060.18320874781,48058.47236476351,0.27869697730659193,64960.68237279191,0.1332749939054159,58.65361906239705,0.0,325732.3717581098,4175807.33401225,384000998042.0609,58229736195.96985,111.33330161306378,86619263.9041425,-498913961.6868132,0.0,0.0,366660000.0,-1.0,0.0,47.505430191565935,80.0,69.9,0.0,67.38508976195524,21.278333333333332,49.25
2033,B_moderate,util_severe_bottleneck,fcap_high,3703257.2678251504,1019502.0,90009.9964764,63907.09749824401,59685.7141729975,8148.0,-6249.732174849603,178289.46496354614,10193154.802519172,3592159.549790396,2.8376119326642795,2572.2928205972826,2111.2005116323558,1164539.9262119618,955792.1510133988,107049.75032311317,90057.23337119514,48057.14479689595,0.2813145062447754,64722.82723160687,0.1332900180641473,59.69516508986544,0.0,326296.4036307584,4183038.0811980767,394275914260.5125,59814695328.25407,111.57433198839637,126030583.70625195,-509677635.70882696,0.0,0.0,366660000.0,-1.0,0.0,47.45161182145586,80.0,69.9,0.0,65.72188258206978,21.31833333333333,49.25
2034,B_moderate,util_severe_bottleneck,fcap_high,3707213.35910376,1189419.0,90009.9964764,63907.09749824401,63133.18254754027,8148.0,-2293.6408962397836,233022.64751108643,10210790.909189278,3595996.958330647,2.83948819409719,2661.2987620451363,2130.977397909925,1213495.0969522248,971679.9409971115,109722.38070170856,90054.26770237589,48055.809046639755,0.28395909963348076,64482.538927456786,0.1333050619300005,60.73552977156801,0.0,326860.95879468875,4190275.536846929,404825158020.66736,61442689039.67542,111.81569031230326,167831540.84177378,-520100346.1607718,0.0,0.0,366660000.0,-1.0,0.0,47.399498269196144,80.0,69.9,0.0,64.92366782102215,21.35833333333333,49.25
2035,B_moderate,util_severe_bottleneck,fcap_high,3711164.7030728357,1359336.0,90009.9964764,63907.09749824401,64411.32449750515,8148.0,1657.7030728356913,289033.9720085916,10228443.707962593,3599829.7619806505,2.8413687269296966,2753.4082494393765,2150.958123760474,1264524.6375951804,987844.6258321595,112461.71667074926,90051.28615148392,48054.4650917201,0.28663108088990186,64239.78866635823,0.13332012579258234,61.77105748945179,0.0,327426.0482949803,4197519.842553956,415656052081.6144,63114885713.444214,112.05738146464672,212164284.37965918,-530114113.4078142,0.0,0.0,366660000.0,-1.0,0.0,47.34942943296093,80.0,69.9,0.0,64.5015751778433,21.398333333333333,49.25
2036,B_moderate,util_severe_bottleneck,fcap_high,3715111.3054291485,1529253.0,90009.9964764,63907.09749824401,64159.21099787459,8148.0,5604.305429148488,344793.1830064662,10246113.54861893,3603657.966266274,2.8432536174444047,2848.730542778944,2171.14511899139,1317717.2853451585,1004291.3534029288,115269.42255251613,90048.28866587311,48053.11290894954,0.28933077811805924,63994.54723797643,0.13333520994600667,62.79821004320839,0.0,327991.68332854874,4204771.14186081,426776115122.30505,64832485547.55738,112.29941039835508,259178803.03011984,-539645607.407115,0.0,0.0,366660000.0,-1.0,0.0,47.30177196296442,80.0,69.9,0.0,64.26692148107,21.438333333333333,49.25
2037,B_moderate,util_severe_bottleneck,fcap_high,3719053.1718626334,1699170.0,90009.9964764,63907.09749824401,64075.17316466439,8148.0,9546.171862633433,400468.35617113055,10263800.785765689,3607481.5767067545,2.845142952922699,2947.378795117107,2191.540848567076,1373165.6171609745,1021025.3757819158,118147.20417619593,90045.27519103164,48051.75247421559,0.2920585241925519,63746.78500822673,0.13335031468897104,63.813612572104034,0.0,328557.8752468473,4212029.580290275,438193067013.2376,66596721427.19461,112.54178214071264,309033340.21539366,-548615813.4010243,0.0,0.0,366660000.0,-1.0,0.0,47.25692093299488,80.0,69.9,0.0,64.13750117614862,21.47833333333333,49.25
2038,B_moderate,util_severe_bottleneck,fcap_high,3722990.3080563983,1869087.0,90009.9964764,63907.09749824401,63907.09749824401,8148.0,13483.308056398295,455975.4536693745,10281505.778924031,3611300.5988147063,2.847036821664363,3049.470193392826,2212.147813236577,1430966.2182198833,1038052.0515691938,121096.80991236986,90042.24567055568,48050.38376246783,0.29481465684412106,63496.47191171676,0.13336544032483513,64.81409427960494,0.0,329124.635558625,4219295.305381626,449914834231.49115,68408859821.3434,112.78450179467724,361894830.64413375,-556939678.7009001,0.0,0.0,366660000.0,-1.0,0.0,47.2153016064955,80.0,69.9,0.0,64.07295497947172,21.51833333333333,49.25
2039,B_moderate,util_severe_bottleneck,fcap_high,3726922.7196867308,2039004.0,90009.9964764,63907.09749824401,63907.09749824401,8148.0,17415.719686730765,511482.55116761854,10299228.89261693,3615115.038096129,2.8489353130076145,3155.126104454706,2232.968550174778,1491219.857896825,1055376.8482908872,124120.0317332591,90039.2000461222,48049.00674770474,0.2975995187470723,63243.577444024864,0.13338058716170104,65.79672318733931,0.0,329691.9759327457,4226568.466726774,461949555423.07745,70270201704.3408,113.02757454022715,417939359.4936178,-564525739.5414884,0.0,0.0,366660000.0,-1.0,0.0,47.177371302292556,80.0,69.9,0.0,64.0516263410997,21.558333333333334,49.25
2040,B_moderate,util_severe_bottleneck,fcap_high,3730850.412423107,2208921.0,90009.9964764,63907.09749824401,63907.09749824401,8148.0,21343.41242310684,566989.6486658626,10316970.496459091,3618924.9000504133,2.8508385173495507,3264.4722264736156,2254.00563363751,1554031.6736009968,1073005.344858334,127218.7062993674,90036.13825746135,48047.62140296027,0.3004134576086023,62988.07065381123,0.13339575551249502,66.7588343771711,0.0,330259.9082010665,4233849.216007159,474305587116.6895,72182083503.03938,113.27100563573701,477352645.3607788,-571275726.9315627,0.0,0.0,366660000.0,-1.0,0.0,47.143621365342185,80.0,69.9,0.0,64.06045417980715,21.598333333333333,49.25
2041,B_moderate,util_severe_bottleneck,fcap_high,3734773.391928199,2378838.0,90009.9964764,63907.09749824401,63907.09749824401,8148.0,25266.391928199213,622496.7461641066,10334730.965248868,3622730.1901703533,2.8527465261670213,3377.638745947667,2275.261675630918,1619511.362827718,1090943.2340896642,130394.71607317754,90033.06024232804,48046.22770028995,0.3032568262600803,62729.92013475702,0.13341094569505146,67.6980514197986,0.0,330828.44436137954,4241137.70703147,486991509593.04724,74145878070.32483,113.51480041938453,540330548.2027566,-577084150.3699868,0.0,0.0,366660000.0,-1.0,0.0,47.114579248150065,80.0,69.9,0.0,64.09117354323581,21.638333333333332,49.25
2042,B_moderate,util_severe_bottleneck,fcap_high,3738691.663857885,2548755.0,90009.9964764,63907.09749824401,63907.09749824401,8148.0,29184.66385788517,678003.8436623507,10352510.679062132,3626530.9139421484,2.854659432037942,3494.7605005111886,2296.7393265954574,1687773.383800269,1109196.325295584,133649.99046057276,90029.96593647276,48044.82561075668,0.30612998275033315,62469.09401732727,0.13342615803219837,68.61230092379441,0.0,331397.5965804175,4248434.095774168,500016132914.1523,76162995685.73581,113.75896431058763,607079603.550437,-581837858.2362893,0.0,0.0,366660000.0,-1.0,0.0,47.09081070881855,80.0,69.9,0.0,64.13829964659705,21.67833333333333,49.25
2043,B_moderate,util_severe_bottleneck,fcap_high,3742605.233861256,2718672.0,90009.9964764,63907.09749824401,63907.09749824401,8148.0,33098.233861255925,733510.9411605947,10370310.023348236,3630327.076845418,2.8565773286630534,3615.9771477675968,2318.4412761049,1758937.165093885,1127770.5469312053,136986.5069806734,90026.85527361176,48043.41510441628,0.30903329044098743,62205.559960352955,0.13344139285184506,69.49982035971054,0.0,331967.3771969256,4255738.540414873,513388503116.89886,78234885083.95735,114.00350281147448,677817584.3445827,-585415573.6020877,0.0,0.0,366660000.0,-1.0,0.0,47.072922131989564,80.0,69.9,0.0,64.19804991030765,21.718333333333334,49.25
2044,B_moderate,util_severe_bottleneck,fcap_high,3746514.107580622,2888589.0,90009.9964764,63907.09749824401,63907.09749824401,8148.0,37007.10758062219,789018.0386588387,10388129.389028039,3634118.6843532035,2.858500310888142,3741.433340374613,2340.370253580727,1833127.324652438,1146671.9493158276,140406.292464794,90023.72818539634,48041.996150302424,0.3119671181039199,61939.285142427616,0.1334566504870716,70.35915951058738,0.0,332537.79872479883,4263051.201378579,527117908575.60095,80363034511.98155,114.24842150838484,752774091.8135458,-587687404.143198,0.0,0.0,366660000.0,-1.0,0.0,47.06156297928401,80.0,69.9,0.0,64.26773146301963,21.758333333333333,49.25
2045,B_moderate,util_severe_bottleneck,fcap_high,3750418.2906515254,3058506.0,90009.9964764,63907.09749824401,63907.09749824401,8148.0,40911.29065152537,844525.1361570827,10405969.172594132,3637905.7419319795,2.8604284747267372,3871.278907619257,2362.529029022309,1910473.8986275694,1165906.7074226332,143911.42428524513,90020.58460138162,48040.56871641148,0.31493184002087216,61670.236253113915,0.1334719312762203,71.18917606585228,0.0,333108.8738562909,4270372.2413768,541213886538.1403,82548972815.75493,114.49372607340626,832191176.8848753,-588514324.7626518,0.0,0.0,366660000.0,-1.0,0.0,47.05742837618674,80.0,69.9,0.0,64.34537536594632,21.798333333333332,49.25
2026,C_max_central,util_improved,fcap_none,3705055.5916,74679.975,60304.07981250001,51258.46784062501,0.0,0.0,-4451.408400000073,0.0,10141419.983388092,3593903.923852,2.8218394810394285,2022.8608386219394,1973.522769387258,870073.9380946757,848852.622531391,90065.85729695886,90065.85729695886,48061.022960284165,0.262943960601669,66383.58406431176,0.13324592085275141,56.48489111436993,0.0,343408.8872326838,4266242.67295994,338304954939.4916,55949564720.7934,124.05668452504084,73670342.90764228,-380081804.62302953,0.0,0.0,0.0,-1.0,0.0,48.099590976884855,80.0,30.0,66.66666666666666,27.0578370284787,31.63,23.258333333333336
2027,C_max_central,util_improved,fcap_none,3700609.52489008,224039.92500000002,120608.15962500001,102516.93568125002,7688.770176093751,0.0,-8897.475109919906,7688.770176093751,10138591.969245598,3589591.2391433776,2.824441919371599,2094.164752895718,1993.2561598055613,907501.2291789218,863772.7344951071,92317.98357652809,90066.32544051521,48061.233218176545,0.265571775029994,66147.25152284847,0.13324351178011645,57.91136618998981,0.0,343313.1249832805,4265052.997881479,346666808834.0119,57328314507.81133,124.01344331363656,55345616.72646532,-402581272.7163913,0.0,0.0,0.0,-1.0,0.0,47.987093636418045,80.0,30.0,66.66666666666666,100.0,31.67,23.258333333333336
2028,C_max_central,util_improved,fcap_none,3700653.909396267,448079.85000000003,180912.23943750001,153775.40352187504,30755.08070437501,4350.562457973047,-8853.09060373297,33958.73494441407,10146726.393992463,3589634.292114379,2.8266741312012047,2167.2110376289315,2012.4708928810035,946033.6030967897,878486.2465459664,94624.51747646743,90064.97796689345,48060.627950705304,0.26813586434728376,65915.32725232141,0.13325044157730567,56.711221206453615,0.0,343588.5729733228,4268474.947670748,355615832397.57074,58820460425.15494,124.13782932006197,67606303.35240234,-415397175.4970002,0.0,0.0,195775310.6087871,-1.0,0.0,47.923014122515,80.0,30.0,66.66666666666666,74.4377122925703,31.71,23.258333333333336
2029,C_max_central,util_improved,fcap_none,3717357.242689249,746799.75,241216.31925000003,205033.87136250004,62369.99999999999,20509.794444730083,7850.242689249106,75184.61696015624,10195347.625287758,3605836.5254085716,2.827456972451778,2239.795620261098,2029.144286395209,984217.6457258536,891652.6107686339,96981.39400233599,90056.86534074527,48056.97909163744,0.2703817343032229,65707.13390400275,0.1332918882614197,43.97112108354567,230604618.55437818,345234.9857007663,4288928.688084184,366235869389.8827,60652316931.69496,124.88183098379125,200700690.73826742,-156443743.47536445,0.0,0.0,922940750.0128537,-1.0,0.0,49.21778128262318,80.0,30.0,66.66666666666666,59.13205557617689,31.75,23.258333333333336
2030,C_max_central,util_improved,fcap_none,3762093.5309581785,1120199.625,301520.39906250004,256292.33920312507,99018.61199999998,47721.20345135156,52586.53095817845,125006.11199999998,10311864.296773462,3649230.725029433,2.825763859228246,2309.6097272681463,2041.3584601505988,1020493.5495873849,901967.5992806656,99384.02419034783,90037.02079804007,48048.02082365006,0.272069214470726,65540.71927623289,0.13339138933466674,38.7763152165455,429305942.96713465,349180.4746524618,4337944.348299203,379638617591.92035,63058001076.17178,126.66837413468176,543226070.4629197,140679789.47075963,0.0,0.0,2147454155.3108203,6.0,0.0,50.7033989473538,80.0,30.0,66.66666666666666,52.905129167051896,31.79,23.258333333333336
2031,C_max_central,util_improved,fcap_none,3841327.3757210285,1493599.5,301520.39906250004,256292.33920312507,157201.94841119993,81235.90628999998,131820.37572102854,198459.70341119994,10511746.811884524,3726087.5544493976,2.8211217955230903,2375.1708830792695,2048.1024085998984,1053824.906107428,908709.9138075582,101828.64243150412,90001.68221454133,48031.965368639525,0.2730752170233092,65424.45331134255,0.13356265131120124,36.157110225926864,529490533.8582974,355948.898818308,4422029.941533897,396591318250.31116,66204299301.20215,129.74490863758598,1153030248.379181,426724496.6060267,0.0,0.0,3655615783.049999,6.0,0.0,52.13362248303013,80.0,30.0,66.66666666666666,50.72002742161909,31.830000000000002,23.258333333333336
2032,C_max_central,util_improved,fcap_none,3949217.782870163,1866999.375,301520.39906250004,256292.33920312507,214655.33871822665,109125.0,239710.7828701632,300615.04212942655,10780632.319712626,3830741.249384058,2.814241844563643,2437.4568320245476,2050.5476947988172,1084814.2226577455,912616.492046005,104316.34085990024,89951.65379195972,48009.04549178091,0.27355330669623834,65345.08145437391,0.13379412733372406,34.37370787789155,597705673.6706483,365053.90316557843,4535143.374319028,416782702983.59125,70036064982.13693,133.90660607162513,1995391298.748653,751732518.2391214,0.0,0.0,4910625000.0,6.0,0.0,53.75866259119561,80.0,30.0,66.66666666666666,51.07219173680518,31.87,23.258333333333336
2033,C_max_central,util_improved,fcap_none,4056978.721530719,2240399.25,301520.39906250004,256292.33920312507,246856.298898065,109125.0,347471.7215307192,434971.34102749155,10969056.770615866,3935269.3598847976,2.80879206090895,2501.979076511617,2053.4907472930167,1117118.6047298836,916871.264023558,106880.63211912173,89914.96010555739,47992.11598897856,0.27405772007892104,65273.07113804119,0.1339570511475622,34.71386411785148,584694697.492181,371434.33422139735,4614408.845465003,434575236450.67194,73358748662.99693,136.8385031915778,2838024075.268055,1121284826.723602,0.0,0.0,4910625000.0,6.0,0.0,55.60642413361801,80.0,30.0,66.66666666666666,52.395448049771446,31.91,23.258333333333336
2034,C_max_central,util_improved,fcap_none,4164610.3470648825,2613799.125,301520.39906250004,256292.33920312507,260208.4378917784,109125.0,455103.3470648825,582679.77891927,11022181.685890844,4039672.036652936,2.8056486275421597,2568.7953655698725,2056.9073047922307,1150778.7708143184,921461.1999125435,109539.75506800922,89904.37833977459,47987.217457003935,0.27454600224499653,65221.49068226782,0.13400308926395083,35.11586940120659,569317995.4038479,373233.25075071905,4636757.173501386,447569029794.8915,75648205738.50331,137.66741784487778,3691681793.529421,1740656520.3153222,0.0,0.0,4910625000.0,6.0,0.0,58.70328260157661,80.0,30.0,66.66666666666666,52.96721818813379,31.95,23.258333333333336
2035,C_max_central,util_improved,fcap_none,4272112.814648405,2987199.0,301520.39906250004,256292.33920312507,262545.89700038766,109125.0,562605.8146484047,732725.6759196576,11075928.584713614,4143949.4302089526,2.8026759060058586,2637.9667124144535,2060.7753795438425,1185837.9588837693,926374.7181856993,112264.74926697815,89893.56876494041,47982.20642277501,0.27509536993897654,65164.2642104143,0.1340497115968603,35.54362904030954,552956189.20816,375053.22889452614,4659367.154517117,460965853022.7843,78012325424.06046,138.5070544004167,4591869599.824987,2398018125.0902867,0.0,0.0,4910625000.0,6.0,0.0,61.99009062545143,80.0,30.0,66.66666666666666,53.49613023568182,31.990000000000002,23.258333333333336
2036,C_max_central,util_improved,fcap_none,4379486.279270827,3360598.875,301520.39906250004,256292.33920312507,259485.4950385494,109125.0,669979.2792708268,879711.170958207,11130268.584558671,4248101.690892702,2.7998606941088013,2709.5573611717004,2065.075004811231,1222341.9287707407,931601.5230419956,115057.24339100585,89882.53464402177,47977.084228684165,0.27570317365747526,65101.634586287,0.13409689416249315,35.995224039262744,535682680.49820006,376893.2906323875,4682226.63835344,474777121408.1536,80453318262.64732,139.35699255057952,5541330516.450311,3095928462.1016064,0.0,0.0,4910625000.0,6.0,0.0,65.47964231050803,80.0,30.0,66.66666666666666,53.95231724979619,32.03,23.258333333333336
2037,C_max_central,util_improved,fcap_none,4486730.895735702,3733998.75,301520.39906250004,256292.33920312507,257333.58038398085,109125.0,777223.8957357015,1024544.7513421878,11185175.45765324,4352128.968863631,2.797191114343815,2783.6347714914036,2069.788016159186,1260338.9780823232,937132.4643051018,117918.90600360566,89871.2789300127,47971.85208849432,0.27636700500559713,65033.82273610247,0.1341446151808239,36.468938693355476,517563094.9791531,378752.5478391414,4705324.591639916,489014638277.7193,82973473707.91649,140.21685154130338,6542928535.457528,3837048100.02998,0.0,0.0,4910625000.0,6.0,0.0,69.1852405001499,80.0,30.0,66.66666666666666,54.3761813899337,32.07,23.258333333333336
2038,C_max_central,util_improved,fcap_none,4593846.818660819,4107398.625,301520.39906250004,256292.33920312507,256292.33920312507,109125.0,884339.818660819,1168337.090545313,11240625.343679609,4456031.414100994,2.794656452249511,2860.269618767007,2074.8978613175705,1299879.9701348501,942959.4162402808,120851.44655336707,89859.80430099467,47966.51110206339,0.277084671277603,64961.02996518383,0.1341928548364375,36.96322220273271,498656750.7454738,380630.1925564183,4728650.976935462,503690601193.63666,85575161479.51685,141.08628587981676,7599656321.466794,4624148402.2295065,0.0,0.0,4910625000.0,6.0,0.0,73.12074201114754,80.0,30.0,66.66666666666666,54.789226806669895,32.11,23.258333333333336
2039,C_max_central,util_improved,fcap_none,4700834.202478426,4480798.5,301520.39906250004,256292.33920312507,256292.33920312507,109125.0,991327.2024784256,1312129.4297484378,11296596.500017125,4559809.176404073,2.7922470178361483,2939.5358081073,2080.3894343077695,1341018.3726931107,949075.1723686812,123856.61639185087,89848.11319020484,47961.06226792677,0.27785417328513096,64883.439978511604,0.1342415950707996,37.47665550284321,479017927.01624715,382525.4885353322,4752196.647661373,518817609001.1928,88260833102.28337,141.96498160662938,8714643062.607765,5460120485.230425,0.0,0.0,4910625000.0,6.0,0.0,77.30060242615212,80.0,30.0,66.66666666666666,55.20293702073991,32.15,23.258333333333336
2040,C_max_central,util_improved,fcap_none,4807693.201435451,4854198.375,301520.39906250004,256292.33920312507,256292.33920312507,109125.0,1098186.2014354514,1455921.768951563,11353069.083855104,4663462.405392388,2.7899540263301494,3021.510500543827,2086.2489302528375,1383810.3065424827,955473.3538663835,126936.20981379897,89836.20781191795,47955.50649408852,0.2786736859535252,64801.2206488839,0.1342908194011905,38.00792308580697,458696941.9678833,384437.7638583857,4775953.256441656,534408669665.9653,91033023613.9167,142.85265304618088,9891162508.988537,6347984140.434898,0.0,0.0,4910625000.0,6.0,0.0,81.73992070217449,80.0,30.0,66.66666666666666,55.61806742134834,32.19,23.258333333333336
2041,C_max_central,util_improved,fcap_none,4914423.969593729,5227598.25,301520.39906250004,256292.33920312507,256292.33920312507,109125.0,1204916.969593729,1599714.108154688,11410024.961475322,4766991.250505917,2.7877694951704686,3106.2741502347976,2092.4637178891885,1428314.6031202404,962148.3295460219,130092.06512056106,89824.09018380185,47949.84460730843,0.27954154128686426,64714.52556913158,0.13434051276234898,38.55578940712455,437741055.177486,386366.404481391,4799913.174872929,550477208839.6539,93894353428.88786,143.7490399652187,11132641234.62152,7290896773.438574,0.0,0.0,4910625000.0,6.0,0.0,86.45448386719286,80.0,30.0,66.66666666666666,56.03506442950758,32.230000000000004,23.258333333333336
2042,C_max_central,util_improved,fcap_none,5021026.6608302165,5600998.125,301520.39906250004,256292.33920312507,256292.33920312507,109125.0,1311519.6608302165,1743506.4473578134,11467447.540786762,4870395.86100531,2.7856861547335603,3193.9105516519703,2099.0222272840374,1474592.8705942014,969095.145751933,133326.06570759878,89811.76214629119,47944.07736112053,0.2804562133674671,64623.49541888274,0.13439066136753686,39.11907939273877,416195213.2277421,388310.84856275964,4824069.423075958,567037079105.9398,96847530348.83423,144.65390507985174,12442667156.089012,8292162415.224904,0.0,0.0,4910625000.0,6.0,0.0,91.46081207612451,80.0,30.0,66.66666666666666,56.45419627976778,32.27,23.258333333333336
2043,C_max_central,util_improved,fcap_none,5127501.42883722,5974398.0,301520.39906250004,256292.33920312507,256292.33920312507,109125.0,1417994.4288372202,1887298.7865609382,11525321.62383425,4973676.385972103,2.783697370701271,3284.5068959223995,2105.9138506610643,1522709.5679102836,976309.464771528,136640.14117689553,89799.22537942928,47938.20544277806,0.28141630510903837,64528.25917149651,0.1344412525862715,39.69666254587701,394102657.6202043,390270.581469148,4848415.607649723,584102569867.6758,99895351711.7897,145.5670318618967,13824998339.243923,9355240857.61602,0.0,0.0,4910625000.0,6.0,0.0,96.7762042880801,80.0,30.0,66.66666666666666,56.87562380158946,32.31,23.258333333333336
2044,C_max_central,util_improved,fcap_none,5233848.427122615,6347797.875,301520.39906250004,256292.33920312507,256292.33920312507,109125.0,1524341.4271226153,2031091.1257640636,11583633.27652569,5076832.974308937,2.7817970763400663,3378.1538356499964,2113.1288545644065,1572732.0864412922,983787.5105882852,140036.26847507904,89786.48141755273,47932.22947928616,0.2824205365265113,64428.935162779846,0.13449227483641643,40.287440175280956,371505413.29550344,392245.1313641594,4872945.866868897,601688417844.894,103040706674.30078,146.48822260304522,15283572123.790451,10483756962.676924,0.0,0.0,4910625000.0,6.0,0.0,100.0,80.0,30.0,66.66666666666666,57.29944089966297,32.35,23.258333333333336
2045,C_max_central,util_improved,fcap_none,5340067.809010068,6721197.75,301520.39906250004,256292.33920312507,256292.33920312507,109125.0,1630560.809010068,2174883.4649671884,11642369.713253016,5179865.774739766,2.779979713247921,3474.945557669043,2120.6583018617926,1624730.838961946,991526.0209851261,143516.47305804794,89773.53166213163,47926.15004265692,0.28346773432191896,64325.63203979012,0.1345437174886819,40.89033530864586,348444674.4442959,394234.0653013777,4897654.822146778,619809818159.9265,106286578621.90417,147.41729670188343,16822514594.578342,11681510192.822083,0.0,0.0,4910625000.0,6.0,0.0,100.0,80.0,30.0,66.66666666666666,57.72569875889485,32.39,23.258333333333336
2026,C_max_central,util_improved,fcap_partial,3705055.5916,74679.975,60304.07981250001,51258.46784062501,0.0,0.0,-4451.408400000073,0.0,10141419.983388092,3593903.923852,2.8218394810394285,2022.8608386219394,1973.522769387258,870073.9380946757,848852.622531391,90065.85729695886,90065.85729695886,48061.022960284165,0.262943960601669,66383.58406431176,0.13324592085275141,56.48489111436993,0.0,343408.8872326838,4266242.67295994,338304954939.4916,55949564720.7934,124.05668452504084,73670342.90764228,-380081804.62302953,0.0,0.0,0.0,-1.0,0.0,48.099590976884855,80.0,49.95,66.66666666666666,22.0703370284787,31.63,23.258333333333336
2027,C_max_central,util_improved,fcap_partial,3700609.52489008,224039.92500000002,120608.15962500001,102516.93568125002,7688.770176093751,0.0,-8897.475109919906,7688.770176093751,10138591.969245598,3589591.2391433776,2.824441919371599,2094.164752895718,1993.2561598055613,907501.2291789218,863772.7344951071,92317.98357652809,90066.32544051521,48061.233218176545,0.265571775029994,66147.25152284847,0.13324351178011645,57.91136618998981,0.0,343313.1249832805,4265052.997881479,346666808834.0119,57328314507.81133,124.01344331363656,55345616.72646532,-402581272.7163913,0.0,0.0,0.0,-1.0,0.0,47.987093636418045,80.0,49.95,66.66666666666666,100.0,31.67,23.258333333333336
2028,C_max_central,util_improved,fcap_partial,3700653.909396267,448079.85000000003,180912.23943750001,153775.40352187504,30755.08070437501,4350.562457973047,-8853.09060373297,33958.73494441407,10146726.393992463,3589634.292114379,2.8266741312012047,2167.2110376289315,2012.4708928810035,946033.6030967897,878486.2465459664,94624.51747646743,90064.97796689345,48060.627950705304,0.26813586434728376,65915.32725232141,0.13325044157730567,56.711221206453615,0.0,343588.5729733228,4268474.947670748,355615832397.57074,58820460425.15494,124.13782932006197,67606303.35240234,-415397175.4970002,0.0,0.0,195775310.6087871,-1.0,0.0,47.923014122515,80.0,49.95,66.66666666666666,69.4502122925703,31.71,23.258333333333336
2029,C_max_central,util_improved,fcap_partial,3717357.242689249,746799.75,241216.31925000003,205033.87136250004,62369.99999999999,20509.794444730083,7850.242689249106,75184.61696015624,10195347.625287758,3605836.5254085716,2.827456972451778,2239.795620261098,2029.144286395209,984217.6457258536,891652.6107686339,96981.39400233599,90056.86534074527,48056.97909163744,0.2703817343032229,65707.13390400275,0.1332918882614197,43.97112108354567,230604618.55437818,345234.9857007663,4288928.688084184,366235869389.8827,60652316931.69496,124.88183098379125,200700690.73826742,-156443743.47536445,0.0,0.0,922940750.0128537,-1.0,0.0,49.21778128262318,80.0,49.95,66.66666666666666,54.144555576176884,31.75,23.258333333333336
2030,C_max_central,util_improved,fcap_partial,3762093.5309581785,1120199.625,301520.39906250004,256292.33920312507,99018.61199999998,47721.20345135156,52586.53095817845,125006.11199999998,10311864.296773462,3649230.725029433,2.825763859228246,2309.6097272681463,2041.3584601505988,1020493.5495873849,901967.5992806656,99384.02419034783,90037.02079804007,48048.02082365006,0.272069214470726,65540.71927623289,0.13339138933466674,38.7763152165455,429305942.96713465,349180.4746524618,4337944.348299203,379638617591.92035,63058001076.17178,126.66837413468176,543226070.4629197,140679789.47075963,0.0,40093739.999166496,2107360415.3116539,6.0,0.018670358992303317,50.7033989473538,80.0,49.95,66.66666666666666,47.9176291670519,31.79,23.258333333333336
2031,C_max_central,util_improved,fcap_partial,3841327.3757210285,1493599.5,301520.39906250004,256292.33920312507,157201.94841119993,81235.90628999998,131820.37572102854,198459.70341119994,10511746.811884524,3726087.5544493976,2.8211217955230903,2375.1708830792695,2048.1024085998984,1053824.906107428,908709.9138075582,101828.64243150412,90001.68221454133,48031.965368639525,0.2730752170233092,65424.45331134255,0.13356265131120124,36.157110225926864,529490533.8582974,355948.898818308,4422029.941533897,396591318250.31116,66204299301.20215,129.74490863758598,1153030248.379181,426724496.6060267,0.0,121616481.5327176,3533999301.5172815,6.0,0.03326839819890728,52.13362248303013,80.0,49.95,66.66666666666666,45.732527421619096,31.830000000000002,23.258333333333336
2032,C_max_central,util_improved,fcap_partial,3949217.782870163,1866999.375,301520.39906250004,256292.33920312507,214655.33871822665,109125.0,239710.7828701632,300615.04212942655,10780632.319712626,3830741.249384058,2.814241844563643,2437.4568320245476,2050.5476947988172,1084814.2226577455,912616.492046005,104316.34085990024,89951.65379195972,48009.04549178091,0.27355330669623834,65345.08145437391,0.13379412733372406,34.37370787789155,597705673.6706483,365053.90316557843,4535143.374319028,416782702983.59125,70036064982.13693,133.90660607162513,1995391298.748653,751732518.2391214,0.0,214243767.6981496,4696381232.30185,6.0,0.04362861503335107,53.75866259119561,80.0,49.95,66.66666666666666,46.08469173680518,31.87,23.258333333333336
2033,C_max_central,util_improved,fcap_partial,4056978.721530719,2240399.25,301520.39906250004,256292.33920312507,246856.298898065,109125.0,347471.7215307192,434971.34102749155,10969056.770615866,3935269.3598847976,2.80879206090895,2501.979076511617,2053.4907472930167,1117118.6047298836,916871.264023558,106880.63211912173,89914.96010555739,47992.11598897856,0.27405772007892104,65273.07113804119,0.1339570511475622,34.71386411785148,584694697.492181,371434.33422139735,4614408.845465003,434575236450.67194,73358748662.99693,136.8385031915778,2838024075.268055,1121284826.723602,0.0,319566175.61622655,4591058824.383774,6.0,0.06507647715234345,55.60642413361801,80.0,49.95,66.66666666666666,47.40794804977145,31.91,23.258333333333336
2034,C_max_central,util_improved,fcap_partial,4164610.3470648825,2613799.125,301520.39906250004,256292.33920312507,260208.4378917784,109125.0,455103.3470648825,582679.77891927,11022181.685890844,4039672.036652936,2.8056486275421597,2568.7953655698725,2056.9073047922307,1150778.7708143184,921461.1999125435,109539.75506800922,89904.37833977459,47987.217457003935,0.27454600224499653,65221.49068226782,0.13400308926395083,35.11586940120659,569317995.4038479,373233.25075071905,4636757.173501386,447569029794.8915,75648205738.50331,137.66741784487778,3691681793.529421,1740656520.3153222,0.0,496087108.28986675,4414537891.710134,6.0,0.10102321156469223,58.70328260157661,80.0,49.95,66.66666666666666,47.979718188133795,31.95,23.258333333333336
2035,C_max_central,util_improved,fcap_partial,4272112.814648405,2987199.0,301520.39906250004,256292.33920312507,262545.89700038766,109125.0,562605.8146484047,732725.6759196576,11075928.584713614,4143949.4302089526,2.8026759060058586,2637.9667124144535,2060.7753795438425,1185837.9588837693,926374.7181856993,112264.74926697815,89893.56876494041,47982.20642277501,0.27509536993897654,65164.2642104143,0.1340497115968603,35.54362904030954,552956189.20816,375053.22889452614,4659367.154517117,460965853022.7843,78012325424.06046,138.5070544004167,4591869599.824987,2398018125.0902867,0.0,683435165.6507317,4227189834.3492684,6.0,0.13917478236491926,61.99009062545143,80.0,49.95,66.66666666666666,48.50863023568182,31.990000000000002,23.258333333333336
2036,C_max_central,util_improved,fcap_partial,4379486.279270827,3360598.875,301520.39906250004,256292.33920312507,259485.4950385494,109125.0,669979.2792708268,879711.170958207,11130268.584558671,4248101.690892702,2.7998606941088013,2709.5573611717004,2065.075004811231,1222341.9287707407,931601.5230419956,115057.24339100585,89882.53464402177,47977.084228684165,0.27570317365747526,65101.634586287,0.13409689416249315,35.995224039262744,535682680.49820006,376893.2906323875,4682226.63835344,474777121408.1536,80453318262.64732,139.35699255057952,5541330516.450311,3095928462.1016064,0.0,882339611.6989577,4028285388.3010426,6.0,0.17967969692227725,65.47964231050803,80.0,49.95,66.66666666666666,48.96481724979619,32.03,23.258333333333336
2037,C_max_central,util_improved,fcap_partial,4486730.895735702,3733998.75,301520.39906250004,256292.33920312507,257333.58038398085,109125.0,777223.8957357015,1024544.7513421878,11185175.45765324,4352128.968863631,2.797191114343815,2783.6347714914036,2069.788016159186,1260338.9780823232,937132.4643051018,117918.90600360566,89871.2789300127,47971.85208849432,0.27636700500559713,65033.82273610247,0.1341446151808239,36.468938693355476,517563094.9791531,378752.5478391414,4705324.591639916,489014638277.7193,82973473707.91649,140.21685154130338,6542928535.457528,3837048100.02998,0.0,1093558708.5085444,3817066291.4914556,6.0,0.2226923677756995,69.1852405001499,80.0,49.95,66.66666666666666,49.3886813899337,32.07,23.258333333333336
2038,C_max_central,util_improved,fcap_partial,4593846.818660819,4107398.625,301520.39906250004,256292.33920312507,256292.33920312507,109125.0,884339.818660819,1168337.090545313,11240625.343679609,4456031.414100994,2.794656452249511,2860.269618767007,2074.8978613175705,1299879.9701348501,942959.4162402808,120851.44655336707,89859.80430099467,47966.51110206339,0.277084671277603,64961.02996518383,0.1341928548364375,36.96322220273271,498656750.7454738,380630.1925564183,4728650.976935462,503690601193.63666,85575161479.51685,141.08628587981676,7599656321.466794,4624148402.2295065,0.0,1317882294.635409,3592742705.3645906,6.0,0.268373637700987,73.12074201114754,80.0,49.95,66.66666666666666,49.80172680666989,32.11,23.258333333333336
2039,C_max_central,util_improved,fcap_partial,4700834.202478426,4480798.5,301520.39906250004,256292.33920312507,256292.33920312507,109125.0,991327.2024784256,1312129.4297484378,11296596.500017125,4559809.176404073,2.7922470178361483,2939.5358081073,2080.3894343077695,1341018.3726931107,949075.1723686812,123856.61639185087,89848.11319020484,47961.06226792677,0.27785417328513096,64883.439978511604,0.1342415950707996,37.47665550284321,479017927.01624715,382525.4885353322,4752196.647661373,518817609001.1928,88260833102.28337,141.96498160662938,8714643062.607765,5460120485.230425,0.0,1556134338.2906709,3354490661.709329,6.0,0.3168912996391846,77.30060242615212,80.0,49.95,66.66666666666666,50.21543702073991,32.15,23.258333333333336
2040,C_max_central,util_improved,fcap_partial,4807693.201435451,4854198.375,301520.39906250004,256292.33920312507,256292.33920312507,109125.0,1098186.2014354514,1455921.768951563,11353069.083855104,4663462.405392388,2.7899540263301494,3021.510500543827,2086.2489302528375,1383810.3065424827,955473.3538663835,126936.20981379897,89836.20781191795,47955.50649408852,0.2786736859535252,64801.2206488839,0.1342908194011905,38.00792308580697,458696941.9678833,384437.7638583857,4775953.256441656,534408669665.9653,91033023613.9167,142.85265304618088,9891162508.988537,6347984140.434898,0.0,1809175480.023946,3101449519.976054,6.0,0.36842061448877605,81.73992070217449,80.0,49.95,66.66666666666666,50.630567421348346,32.19,23.258333333333336
2041,C_max_central,util_improved,fcap_partial,4914423.969593729,5227598.25,301520.39906250004,256292.33920312507,256292.33920312507,109125.0,1204916.969593729,1599714.108154688,11410024.961475322,4766991.250505917,2.7877694951704686,3106.2741502347976,2092.4637178891885,1428314.6031202404,962148.3295460219,130092.06512056106,89824.09018380185,47949.84460730843,0.27954154128686426,64714.52556913158,0.13434051276234898,38.55578940712455,437741055.177486,386366.404481391,4799913.174872929,550477208839.6539,93894353428.88786,143.7490399652187,11132641234.62152,7290896773.438574,0.0,2077905580.4299932,2832719419.570007,6.0,0.4231448299208335,86.45448386719286,80.0,49.95,66.66666666666666,51.04756442950758,32.230000000000004,23.258333333333336
2042,C_max_central,util_improved,fcap_partial,5021026.6608302165,5600998.125,301520.39906250004,256292.33920312507,256292.33920312507,109125.0,1311519.6608302165,1743506.4473578134,11467447.540786762,4870395.86100531,2.7856861547335603,3193.9105516519703,2099.0222272840374,1474592.8705942014,969095.145751933,133326.06570759878,89811.76214629119,47944.07736112053,0.2804562133674671,64623.49541888274,0.13439066136753686,39.11907939273877,416195213.2277421,388310.84856275964,4824069.423075958,567037079105.9398,96847530348.83423,144.65390507985174,12442667156.089012,8292162415.224904,0.0,2363266288.3390975,2547358711.6609025,6.0,0.4812557033654774,91.46081207612451,80.0,49.95,66.66666666666666,51.466696279767774,32.27,23.258333333333336
2043,C_max_central,util_improved,fcap_partial,5127501.42883722,5974398.0,301520.39906250004,256292.33920312507,256292.33920312507,109125.0,1417994.4288372202,1887298.7865609382,11525321.62383425,4973676.385972103,2.783697370701271,3284.5068959223995,2105.9138506610643,1522709.5679102836,976309.464771528,136640.14117689553,89799.22537942928,47938.20544277806,0.28141630510903837,64528.25917149651,0.1344412525862715,39.69666254587701,394102657.6202043,390270.581469148,4848415.607649723,584102569867.6758,99895351711.7897,145.5670318618967,13824998339.243923,9355240857.61602,0.0,2666243644.420565,2244381355.579435,6.0,0.5429540322098644,96.7762042880801,80.0,49.95,66.66666666666666,51.888123801589465,32.31,23.258333333333336
2044,C_max_central,util_improved,fcap_partial,5233848.427122615,6347797.875,301520.39906250004,256292.33920312507,256292.33920312507,109125.0,1524341.4271226153,2031091.1257640636,11583633.27652569,5076832.974308937,2.7817970763400663,3378.1538356499964,2113.1288545644065,1572732.0864412922,983787.5105882852,140036.26847507904,89786.48141755273,47932.22947928616,0.2824205365265113,64428.935162779846,0.13449227483641643,40.287440175280956,371505413.29550344,392245.1313641594,4872945.866868897,601688417844.894,103040706674.30078,146.48822260304522,15283572123.790451,10483756962.676924,0.0,2987870734.362923,1922754265.6370769,6.0,0.6084501940919788,100.0,80.0,49.95,66.66666666666666,52.31194089966297,32.35,23.258333333333336
2045,C_max_central,util_improved,fcap_partial,5340067.809010068,6721197.75,301520.39906250004,256292.33920312507,256292.33920312507,109125.0,1630560.809010068,2174883.4649671884,11642369.713253016,5179865.774739766,2.779979713247921,3474.945557669043,2120.6583018617926,1624730.838961946,991526.0209851261,143516.47305804794,89773.53166213163,47926.15004265692,0.28346773432191896,64325.63203979012,0.1345437174886819,40.89033530864586,348444674.4442959,394234.0653013777,4897654.822146778,619809818159.9265,106286578621.90417,147.41729670188343,16822514594.578342,11681510192.822083,0.0,3329230404.9542933,1581394595.0457067,6.0,0.6779647000034198,100.0,80.0,49.95,66.66666666666666,52.738198758894846,32.39,23.258333333333336
2026,C_max_central,util_improved,fcap_high,3705055.5916,74679.975,60304.07981250001,51258.46784062501,0.0,0.0,-4451.408400000073,0.0,10141419.983388092,3593903.923852,2.8218394810394285,2022.8608386219394,1973.522769387258,870073.9380946757,848852.622531391,90065.85729695886,90065.85729695886,48061.022960284165,0.262943960601669,66383.58406431176,0.13324592085275141,56.48489111436993,0.0,343408.8872326838,4266242.67295994,338304954939.4916,55949564720.7934,124.05668452504084,73670342.90764228,-380081804.62302953,0.0,0.0,0.0,-1.0,0.0,48.099590976884855,80.0,69.9,66.66666666666666,17.0828370284787,31.63,23.258333333333336
2027,C_max_central,util_improved,fcap_high,3700609.52489008,224039.92500000002,120608.15962500001,102516.93568125002,7688.770176093751,0.0,-8897.475109919906,7688.770176093751,10138591.969245598,3589591.2391433776,2.824441919371599,2094.164752895718,1993.2561598055613,907501.2291789218,863772.7344951071,92317.98357652809,90066.32544051521,48061.233218176545,0.265571775029994,66147.25152284847,0.13324351178011645,57.91136618998981,0.0,343313.1249832805,4265052.997881479,346666808834.0119,57328314507.81133,124.01344331363656,55345616.72646532,-402581272.7163913,0.0,0.0,0.0,-1.0,0.0,47.987093636418045,80.0,69.9,66.66666666666666,100.0,31.67,23.258333333333336
2028,C_max_central,util_improved,fcap_high,3700653.909396267,448079.85000000003,180912.23943750001,153775.40352187504,30755.08070437501,4350.562457973047,-8853.09060373297,33958.73494441407,10146726.393992463,3589634.292114379,2.8266741312012047,2167.2110376289315,2012.4708928810035,946033.6030967897,878486.2465459664,94624.51747646743,90064.97796689345,48060.627950705304,0.26813586434728376,65915.32725232141,0.13325044157730567,56.711221206453615,0.0,343588.5729733228,4268474.947670748,355615832397.57074,58820460425.15494,124.13782932006197,67606303.35240234,-415397175.4970002,0.0,0.0,195775310.6087871,-1.0,0.0,47.923014122515,80.0,69.9,66.66666666666666,64.4627122925703,31.71,23.258333333333336
2029,C_max_central,util_improved,fcap_high,3717357.242689249,746799.75,241216.31925000003,205033.87136250004,62369.99999999999,20509.794444730083,7850.242689249106,75184.61696015624,10195347.625287758,3605836.5254085716,2.827456972451778,2239.795620261098,2029.144286395209,984217.6457258536,891652.6107686339,96981.39400233599,90056.86534074527,48056.97909163744,0.2703817343032229,65707.13390400275,0.1332918882614197,43.97112108354567,230604618.55437818,345234.9857007663,4288928.688084184,366235869389.8827,60652316931.69496,124.88183098379125,200700690.73826742,-156443743.47536445,0.0,0.0,922940750.0128537,-1.0,0.0,49.21778128262318,80.0,69.9,66.66666666666666,49.15705557617689,31.75,23.258333333333336
2030,C_max_central,util_improved,fcap_high,3762093.5309581785,1120199.625,301520.39906250004,256292.33920312507,99018.61199999998,47721.20345135156,52586.53095817845,125006.11199999998,10311864.296773462,3649230.725029433,2.825763859228246,2309.6097272681463,2041.3584601505988,1020493.5495873849,901967.5992806656,99384.02419034783,90037.02079804007,48048.02082365006,0.272069214470726,65540.71927623289,0.13339138933466674,38.7763152165455,429305942.96713465,349180.4746524618,4337944.348299203,379638617591.92035,63058001076.17178,126.66837413468176,543226070.4629197,140679789.47075963,0.0,80187479.99833299,2067266675.3124874,6.0,0.037340717984606635,50.7033989473538,80.0,69.9,66.66666666666666,42.930129167051895,31.79,23.258333333333336
2031,C_max_central,util_improved,fcap_high,3841327.3757210285,1493599.5,301520.39906250004,256292.33920312507,157201.94841119993,81235.90628999998,131820.37572102854,198459.70341119994,10511746.811884524,3726087.5544493976,2.8211217955230903,2375.1708830792695,2048.1024085998984,1053824.906107428,908709.9138075582,101828.64243150412,90001.68221454133,48031.965368639525,0.2730752170233092,65424.45331134255,0.13356265131120124,36.157110225926864,529490533.8582974,355948.898818308,4422029.941533897,396591318250.31116,66204299301.20215,129.74490863758598,1153030248.379181,426724496.6060267,0.0,243232963.0654352,3412382819.984564,6.0,0.06653679639781455,52.13362248303013,80.0,69.9,66.66666666666666,40.74502742161909,31.830000000000002,23.258333333333336
2032,C_max_central,util_improved,fcap_high,3949217.782870163,1866999.375,301520.39906250004,256292.33920312507,214655.33871822665,109125.0,239710.7828701632,300615.04212942655,10780632.319712626,3830741.249384058,2.814241844563643,2437.4568320245476,2050.5476947988172,1084814.2226577455,912616.492046005,104316.34085990024,89951.65379195972,48009.04549178091,0.27355330669623834,65345.08145437391,0.13379412733372406,34.37370787789155,597705673.6706483,365053.90316557843,4535143.374319028,416782702983.59125,70036064982.13693,133.90660607162513,1995391298.748653,751732518.2391214,0.0,428487535.3962992,4482137464.603701,6.0,0.08725723006670213,53.75866259119561,80.0,69.9,66.66666666666666,41.09719173680517,31.87,23.258333333333336
2033,C_max_central,util_improved,fcap_high,4056978.721530719,2240399.25,301520.39906250004,256292.33920312507,246856.298898065,109125.0,347471.7215307192,434971.34102749155,10969056.770615866,3935269.3598847976,2.80879206090895,2501.979076511617,2053.4907472930167,1117118.6047298836,916871.264023558,106880.63211912173,89914.96010555739,47992.11598897856,0.27405772007892104,65273.07113804119,0.1339570511475622,34.71386411785148,584694697.492181,371434.33422139735,4614408.845465003,434575236450.67194,73358748662.99693,136.8385031915778,2838024075.268055,1121284826.723602,0.0,639132351.2324531,4271492648.7675467,6.0,0.1301529543046869,55.60642413361801,80.0,69.9,66.66666666666666,42.42044804977145,31.91,23.258333333333336
2034,C_max_central,util_improved,fcap_high,4164610.3470648825,2613799.125,301520.39906250004,256292.33920312507,260208.4378917784,109125.0,455103.3470648825,582679.77891927,11022181.685890844,4039672.036652936,2.8056486275421597,2568.7953655698725,2056.9073047922307,1150778.7708143184,921461.1999125435,109539.75506800922,89904.37833977459,47987.217457003935,0.27454600224499653,65221.49068226782,0.13400308926395083,35.11586940120659,569317995.4038479,373233.25075071905,4636757.173501386,447569029794.8915,75648205738.50331,137.66741784487778,3691681793.529421,1740656520.3153222,0.0,992174216.5797335,3918450783.4202666,6.0,0.20204642312938445,58.70328260157661,80.0,69.9,66.66666666666666,42.99221818813379,31.95,23.258333333333336
2035,C_max_central,util_improved,fcap_high,4272112.814648405,2987199.0,301520.39906250004,256292.33920312507,262545.89700038766,109125.0,562605.8146484047,732725.6759196576,11075928.584713614,4143949.4302089526,2.8026759060058586,2637.9667124144535,2060.7753795438425,1185837.9588837693,926374.7181856993,112264.74926697815,89893.56876494041,47982.20642277501,0.27509536993897654,65164.2642104143,0.1340497115968603,35.54362904030954,552956189.20816,375053.22889452614,4659367.154517117,460965853022.7843,78012325424.06046,138.5070544004167,4591869599.824987,2398018125.0902867,0.0,1366870331.3014634,3543754668.698537,6.0,0.2783495647298385,61.99009062545143,80.0,69.9,66.66666666666666,43.52113023568182,31.990000000000002,23.258333333333336
2036,C_max_central,util_improved,fcap_high,4379486.279270827,3360598.875,301520.39906250004,256292.33920312507,259485.4950385494,109125.0,669979.2792708268,879711.170958207,11130268.584558671,4248101.690892702,2.7998606941088013,2709.5573611717004,2065.075004811231,1222341.9287707407,931601.5230419956,115057.24339100585,89882.53464402177,47977.084228684165,0.27570317365747526,65101.634586287,0.13409689416249315,35.995224039262744,535682680.49820006,376893.2906323875,4682226.63835344,474777121408.1536,80453318262.64732,139.35699255057952,5541330516.450311,3095928462.1016064,0.0,1764679223.3979154,3145945776.6020846,6.0,0.3593593938445545,65.47964231050803,80.0,69.9,66.66666666666666,43.97731724979619,32.03,23.258333333333336
2037,C_max_central,util_improved,fcap_high,4486730.895735702,3733998.75,301520.39906250004,256292.33920312507,257333.58038398085,109125.0,777223.8957357015,1024544.7513421878,11185175.45765324,4352128.968863631,2.797191114343815,2783.6347714914036,2069.788016159186,1260338.9780823232,937132.4643051018,117918.90600360566,89871.2789300127,47971.85208849432,0.27636700500559713,65033.82273610247,0.1341446151808239,36.468938693355476,517563094.9791531,378752.5478391414,4705324.591639916,489014638277.7193,82973473707.91649,140.21685154130338,6542928535.457528,3837048100.02998,0.0,2187117417.017089,2723507582.982911,6.0,0.445384735551399,69.1852405001499,80.0,69.9,66.66666666666666,44.4011813899337,32.07,23.258333333333336
2038,C_max_central,util_improved,fcap_high,4593846.818660819,4107398.625,301520.39906250004,256292.33920312507,256292.33920312507,109125.0,884339.818660819,1168337.090545313,11240625.343679609,4456031.414100994,2.794656452249511,2860.269618767007,2074.8978613175705,1299879.9701348501,942959.4162402808,120851.44655336707,89859.80430099467,47966.51110206339,0.277084671277603,64961.02996518383,0.1341928548364375,36.96322220273271,498656750.7454738,380630.1925564183,4728650.976935462,503690601193.63666,85575161479.51685,141.08628587981676,7599656321.466794,4624148402.2295065,0.0,2635764589.270818,2274860410.729182,6.0,0.536747275401974,73.12074201114754,80.0,69.9,66.66666666666666,44.81422680666989,32.11,23.258333333333336
2039,C_max_central,util_improved,fcap_high,4700834.202478426,4480798.5,301520.39906250004,256292.33920312507,256292.33920312507,109125.0,991327.2024784256,1312129.4297484378,11296596.500017125,4559809.176404073,2.7922470178361483,2939.5358081073,2080.3894343077695,1341018.3726931107,949075.1723686812,123856.61639185087,89848.11319020484,47961.06226792677,0.27785417328513096,64883.439978511604,0.1342415950707996,37.47665550284321,479017927.01624715,382525.4885353322,4752196.647661373,518817609001.1928,88260833102.28337,141.96498160662938,8714643062.607765,5460120485.230425,0.0,3112268676.5813417,1798356323.4186583,6.0,0.6337825992783692,77.30060242615212,80.0,69.9,66.66666666666666,45.22793702073991,32.15,23.258333333333336
2040,C_max_central,util_improved,fcap_high,4807693.201435451,4854198.375,301520.39906250004,256292.33920312507,256292.33920312507,109125.0,1098186.2014354514,1455921.768951563,11353069.083855104,4663462.405392388,2.7899540263301494,3021.510500543827,2086.2489302528375,1383810.3065424827,955473.3538663835,126936.20981379897,89836.20781191795,47955.50649408852,0.2786736859535252,64801.2206488839,0.1342908194011905,38.00792308580697,458696941.9678833,384437.7638583857,4775953.256441656,534408669665.9653,91033023613.9167,142.85265304618088,9891162508.988537,6347984140.434898,0.0,3618350960.047892,1292274039.952108,6.0,0.7368412289775521,81.73992070217449,80.0,69.9,66.66666666666666,45.643067421348334,32.19,23.258333333333336
2041,C_max_central,util_improved,fcap_high,4914423.969593729,5227598.25,301520.39906250004,256292.33920312507,256292.33920312507,109125.0,1204916.969593729,1599714.108154688,11410024.961475322,4766991.250505917,2.7877694951704686,3106.2741502347976,2092.4637178891885,1428314.6031202404,962148.3295460219,130092.06512056106,89824.09018380185,47949.84460730843,0.27954154128686426,64714.52556913158,0.13434051276234898,38.55578940712455,437741055.177486,386366.404481391,4799913.174872929,550477208839.6539,93894353428.88786,143.7490399652187,11132641234.62152,7290896773.438574,0.0,4155811160.8599863,754813839.1400137,6.0,0.846289659841667,86.45448386719286,80.0,69.9,66.66666666666666,46.06006442950758,32.230000000000004,23.258333333333336
2042,C_max_central,util_improved,fcap_high,5021026.6608302165,5600998.125,301520.39906250004,256292.33920312507,256292.33920312507,109125.0,1311519.6608302165,1743506.4473578134,11467447.540786762,4870395.86100531,2.7856861547335603,3193.9105516519703,2099.0222272840374,1474592.8705942014,969095.145751933,133326.06570759878,89811.76214629119,47944.07736112053,0.2804562133674671,64623.49541888274,0.13439066136753686,39.11907939273877,416195213.2277421,388310.84856275964,4824069.423075958,567037079105.9398,96847530348.83423,144.65390507985174,12442667156.089012,8292162415.224904,0.0,4726532576.678195,184092423.321805,6.0,0.9625114067309548,91.46081207612451,80.0,69.9,66.66666666666666,46.47919627976778,32.27,23.258333333333336
2043,C_max_central,util_improved,fcap_high,5127501.42883722,5974398.0,301520.39906250004,256292.33920312507,256292.33920312507,109125.0,1417994.4288372202,1887298.7865609382,11525321.62383425,4973676.385972103,2.783697370701271,3284.5068959223995,2105.9138506610643,1522709.5679102836,976309.464771528,136640.14117689553,89799.22537942928,47938.20544277806,0.28141630510903837,64528.25917149651,0.1344412525862715,39.69666254587701,394102657.6202043,390270.581469148,4848415.607649723,584102569867.6758,99895351711.7897,145.5670318618967,13824998339.243923,9355240857.61602,0.0,5332487288.84113,0.0,6.0,1.0,96.7762042880801,80.0,69.9,66.66666666666666,46.90062380158946,32.31,23.258333333333336
2044,C_max_central,util_improved,fcap_high,5233848.427122615,6347797.875,301520.39906250004,256292.33920312507,256292.33920312507,109125.0,1524341.4271226153,2031091.1257640636,11583633.27652569,5076832.974308937,2.7817970763400663,3378.1538356499964,2113.1288545644065,1572732.0864412922,983787.5105882852,140036.26847507904,89786.48141755273,47932.22947928616,0.2824205365265113,64428.935162779846,0.13449227483641643,40.287440175280956,371505413.29550344,392245.1313641594,4872945.866868897,601688417844.894,103040706674.30078,146.48822260304522,15283572123.790451,10483756962.676924,0.0,5975741468.725846,0.0,6.0,1.0,100.0,80.0,69.9,66.66666666666666,47.32444089966296,32.35,23.258333333333336
2045,C_max_central,util_improved,fcap_high,5340067.809010068,6721197.75,301520.39906250004,256292.33920312507,256292.33920312507,109125.0,1630560.809010068,2174883.4649671884,11642369.713253016,5179865.774739766,2.779979713247921,3474.945557669043,2120.6583018617926,1624730.838961946,991526.0209851261,143516.47305804794,89773.53166213163,47926.15004265692,0.28346773432191896,64325.63203979012,0.1345437174886819,40.89033530864586,348444674.4442959,394234.0653013777,4897654.822146778,619809818159.9265,106286578621.90417,147.41729670188343,16822514594.578342,11681510192.822083,0.0,6658460809.9085865,0.0,6.0,1.0,100.0,80.0,69.9,66.66666666666666,47.75069875889485,32.39,23.258333333333336
2026,C_max_central,util_current_drag,fcap_none,3705055.5916,74679.975,60304.07981250001,51258.46784062501,0.0,0.0,-4451.408400000073,0.0,10141419.983388092,3593903.923852,2.8218394810394285,2022.8608386219394,1973.522769387258,870073.9380946757,848852.622531391,90065.85729695886,90065.85729695886,48061.022960284165,0.262943960601669,66383.58406431176,0.13324592085275141,56.48489111436993,0.0,343408.8872326838,4266242.67295994,338304954939.4916,55949564720.7934,124.05668452504084,73670342.90764228,-380081804.62302953,0.0,0.0,0.0,-1.0,0.0,48.099590976884855,80.0,30.0,37.5,34.5578370284787,31.63,30.55
2027,C_max_central,util_current_drag,fcap_none,3700609.52489008,224039.92500000002,120608.15962500001,102516.93568125002,7688.770176093751,0.0,-8897.475109919906,7688.770176093751,10138591.969245598,3589591.2391433776,2.824441919371599,2094.164752895718,1993.2561598055613,907501.2291789218,863772.7344951071,92317.98357652809,90066.32544051521,48061.233218176545,0.265571775029994,66147.25152284847,0.13324351178011645,57.91136618998981,0.0,343313.1249832805,4265052.997881479,346666808834.0119,57328314507.81133,124.01344331363656,55345616.72646532,-402581272.7163913,0.0,0.0,0.0,-1.0,0.0,47.987093636418045,80.0,30.0,37.5,100.0,31.67,30.55
2028,C_max_central,util_current_drag,fcap_none,3696553.231969017,448079.85000000003,180912.23943750001,153775.40352187504,30755.08070437501,372.9053535405469,-12953.76803098293,38059.412371664075,10136742.474660339,3585656.6350099463,2.827025425604429,2167.9316089825797,2013.1400150155268,946505.4593410427,878924.4119764185,94626.254633429,90066.63141789792,48061.3706271378,0.2682200921681827,65908.9512377116,0.13324193635048562,59.16025370236462,0.0,343250.49737506517,4264274.961597016,355269279846.4254,58748123488.35783,123.98516559984031,37976747.01250912,-426035757.0939051,0.0,0.0,16780740.909324612,-1.0,0.0,47.869821214530475,80.0,30.0,37.5,87.58356408047918,31.71,30.55
2029,C_max_central,util_current_drag,fcap_none,3700959.453793162,746799.75,241216.31925000003,205033.87136250004,62369.99999999999,8576.82313143258,-8547.546206837986,91587.32666915626,10155517.765779108,3589930.670179367,2.8288896635632517,2242.7747156841547,2031.843199814647,986181.9229651802,893432.1490001674,96988.55873573679,90063.51850796065,48059.97212282407,0.2707213620087544,65681.40011018488,0.133257932427841,54.52504845846726,0.0,343886.2665120428,4272173.25870919,364819000847.25696,60356275971.00192,124.27228894009352,81691595.28545415,-428623038.8953535,0.0,0.0,385957040.91446614,-1.0,0.0,47.85688480552323,80.0,30.0,37.5,73.26066627154525,31.75,30.55
2030,C_max_central,util_current_drag,fcap_none,3728854.1291177664,1120199.625,301520.39906250004,256292.33920312507,99018.61199999998,31365.75186908157,19347.129117766395,158270.11199999996,10231314.818425432,3616988.505244233,2.8286832550314043,2315.8065241706404,2046.8355256623136,1024603.3550613445,905600.0684700658,99399.23383808268,90050.79998821263,48054.24585145628,0.2727574470317072,65488.77368026487,0.13332257637302453,41.41795899839595,328263068.3113548,346452.9072336999,4304059.189970693,376702972436.10767,62442894083.73059,125.43277196966419,301694254.64802,-41832210.074635014,0.0,0.0,1411458834.1086707,-1.0,0.0,49.790838949626824,80.0,30.0,37.5,66.38415812821474,31.79,30.55
2031,C_max_central,util_current_drag,fcap_none,3762379.504162825,1493599.5,301520.39906250004,256292.33920312507,157201.94841119993,36860.0,52872.50416282518,277472.0604111999,10320300.527991207,3649508.11903794,2.827860684609678,2390.1882410109847,2061.0518292794236,1063835.1255637505,917341.6946723219,101866.97444226874,90035.56212660833,48047.36061214255,0.2746983677024638,65302.94017525525,0.1333986031895037,40.9090882230481,347727375.4684101,349466.142416904,4341493.2605500575,389444661310.15485,64700555411.238014,126.79792308412391,561478742.4153851,42132760.57232474,0.0,0.0,1658700000.0,7.0,0.0,50.210663802861625,80.0,30.0,37.5,65.22699630414076,31.830000000000002,30.55
2032,C_max_central,util_current_drag,fcap_none,3795864.64875783,1866999.375,301520.39906250004,256292.33920312507,214655.33871822665,36860.0,86357.6487578298,454127.3991294266,10409079.45978542,3681988.709295095,2.8270264472859306,2467.0402696055485,2075.4352123699737,1104623.6286236593,929281.4566127823,104395.6423426409,90020.035211993,48040.31914929419,0.2766631060495482,65114.81266355332,0.13347459599347378,41.34333502383146,331117435.33844674,352472.3756886841,4378840.344873621,402578594299.06494,67031949276.03885,128.16283764956057,833206455.3127064,94022938.60847871,0.0,0.0,1658700000.0,7.0,0.0,50.47011469304239,80.0,30.0,37.5,65.86740619099545,31.87,30.55
2033,C_max_central,util_current_drag,fcap_none,3829309.6111793206,2240399.25,301520.39906250004,256292.33920312507,246856.298898065,36860.0,119802.61117932061,662983.6980274916,10497783.991124434,3714430.322843941,2.8262164258574223,2546.446044690403,2089.98685894021,1147031.8898859897,941422.4902371863,106986.7138527861,90004.2029801666,48033.11462295582,0.27865190154296604,64924.36067288409,0.1335506648806382,41.96765505020276,307237194.3297445,355476.0896113424,4416156.130779668,416121377310.4119,69440421713.20515,129.52951817483662,1122135914.882115,147373313.9628061,0.0,0.0,1658700000.0,7.0,0.0,50.73686656981403,80.0,30.0,37.5,66.73328709934445,31.91,30.55
2034,C_max_central,util_current_drag,fcap_none,3862714.4396459055,2613799.125,301520.39906250004,256292.33920312507,260208.4378917784,36860.0,153207.4396459055,885192.1359192701,10586414.405450115,3746833.0064565283,2.8254300064101194,2628.4918706066233,2104.7079894736353,1191125.5356892233,953767.9988534999,109641.72690781805,89988.07137761719,48025.750196664754,0.28066493132961723,64731.57550393356,0.1336268072766834,42.721832869013355,278389892.7602392,358477.2937827907,4453440.737505128,430085140269.614,71928381456.90004,130.89794329243176,1429258091.174554,205170700.60621786,0.0,0.0,1658700000.0,7.0,0.0,51.02585350303109,80.0,30.0,37.5,67.55568986774239,31.95,30.55
2035,C_max_central,util_current_drag,fcap_none,3896079.1823183303,2987199.0,301520.39906250004,256292.33920312507,262545.89700038766,36860.0,186572.18231833028,1109738.0329196576,10674970.991178999,3779196.8068487803,2.8246665989539044,2713.2670215375506,2119.599860680259,1236972.9022086496,966321.2541834314,112362.2572727801,89971.64619068555,48018.228948891665,0.28270237797200964,64536.447862522444,0.13370302068854092,43.56071895882272,246302499.825031,361475.9979693933,4490694.286379649,444482362004.89355,74498309780.11609,132.26809211703363,1755616214.3735821,269867892.88510364,0.0,0.0,1658700000.0,7.0,0.0,51.34933946442552,80.0,30.0,37.5,68.31148246611406,31.990000000000002,30.55
2036,C_max_central,util_current_drag,fcap_none,3929403.8872995484,3360598.875,301520.39906250004,256292.33920312507,259485.4950385494,36860.0,219896.88729954837,1331223.527958207,10763454.041667283,3811521.7706805617,2.823925636333287,2800.8638453191293,2134.6637652826134,1284645.1492667282,979085.5974554893,115149.91947280243,89954.93305099946,48010.55387592978,0.2847644294156556,64338.9678676081,0.13377930270168778,44.45217033058147,212204484.85525888,364472.2121047815,4527916.900810874,459325880075.203,77152762624.11375,133.63994423654566,2102308420.2272038,343464774.3767891,0.0,0.0,1658700000.0,7.0,0.0,51.71732387188395,80.0,30.0,37.5,69.01574903274809,32.03,30.55
2037,C_max_central,util_current_drag,fcap_none,3962688.602634789,3733998.75,301520.39906250004,256292.33920312507,257333.58038398085,36860.0,253181.60263478896,1550557.108342188,10851863.855180986,3843807.944555745,2.8232065731981337,2891.377870953107,2149.901031836958,1334216.3790139267,992064.4405396472,118006.36774607404,89937.9374406746,48002.72789466015,0.2868512789617958,64139.125058631114,0.1338556509775667,45.373913578849674,176947805.60899997,367465.9462888426,4565108.706271888,474628900871.2462,79894372789.33823,135.01347970344594,2470490526.6496367,427630765.7906908,0.0,0.0,1658700000.0,7.0,0.0,52.138153828953456,80.0,30.0,37.5,69.69298278692898,32.07,30.55
2038,C_max_central,util_current_drag,fcap_none,3995933.376311627,4107398.625,301520.39906250004,256292.33920312507,256292.33920312507,36860.0,286426.3763116272,1768849.4475453128,10940200.734871062,3876055.375022278,2.8225088850306173,2984.9079199577436,2165.3130245882257,1385763.7596924643,1005261.267123751,120933.29702018948,89920.66469729418,47994.75384519918,0.28896312524523177,63936.90840223547,0.13393206325111948,46.31067324783497,141116748.27031237,370457.21078687813,4602269.830290738,490405009997.12085,82725852189.57202,136.38867902648474,2861378947.9472003,523817252.778409,0.0,0.0,1658700000.0,7.0,0.0,52.619086263892044,80.0,30.0,37.5,70.3557609151357,32.11,30.55
2039,C_max_central,util_current_drag,fcap_none,4029138.2562600533,4480798.5,301520.39906250004,256292.33920312507,256292.33920312507,36860.0,319631.25626005325,1987141.7867484381,11028464.988753196,3908264.1085722516,2.821832067224869,3081.556221695713,2180.901143357367,1439367.6547048786,1018679.6339318752,123932.44391244373,89903.12001867822,47986.634493434394,0.29110017221706175,63732.30629838982,0.13400853732842852,47.2519521122401,105112831.70681629,373446.0160289188,4639400.40244195,506668182940.31964,85649994171.1299,137.76552316270622,3276253753.440119,633345212.7002444,0.0,0.0,1658700000.0,7.0,0.0,53.16672606350122,80.0,30.0,37.5,71.0108858192518,32.15,30.55
2040,C_max_central,util_current_drag,fcap_none,4062303.290352541,4854198.375,301520.39906250004,256292.33920312507,256292.33920312507,36860.0,352796.290352541,2205434.125951563,11116656.929692194,3940434.1916419645,2.821175634216067,3181.4285328241135,2196.6668234598405,1495111.7572192329,1032323.1719848927,127005.5877546629,89885.30846745319,47978.372533454174,0.2932626291321329,63525.3065859351,0.13408507108446077,48.190450674557276,69215261.69818419,376432.37260919664,4676500.554339949,523432796038.0365,88669675898.95601,139.14399350978434,3716461877.585419,757468532.8827938,0.0,0.0,1658700000.0,7.0,0.0,53.78734266441397,80.0,30.0,37.5,71.66046541969092,32.19,30.55
2041,C_max_central,util_current_drag,fcap_none,4095428.526404118,5227598.25,301520.39906250004,256292.33920312507,256292.33920312507,36860.0,385921.52640411817,2423726.465154688,11204776.87539072,3972565.6706119943,2.8205391186559203,3284.6342610169477,2212.611535654126,1553083.2305531588,1046195.5879035888,130154.55164317193,89867.23497543129,47969.97058987616,0.29545071054103705,63315.89654758178,0.13416166246090888,49.12099217612642,33622049.26316439,379416.291285763,4713570.419634334,540713637747.9449,91787860811.53452,140.52407189865974,4183420489.056091,897418141.6595542,0.0,0.0,1658700000.0,7.0,0.0,54.48709070829777,80.0,30.0,37.5,72.30585336086968,32.230000000000004,30.55
2042,C_max_central,util_current_drag,fcap_none,4128514.012172433,5600998.125,301520.39906250004,256292.33920312507,256292.33920312507,36860.0,419007.0121724331,2642018.804357813,11292825.148382235,4004658.59180726,2.8199220706317196,3391.286593116052,2228.73678611918,1613372.8545897745,1060300.6652547137,133381.20351451632,89848.90434780942,47961.43122008,0.2976646362864882,63104.06291437926,0.1342383094641255,50.03981123129665,0.0,382397.78298024996,4750610.134006889,558525920231.8375,95007601146.57973,141.90574058646797,4678620526.598944,1055955166.6324937,0.0,0.0,1658700000.0,7.0,0.0,55.27977583316247,80.0,30.0,37.5,72.94795901342374,32.27,30.55
2043,C_max_central,util_current_drag,fcap_none,4161559.795357826,5974398.0,301520.39906250004,256292.33920312507,256292.33920312507,36860.0,452052.79535782617,2860311.1435609385,11380802.076028004,4036713.0014970913,2.819324056926321,3501.5026278723576,2245.044116459888,1676075.1784898415,1074642.265940417,136687.45724756876,89830.32126719592,47952.756916348386,0.29990463150393687,62889.79186967727,0.13431501016314548,50.944091145745176,0.0,385376.8587777687,4787619.835170344,576885291260.7552,98332040539.52943,143.28898224974833,5203630409.879305,1265889553.6144168,0.0,0.0,1658700000.0,7.0,0.0,56.329447768072086,80.0,30.0,37.5,73.58741620466911,32.31,30.55
2044,C_max_central,util_current_drag,fcap_none,4194565.923603397,6347797.875,301520.39906250004,256292.33920312507,256292.33920312507,36860.0,485058.92360339686,3078603.4827640634,11468707.990518037,4068728.9458952947,2.8187446603166215,3615.403513445406,2261.535103739594,1741288.6799764058,1089224.3316315752,140075.2737926678,89811.49029747368,47943.95010792125,0.3021709266262839,62673.06905259855,0.1343917626877922,51.83166634282918,0.0,388353.52992694126,4824599.662868759,595807846450.4576,101764416696.92055,144.67377997792354,5760099933.925342,1494826556.2136629,0.0,0.0,1658700000.0,7.0,0.0,57.47413278106831,80.0,30.0,37.5,74.22468048445259,32.35,30.55
2045,C_max_central,util_current_drag,fcap_none,4227532.444495073,6721197.75,301520.39906250004,256292.33920312507,256292.33920312507,36860.0,518025.4444950726,3296895.8219671883,11556543.228875808,4100706.4711602204,2.8181834789082316,3733.114589835403,2278.211360538909,1809115.931480556,1104050.885245571,143546.66232845062,89792.41588750732,47935.01316296705,0.3044637573925715,62453.87956104041,0.13446856522686382,52.7008323587767,0.0,391327.80784006073,4861549.758879509,615310141836.3458,105308064146.78749,146.06011726704148,6349764356.209869,1744065406.99927,0.0,0.0,1658700000.0,7.0,0.0,58.72032703499635,80.0,30.0,37.5,74.86008791106836,32.39,30.55
2026,C_max_central,util_current_drag,fcap_partial,3705055.5916,74679.975,60304.07981250001,51258.46784062501,0.0,0.0,-4451.408400000073,0.0,10141419.983388092,3593903.923852,2.8218394810394285,2022.8608386219394,1973.522769387258,870073.9380946757,848852.622531391,90065.85729695886,90065.85729695886,48061.022960284165,0.262943960601669,66383.58406431176,0.13324592085275141,56.48489111436993,0.0,343408.8872326838,4266242.67295994,338304954939.4916,55949564720.7934,124.05668452504084,73670342.90764228,-380081804.62302953,0.0,0.0,0.0,-1.0,0.0,48.099590976884855,80.0,49.95,37.5,29.5703370284787,31.63,30.55
2027,C_max_central,util_current_drag,fcap_partial,3700609.52489008,224039.92500000002,120608.15962500001,102516.93568125002,7688.770176093751,0.0,-8897.475109919906,7688.770176093751,10138591.969245598,3589591.2391433776,2.824441919371599,2094.164752895718,1993.2561598055613,907501.2291789218,863772.7344951071,92317.98357652809,90066.32544051521,48061.233218176545,0.265571775029994,66147.25152284847,0.13324351178011645,57.91136618998981,0.0,343313.1249832805,4265052.997881479,346666808834.0119,57328314507.81133,124.01344331363656,55345616.72646532,-402581272.7163913,0.0,0.0,0.0,-1.0,0.0,47.987093636418045,80.0,49.95,37.5,100.0,31.67,30.55
2028,C_max_central,util_current_drag,fcap_partial,3696553.231969017,448079.85000000003,180912.23943750001,153775.40352187504,30755.08070437501,372.9053535405469,-12953.76803098293,38059.412371664075,10136742.474660339,3585656.6350099463,2.827025425604429,2167.9316089825797,2013.1400150155268,946505.4593410427,878924.4119764185,94626.254633429,90066.63141789792,48061.3706271378,0.2682200921681827,65908.9512377116,0.13324193635048562,59.16025370236462,0.0,343250.49737506517,4264274.961597016,355269279846.4254,58748123488.35783,123.98516559984031,37976747.01250912,-426035757.0939051,0.0,0.0,16780740.909324612,-1.0,0.0,47.869821214530475,80.0,49.95,37.5,82.59606408047918,31.71,30.55
2029,C_max_central,util_current_drag,fcap_partial,3700959.453793162,746799.75,241216.31925000003,205033.87136250004,62369.99999999999,8576.82313143258,-8547.546206837986,91587.32666915626,10155517.765779108,3589930.670179367,2.8288896635632517,2242.7747156841547,2031.843199814647,986181.9229651802,893432.1490001674,96988.55873573679,90063.51850796065,48059.97212282407,0.2707213620087544,65681.40011018488,0.133257932427841,54.52504845846726,0.0,343886.2665120428,4272173.25870919,364819000847.25696,60356275971.00192,124.27228894009352,81691595.28545415,-428623038.8953535,0.0,0.0,385957040.91446614,-1.0,0.0,47.85688480552323,80.0,49.95,37.5,68.27316627154525,31.75,30.55
2030,C_max_central,util_current_drag,fcap_partial,3728854.1291177664,1120199.625,301520.39906250004,256292.33920312507,99018.61199999998,31365.75186908157,19347.129117766395,158270.11199999996,10231314.818425432,3616988.505244233,2.8286832550314043,2315.8065241706404,2046.8355256623136,1024603.3550613445,905600.0684700658,99399.23383808268,90050.79998821263,48054.24585145628,0.2727574470317072,65488.77368026487,0.13332257637302453,41.41795899839595,328263068.3113548,346452.9072336999,4304059.189970693,376702972436.10767,62442894083.73059,125.43277196966419,301694254.64802,-41832210.074635014,0.0,0.0,1411458834.1086707,-1.0,0.0,49.790838949626824,80.0,49.95,37.5,61.39665812821474,31.79,30.55
2031,C_max_central,util_current_drag,fcap_partial,3762379.504162825,1493599.5,301520.39906250004,256292.33920312507,157201.94841119993,36860.0,52872.50416282518,277472.0604111999,10320300.527991207,3649508.11903794,2.827860684609678,2390.1882410109847,2061.0518292794236,1063835.1255637505,917341.6946723219,101866.97444226874,90035.56212660833,48047.36061214255,0.2746983677024638,65302.94017525525,0.1333986031895037,40.9090882230481,347727375.4684101,349466.142416904,4341493.2605500575,389444661310.15485,64700555411.238014,126.79792308412391,561478742.4153851,42132760.57232474,0.0,12007836.763112549,1646692163.2368875,7.0,0.007239305940261982,50.210663802861625,80.0,49.95,37.5,60.23949630414075,31.830000000000002,30.55
2032,C_max_central,util_current_drag,fcap_partial,3796865.3018214223,1866999.375,301520.39906250004,256292.33920312507,214655.33871822665,37830.63347168493,87358.3018214223,453126.74606583384,10411515.749799348,3682959.3427667795,2.8269428958664045,2466.8434351619535,2075.2696223955104,1104491.4315677169,929170.2438254376,104395.14296670866,90019.6046016917,48040.12351817982,0.27664235561725775,65116.36913294557,0.13347668338822713,41.228223570737896,335520448.41927546,352554.87337086565,4379865.231372569,402671816923.3484,67051561246.39748,128.20033507877469,841296064.3839781,101462594.70420723,0.0,28916839.490699057,1673461666.735123,7.0,0.016986139912449773,50.50731297352104,80.0,49.95,37.5,60.83241782556375,31.87,30.55
2033,C_max_central,util_current_drag,fcap_partial,3832718.8000834617,2240399.25,301520.39906250004,256292.33920312507,246856.298898065,39197.44452549817,123211.80008346168,659573.3083396739,10506061.121152757,3717737.2360809576,2.825928906214924,2545.759964118536,2089.423760663549,1146568.3595743256,941042.04932342,106984.93870544103,90002.70961041805,48032.433843577615,0.278581447564111,64929.62448245547,0.13355777000103258,41.693571234511495,317720900.2799353,355756.36988936673,4419638.113124775,416445865459.4745,69508867591.5242,129.65719253828354,1149683365.6581173,167853455.56179398,0.0,47838234.835111275,1716046768.8123062,7.0,0.027120948778514387,50.83926727780897,80.0,49.95,37.5,61.65215823584521,31.91,30.55
2034,C_max_central,util_current_drag,fcap_partial,3870106.057092954,2613799.125,301520.39906250004,256292.33920312507,260208.4378917784,40726.92398250483,160599.05709295394,877795.2266618598,10604331.808027064,3754002.8753801654,2.82480652254513,2626.9702075858786,2103.48955073587,1190091.3517768807,952939.8984636022,109637.70781372294,89984.77271992085,48024.24150261618,0.2805127339421772,64742.898111090406,0.1336422165520144,42.276582850607845,295420705.9642499,359084.01308749645,4460978.142285484,430804781007.6981,72080586237.5269,131.17493121207886,1489714826.120807,243819593.121907,0.0,69488584.03974348,1763222995.1729739,7.0,0.037915722707221544,51.219097965609535,80.0,49.95,37.5,62.446331062225454,31.95,30.55
2035,C_max_central,util_current_drag,fcap_partial,3909252.645161088,2987199.0,301520.39906250004,256292.33920312507,262545.89700038766,42476.99387654593,199745.6451610881,1096550.408325602,10706873.548354337,3791975.065806255,2.8235611686644426,2710.4932845066696,2117.4330217449274,1235076.5754783968,964839.8467726082,112354.7748071314,89965.65476822467,48015.480012067936,0.2824321828857906,64556.45850728555,0.13373050908541537,42.929290805454855,270454626.6913518,362556.28274976986,4504114.897203471,445795112117.40955,74776714960.21027,132.76238684821942,1865436289.5196302,333147637.76256263,0.0,94947076.76233035,1816517647.6822367,7.0,0.04967241903452864,51.66573818881281,80.0,49.95,37.5,63.19492112747668,31.990000000000002,30.55
2036,C_max_central,util_current_drag,fcap_partial,3950473.7983837556,3360598.875,301520.39906250004,256292.33920312507,259485.4950385494,44534.88870495503,240966.7983837556,1310123.6469672904,10814449.078542393,3831959.584432243,2.8221720089317435,2796.327292597653,2131.2062552968946,1281525.3082341254,976707.8268912868,115137.41654099764,89945.16578065668,48006.058852524875,0.284334070003601,64370.690717093945,0.13382332496476096,43.61201679722185,244340357.50626433,366199.0066657361,4549369.242078875,461475658550.6337,77609950351.4328,134.43186069302075,2281992593.0130577,439768890.3850787,0.0,125334133.75974742,1878735857.963229,7.0,0.06253979864844582,52.198844451925396,80.0,49.95,37.5,63.91505051583812,32.03,30.55
2037,C_max_central,util_current_drag,fcap_partial,3994177.7409723406,3733998.75,301520.39906250004,256292.33920312507,257333.58038398085,46991.17581224624,284670.7409723406,1519012.7162046258,10928045.582044061,3874352.40874317,2.820612176988074,2884.446656440402,2144.7472864955243,1329421.677688708,988499.3121522465,117986.8453203151,89923.0585257471,47995.86014926488,0.2862109881480198,64186.0910878008,0.13392154147252083,44.29426392762809,218244404.76822564,370045.6128535215,4597156.46039068,477919068500.4432,80596075168.91283,136.1992863713618,2745761315.095502,567778642.548228,0.0,161816913.12624496,1952785998.424836,7.0,0.07652354597750495,52.83889321274114,80.0,49.95,37.5,64.63558796247366,32.07,30.55
2038,C_max_central,util_current_drag,fcap_partial,4040869.4704436944,4107398.625,301520.39906250004,256292.33920312507,256292.33920312507,49940.2004777048,331362.4704436944,1723820.3126472305,11048883.886409499,3919643.3863303834,2.818849266987422,2974.7994010980565,2157.9800990397266,1378730.3001604127,1000159.0522678632,120904.1886504867,89899.0209976976,47984.73480728516,0.2880538731243795,64003.25980922089,0.13402624622748213,44.95234715913529,193072721.16307503,374137.4409905272,4647990.123867431,495213642306.2725,83754403187.57509,138.08443323409983,3264521759.5785937,721604708.96622,0.0,205657342.0553727,2041651679.4413433,7.0,0.09151271146431128,53.6080235448311,80.0,49.95,37.5,65.37499968487704,32.11,30.55
2039,C_max_central,util_current_drag,fcap_partial,4091158.53891711,4480798.5,301520.39906250004,256292.33920312507,256292.33920312507,53483.968482809294,381651.53891710984,1924974.5400124076,11178437.407722406,3968423.7827495965,2.816845684756283,3067.303631976012,2170.814198002726,1429393.322231339,1011620.5275807995,123890.46262018055,89872.66593387423,47972.49720472851,0.2898519823057146,63822.89555784152,0.1341387564769575,45.56701569163003,169561649.79515123,378524.38391015946,4702490.061939485,513465723739.1382,87108367755.23334,140.11127463326972,3847671789.761681,906192728.3883177,0.0,258264927.5906705,2148513654.1357474,7.0,0.1073073067674606,54.53096364194159,80.0,49.95,37.5,66.14760017826748,32.15,30.55
2040,C_max_central,util_current_drag,fcap_partial,4143249.1486704093,4854198.375,301520.39906250004,256292.33920312507,256292.33920312507,55290.0,433742.14867040934,2124266.879215533,11312321.226337358,4018951.674210297,2.8147442774514504,3162.4279558414655,2183.5475794932545,1481737.799002256,1023088.9144774665,126948.36329092401,89844.80915820239,47959.52111016412,0.2916425689967297,63642.238204283334,0.1342552967628346,46.28494142472665,142100990.5042058,383057.9594098759,4758811.64817983,532517835425.3718,90624793144.07368,142.21204150372904,4481382959.729213,1111010706.643374,0.0,316638051.39336157,2171411948.6066384,7.0,0.12726354027988246,55.55505353321687,80.0,49.95,37.5,66.95525829699076,32.19,30.55
2041,C_max_central,util_current_drag,fcap_partial,4195277.249692004,5227598.25,301520.39906250004,256292.33920312507,256292.33920312507,55290.0,485770.2496920042,2323559.218418658,11446038.730410911,4069418.932201244,2.8126960927612044,3260.6902593796085,2196.4822591434145,1536131.9486184975,1034776.7817375882,130080.8859815292,89816.37137334523,47946.23444409645,0.29346305920284776,63458.58426362426,0.13437195889802397,47.11208299225411,110462825.54628034,387585.90316456195,4815063.270036998,552189291713.2129,94264951066.12863,144.31641225781442,5151357973.21278,1331624501.6403573,0.0,379512982.96750176,2108537017.0324984,7.0,0.15253430717529864,56.658122508201785,80.0,49.95,37.5,67.7880820701172,32.230000000000004,30.55
2042,C_max_central,util_current_drag,fcap_partial,4247242.916992374,5600998.125,301520.39906250004,256292.33920312507,256292.33920312507,55290.0,537735.9169923738,2522851.5576217826,11579632.456985377,4119825.6294826022,2.81070935966764,3362.1952288647176,2209.618085329647,1592657.5231019717,1046686.6517952682,133289.83965767044,89787.35937581718,47932.64139706021,0.2953134740601056,63271.94235186141,0.1344887726042365,47.93594639231304,78950050.49402614,392109.6555640636,4871262.821784714,572500902934.425,98033287453.8908,146.4249816897023,5861102096.014489,1575167164.9028575,0.0,448922641.9973144,2039127358.0026855,7.0,0.1804315194619539,57.87583582451429,80.0,49.95,37.5,68.6398752926088,32.27,30.55
2043,C_max_central,util_current_drag,fcap_partial,4299146.225491983,5974398.0,301520.39906250004,256292.33920312507,256292.33920312507,55290.0,589639.2254919829,2722143.896824908,11670597.393740082,4170171.838727223,2.809390876465777,3467.051153930388,2222.9550058417453,1651399.6329111236,1058821.1473209516,136591.51460011993,89767.26823352989,47923.20714457698,0.2971624356519866,63091.80816342894,0.13456845714982932,48.73708167295012,48306626.00965795,395189.91136249155,4909529.503922097,591352082020.506,101471790189.9941,147.86421052189252,6602066334.823481,1935158238.7967482,0.0,551520098.0570731,1936529901.942927,7.0,0.22166761040054384,59.67579119398374,80.0,49.95,37.5,69.20410322718791,32.31,30.55
2044,C_max_central,util_current_drag,fcap_partial,4350987.2500213925,6347797.875,301520.39906250004,256292.33920312507,256292.33920312507,55290.0,641480.2500213925,2921436.2360280333,11737375.416873561,4220457.63252075,2.8084555334305614,3575.3700517757325,2236.493063880563,1712446.886351802,1071182.9903278227,139983.03255957004,89752.3483633758,47916.19075045981,0.29902188918678135,62914.431596809045,0.13462702774166757,49.52058048688164,18337796.376777213,397451.14959672606,4937621.354212749,609549613839.5073,104753025015.40271,148.92254665238886,7381094794.396264,2379942124.51556,0.0,678283505.4869345,1809766494.5130653,7.0,0.27261650910831153,61.8997106225778,80.0,49.95,37.5,69.60855465008011,32.35,30.55
2045,C_max_central,util_current_drag,fcap_partial,4402766.065321367,6721197.75,301520.39906250004,256292.33920312507,256292.33920312507,55290.0,693259.0653213672,3120728.575231158,11804417.648898471,4270683.083361726,2.807547603905792,3687.2677958643108,2250.232394355116,1775891.5349671107,1083775.001459395,143458.43264123247,89737.22577274038,47909.07035071316,0.300909555646906,62734.43704047899,0.13468589189908697,50.29488072683453,0.0,399721.3344756662,4965824.3506002035,628300020960.9479,108139013284.92534,149.98658544821595,8206759011.371321,2871431823.7584496,0.0,818358069.7711581,1669691930.2288418,7.0,0.3289154437294902,64.35715911879225,80.0,49.95,37.5,70.02457214926154,32.39,30.55
2026,C_max_central,util_current_drag,fcap_high,3705055.5916,74679.975,60304.07981250001,51258.46784062501,0.0,0.0,-4451.408400000073,0.0,10141419.983388092,3593903.923852,2.8218394810394285,2022.8608386219394,1973.522769387258,870073.9380946757,848852.622531391,90065.85729695886,90065.85729695886,48061.022960284165,0.262943960601669,66383.58406431176,0.13324592085275141,56.48489111436993,0.0,343408.8872326838,4266242.67295994,338304954939.4916,55949564720.7934,124.05668452504084,73670342.90764228,-380081804.62302953,0.0,0.0,0.0,-1.0,0.0,48.099590976884855,80.0,69.9,37.5,24.5828370284787,31.63,30.55
2027,C_max_central,util_current_drag,fcap_high,3700609.52489008,224039.92500000002,120608.15962500001,102516.93568125002,7688.770176093751,0.0,-8897.475109919906,7688.770176093751,10138591.969245598,3589591.2391433776,2.824441919371599,2094.164752895718,1993.2561598055613,907501.2291789218,863772.7344951071,92317.98357652809,90066.32544051521,48061.233218176545,0.265571775029994,66147.25152284847,0.13324351178011645,57.91136618998981,0.0,343313.1249832805,4265052.997881479,346666808834.0119,57328314507.81133,124.01344331363656,55345616.72646532,-402581272.7163913,0.0,0.0,0.0,-1.0,0.0,47.987093636418045,80.0,69.9,37.5,100.0,31.67,30.55
2028,C_max_central,util_current_drag,fcap_high,3696553.231969017,448079.85000000003,180912.23943750001,153775.40352187504,30755.08070437501,372.9053535405469,-12953.76803098293,38059.412371664075,10136742.474660339,3585656.6350099463,2.827025425604429,2167.9316089825797,2013.1400150155268,946505.4593410427,878924.4119764185,94626.254633429,90066.63141789792,48061.3706271378,0.2682200921681827,65908.9512377116,0.13324193635048562,59.16025370236462,0.0,343250.49737506517,4264274.961597016,355269279846.4254,58748123488.35783,123.98516559984031,37976747.01250912,-426035757.0939051,0.0,0.0,16780740.909324612,-1.0,0.0,47.869821214530475,80.0,69.9,37.5,77.60856408047917,31.71,30.55
2029,C_max_central,util_current_drag,fcap_high,3700959.453793162,746799.75,241216.31925000003,205033.87136250004,62369.99999999999,8576.82313143258,-8547.546206837986,91587.32666915626,10155517.765779108,3589930.670179367,2.8288896635632517,2242.7747156841547,2031.843199814647,986181.9229651802,893432.1490001674,96988.55873573679,90063.51850796065,48059.97212282407,0.2707213620087544,65681.40011018488,0.133257932427841,54.52504845846726,0.0,343886.2665120428,4272173.25870919,364819000847.25696,60356275971.00192,124.27228894009352,81691595.28545415,-428623038.8953535,0.0,0.0,385957040.91446614,-1.0,0.0,47.85688480552323,80.0,69.9,37.5,63.285666271545246,31.75,30.55
2030,C_max_central,util_current_drag,fcap_high,3728854.1291177664,1120199.625,301520.39906250004,256292.33920312507,99018.61199999998,31365.75186908157,19347.129117766395,158270.11199999996,10231314.818425432,3616988.505244233,2.8286832550314043,2315.8065241706404,2046.8355256623136,1024603.3550613445,905600.0684700658,99399.23383808268,90050.79998821263,48054.24585145628,0.2727574470317072,65488.77368026487,0.13332257637302453,41.41795899839595,328263068.3113548,346452.9072336999,4304059.189970693,376702972436.10767,62442894083.73059,125.43277196966419,301694254.64802,-41832210.074635014,0.0,0.0,1411458834.1086707,-1.0,0.0,49.790838949626824,80.0,69.9,37.5,56.40915812821474,31.79,30.55
2031,C_max_central,util_current_drag,fcap_high,3762379.504162825,1493599.5,301520.39906250004,256292.33920312507,157201.94841119993,36860.0,52872.50416282518,277472.0604111999,10320300.527991207,3649508.11903794,2.827860684609678,2390.1882410109847,2061.0518292794236,1063835.1255637505,917341.6946723219,101866.97444226874,90035.56212660833,48047.36061214255,0.2746983677024638,65302.94017525525,0.1333986031895037,40.9090882230481,347727375.4684101,349466.142416904,4341493.2605500575,389444661310.15485,64700555411.238014,126.79792308412391,561478742.4153851,42132760.57232474,0.0,24015673.526225097,1634684326.473775,7.0,0.014478611880523963,50.210663802861625,80.0,69.9,37.5,55.25199630414075,31.830000000000002,30.55
2032,C_max_central,util_current_drag,fcap_high,3797865.9548850153,1866999.375,301520.39906250004,256292.33920312507,214655.33871822665,38801.26694336986,88358.95488501526,452126.09300224116,10413952.03981328,3683929.976238465,2.8268593884747535,2466.6466164229255,2075.1040456327532,1104359.2503326037,929059.0443476065,104394.6433125557,90019.17375148153,48039.92775972546,0.2766216074848522,65117.925203888495,0.13347877088831256,41.1182705953134,339726149.72926253,352637.3710530473,4380890.117871517,402765038425.6131,67071174364.08776,128.2378347016484,849384130.0847197,108703395.65855683,0.0,61960935.52537739,1684096076.9262662,7.0,0.035486204106461486,50.543516978292786,80.0,69.9,37.5,55.79742946013205,31.87,30.55
2033,C_max_central,util_current_drag,fcap_high,3836471.9270329345,2240399.25,301520.39906250004,256292.33920312507,246856.298898065,41868.508954968005,126964.9270329345,655818.9806065246,10515175.638992848,3721377.7692219466,2.825613600951705,2545.0051783951985,2088.804272869421,1146058.48278412,940623.5696963215,106982.98022694136,90001.06201054262,48031.682519857764,0.27850395000335537,64935.41073610957,0.1335655953183362,41.41218498115748,328483924.4707263,356065.0058036919,4423472.363655425,416803166262.6063,69584253658.53139,129.79781266551814,1180065691.230669,189672753.4263274,0.0,108113469.45300661,1775969433.5205538,7.0,0.0573825436674661,50.94836376713164,80.0,69.9,37.5,56.561600565959445,31.91,30.55
2034,C_max_central,util_current_drag,fcap_high,3878877.6165082455,2613799.125,301520.39906250004,256292.33920312507,260208.4378917784,45599.17211411803,169370.61650824547,869017.9627105526,10625601.047296327,3762511.288012998,2.824071539970784,2625.167826521128,2102.046333098609,1188866.7679510396,951959.3394628877,109632.91706132886,89980.8407263218,48022.44194949684,0.28033252182988827,64756.28472913849,0.133660515578725,41.79580709448821,313810378.63582593,359804.2323271795,4469925.581237874,431658962376.6169,72261347675.40668,131.5038875984981,1561567277.5940764,287959144.93448234,0.0,164136712.61265492,1887826032.5226564,7.0,0.0799901036223888,51.439795724672415,80.0,69.9,37.5,57.31427085058331,31.95,30.55
2035,C_max_central,util_current_drag,fcap_high,3925901.0227528233,2987199.0,301520.39906250004,256292.33920312507,262545.89700038766,50127.717602856275,216394.0227528233,1079885.8003265522,10747204.957668126,3808123.9920702386,2.822178316684889,2707.0009906770338,2114.7048473868595,1232690.3710773017,962975.7477082819,112345.24582359701,89958.02464084986,48011.97520837219,0.2820922121173266,64581.56647220755,0.13376528444591457,42.21471261524602,297787242.4668396,363921.9854241153,4521081.316083364,447454397298.18835,75128973370.34506,133.38780436410974,2004252737.5898936,409930218.97685724,0.0,233660224.8168086,2022087067.3117237,7.0,0.10358439778789488,52.04965109488428,80.0,69.9,37.5,58.044408478968194,31.990000000000002,30.55
2036,C_max_central,util_current_drag,fcap_high,3978189.94152552,3360598.875,301520.39906250004,256292.33920312507,259485.4950385494,55290.0,268682.9415255198,1282371.2953651017,10881546.975407783,3858844.243279754,2.8198979511438407,2790.397846902764,2126.687159199366,1277451.3724947665,973602.8980246326,115120.77528750652,89932.1656600267,48000.0655496235,0.2837721712036531,64411.91974963431,0.13388131311809623,42.64069565827858,281493391.07084423,368471.07646818395,4577595.655277608,464303433354.5529,78212326955.63503,135.47526566073634,2517747235.176891,560688062.7913924,0.0,319592195.79109365,2168457804.208906,7.0,0.12845087349172793,52.80344031395696,80.0,69.9,37.5,58.77875129730706,32.03,30.55
2037,C_max_central,util_current_drag,fcap_high,4030416.113595689,3733998.75,301520.39906250004,256292.33920312507,257333.58038398085,55290.0,320909.1135956892,1482704.8757490825,11015641.393693136,3909503.6301878183,2.8176572873942898,2876.542445843836,2138.8700641898104,1323960.9283047412,984438.9398110402,117964.05186046417,89905.68660925407,47987.82345869239,0.28548183922813014,64239.24583897635,0.1339974190317627,43.443710841188775,250778060.32452938,373011.7832965094,4634005.835551356,481700613269.9805,81404423990.88063,137.56531483441546,3057824485.7269936,709504754.4004169,0.0,404417710.00823754,2083632289.9917624,7.0,0.16254404453617793,53.54752377200209,80.0,69.9,37.5,59.567046659517885,32.07,30.55
2038,C_max_central,util_current_drag,fcap_high,4082579.6142593743,4107398.625,301520.39906250004,256292.33920312507,256292.33920312507,55290.0,373072.6142593743,1681997.2149522076,11149611.356921073,3960102.225831593,2.8154857428155746,2965.52610691103,2151.253062487024,1372288.4863448818,995486.029269908,120876.69993849007,89878.58160412019,47975.24748637539,0.2872212298982351,64063.5448542759,0.13411370019961624,44.27162881092431,219110197.98214504,377548.275826162,4690363.660683745,499667885685.0473,84709925170.66649,139.6597857702811,3630259422.5681257,874865844.1567715,0.0,498673531.16935974,1989376468.8306403,7.0,0.20042745570601866,54.374329220783856,80.0,69.9,37.5,60.39252086458629,32.11,30.55
2039,C_max_central,util_current_drag,fcap_high,4134680.518722263,4480798.5,301520.39906250004,256292.33920312507,256292.33920312507,55290.0,425173.51872226316,1881289.5541553325,11283456.978093375,4010640.103160595,2.81338057962404,3057.4432924620924,2163.8357675692982,1422506.3433225313,1006746.425310411,123860.4132188082,89850.86748584252,47962.346582362945,0.2889903006770964,63884.838275010945,0.134230148822184,45.11043002992733,187026051.35527965,382080.5578836093,4746669.178211807,518222631072.8736,88132527146.36058,141.75860521030089,4236858683.2172356,1058581358.6988697,0.0,603391374.4583558,1884658625.541644,7.0,0.2425157751887445,55.292906793494346,80.0,69.9,37.5,61.24545136162238,32.15,30.55
2040,C_max_central,util_current_drag,fcap_high,4186718.9020997966,4854198.375,301520.39906250004,256292.33920312507,256292.33920312507,55290.0,477211.90209979657,2080581.8933584576,11417178.385888128,4061117.3350368026,2.811339206426712,3152.39171543362,2176.617901171481,1474689.7624616385,1018222.4880028276,126916.92648927042,89822.56047872444,47949.129368609625,0.2907890253278237,63703.14566466666,0.13434675741012353,45.95233104526738,154823337.51852277,386608.6338261503,4802922.442267209,537382737572.9278,91676041065.61937,143.86170168901512,4879521745.141729,1262298422.9331486,0.0,719510101.0718946,1768539898.9281054,7.0,0.2891863511874338,56.31149211466574,80.0,69.9,37.5,62.11747488582581,32.19,30.55
2041,C_max_central,util_current_drag,fcap_high,4238694.839417277,5227598.25,301520.39906250004,256292.33920312507,256292.33920312507,55290.0,529187.8394172769,2279874.2325615827,11528731.231834827,4111533.9942347584,2.809679584328186,3250.472450887287,2189.599288577244,1528917.0961986242,1029916.6772560283,130054.9787288684,89798.48330771063,47937.857657769535,0.29260172883867386,63523.2918447837,0.13444423463144622,46.78414394856511,123006493.96738458,390386.0376568707,4849849.944771542,556119242267.2921,95116995989.35861,145.62086385952128,5554723212.055947,1532743224.7259028,0.0,873663638.0937645,1614386361.9062355,7.0,0.3511439231903557,57.66371612362951,80.0,69.9,37.5,62.84659200670086,32.230000000000004,30.55
2042,C_max_central,util_current_drag,fcap_high,4290608.4056099765,5600998.125,301520.39906250004,256292.33920312507,256292.33920312507,55290.0,581101.4056099765,2479166.571764708,11595042.236160705,4161890.153441677,2.8087190698734386,3351.7900516036125,2202.7798542656637,1585269.9141407504,1041831.5517023536,133284.81537759394,89783.97489548476,47931.05329945132,0.29441064824717733,63350.616644296795,0.13450226324191136,47.59321711103627,92059445.50286277,392631.4616945432,4877745.331887476,573251164337.9691,98196388757.76134,146.66859389585264,6258687570.2741995,1923791746.3577437,0.0,1096561295.423914,1391488704.576086,7.0,0.44073121336947163,59.61895873178872,80.0,69.9,37.5,63.26525734110089,32.27,30.55
2043,C_max_central,util_current_drag,fcap_high,4342459.675523245,5974398.0,301520.39906250004,256292.33920312507,256292.33920312507,55290.0,632952.6755232448,2678458.910967833,11661614.875767263,4212185.885257548,2.8077869564914355,3456.4526678621532,2216.159617884167,1643833.1365104732,1053969.7677757028,136594.5516474782,89769.26416604183,47924.14511230003,0.29624744796192753,63175.348751431826,0.13456058336914586,48.39544866107339,61374088.7139429,394885.74522928277,4905750.782446303,590904000395.5837,101374174742.40825,147.72196575549003,7004969436.612856,2346680589.308918,0.0,1337607935.906083,1150442064.093917,7.0,0.53761296433194,61.73340294654459,80.0,69.9,37.5,63.69427860064882,32.31,30.55
2044,C_max_central,util_current_drag,fcap_high,4394248.723912617,6347797.875,301520.39906250004,256292.33920312507,256292.33920312507,55290.0,684741.7239126172,2877751.250170958,11728449.176462831,4262421.262195239,2.8068821969823015,3564.572171552868,2229.7386905224666,1704695.1733095346,1066334.0789700702,139986.15600888047,89754.3510125932,47917.13304116231,0.29811216931996326,62997.486726323594,0.13461919501619213,49.18966230620468,30995416.78767094,397148.88913501136,4933866.307304945,609093369592.6306,104653454013.90053,148.780991149679,7795884201.471908,2803372294.0978727,0.0,1597922207.6357872,890127792.3642128,7.0,0.642238784443957,64.01686147048936,80.0,69.9,37.5,64.1318560539668,32.35,30.55
2045,C_max_central,util_current_drag,fcap_high,4445975.625443922,6721197.75,301520.39906250004,256292.33920312507,256292.33920312507,55290.0,736468.6254439224,3077043.5893740826,11795545.2841719,4312596.356680605,2.806003796817244,3676.264284769382,2243.517271264456,1767948.0694472853,1078927.3352670446,143461.64517998474,89739.23530477003,47910.01701999303,0.3000048659178004,62817.028049596556,0.134678098290001,49.97474493402099,966006.2736971432,399420.8983530261,4962091.967850197,627835359265.4872,108037424346.28133,149.84568368146526,8633865569.708115,3295931446.454672,0.0,1878680924.4791627,609369075.5208373,7.0,0.7550816601270725,66.47965723227335,80.0,69.9,37.5,64.57666556647419,32.39,30.55
2026,C_max_central,util_severe_bottleneck,fcap_none,3705055.5916,74679.975,60304.07981250001,51258.46784062501,0.0,0.0,-4451.408400000073,0.0,10141419.983388092,3593903.923852,2.8218394810394285,2022.8608386219394,1973.522769387258,870073.9380946757,848852.622531391,90065.85729695886,90065.85729695886,48061.022960284165,0.262943960601669,66383.58406431176,0.13324592085275141,56.48489111436993,0.0,343408.8872326838,4266242.67295994,338304954939.4916,55949564720.7934,124.05668452504084,73670342.90764228,-380081804.62302953,0.0,0.0,0.0,-1.0,0.0,48.099590976884855,80.0,30.0,0.0,39.0578370284787,31.63,40.96666666666666
2027,C_max_central,util_severe_bottleneck,fcap_none,3700609.52489008,224039.92500000002,120608.15962500001,102516.93568125002,7688.770176093751,0.0,-8897.475109919906,7688.770176093751,10138591.969245598,3589591.2391433776,2.824441919371599,2094.164752895718,1993.2561598055613,907501.2291789218,863772.7344951071,92317.98357652809,90066.32544051521,48061.233218176545,0.265571775029994,66147.25152284847,0.13324351178011645,57.91136618998981,0.0,343313.1249832805,4265052.997881479,346666808834.0119,57328314507.81133,124.01344331363656,55345616.72646532,-402581272.7163913,0.0,0.0,0.0,-1.0,0.0,47.987093636418045,80.0,30.0,0.0,100.0,31.67,40.96666666666666
2028,C_max_central,util_severe_bottleneck,fcap_none,3696553.231969017,448079.85000000003,180912.23943750001,153775.40352187504,30755.08070437501,372.9053535405469,-12953.76803098293,38059.412371664075,10136742.474660339,3585656.6350099463,2.827025425604429,2167.9316089825797,2013.1400150155268,946505.4593410427,878924.4119764185,94626.254633429,90066.63141789792,48061.3706271378,0.2682200921681827,65908.9512377116,0.13324193635048562,59.16025370236462,0.0,343250.49737506517,4264274.961597016,355269279846.4254,58748123488.35783,123.98516559984031,37976747.01250912,-426035757.0939051,0.0,0.0,16780740.909324612,-1.0,0.0,47.869821214530475,80.0,30.0,0.0,92.08356408047918,31.71,40.96666666666666
2029,C_max_central,util_severe_bottleneck,fcap_none,3694552.145313084,746799.75,241216.31925000003,205033.87136250004,62369.99999999999,2361.7339057567974,-14954.854686915874,97994.63514923438,10139917.891822662,3583715.5809536916,2.8294427006744343,2243.9412526235546,2032.9000247070792,986951.4388776134,894129.2924372199,96991.3451735075,90066.10599243309,48061.13466065029,0.2708543910906338,65671.30569594813,0.1332446412620805,59.46733721704636,0.0,343358.02338976524,4265610.780468984,364263991398.9808,60240406763.16903,124.03371670475569,33867253.11650533,-446128257.7046839,0.0,0.0,106278025.75905588,-1.0,0.0,47.76935871147658,80.0,30.0,0.0,80.35040720586602,31.75,40.96666666666666
2030,C_max_central,util_severe_bottleneck,fcap_none,3698518.6827387083,1120199.625,301520.39906250004,256292.33920312507,99018.61199999998,8148.0,-10988.317261291668,188613.24714923435,10157605.315346627,3587563.122256547,2.8313384236588925,2321.509207791761,2051.8758670317216,1028390.3193422892,908947.193086803,99412.8896404127,90063.17147113878,48059.816137815265,0.27339155397465736,65440.66106675812,0.1332597113753878,56.24781778453501,0.0,343956.95514097234,4273051.438792597,374015599815.07227,61881079395.31716,124.3042212396728,73348566.26926705,-452019060.5669581,0.0,0.0,366660000.0,-1.0,0.0,47.73990469716521,80.0,30.0,0.0,76.33802519850481,31.79,40.96666666666666
2031,C_max_central,util_severe_bottleneck,fcap_none,3702480.4603194217,1493599.5,301520.39906250004,256292.33920312507,157201.94841119993,8148.0,-7026.53968057828,337415.1955604343,10175171.179114401,3591406.046509839,2.8331998797525904,2401.77849824317,2071.0460717664128,1071582.4598414737,924022.196739551,101894.89970229284,90060.24398741324,48058.49970691223,0.27595475829124255,65207.69112621629,0.1332746837039481,57.296095829589824,0.0,344551.77063423203,4280440.959955929,384022523676.5407,63565246260.00968,124.57298325912281,110364528.7774157,-461999618.05450827,0.0,0.0,366660000.0,-1.0,0.0,47.69000190972746,80.0,30.0,0.0,75.04201180606138,31.830000000000002,40.96666666666666
2032,C_max_central,util_severe_bottleneck,fcap_none,3706437.483767038,1866999.375,301520.39906250004,256292.33920312507,214655.33871822665,8148.0,-3069.516232961789,543670.5342786609,10192752.725212708,3595244.359254027,2.8350653548699514,2484.8440724591305,2090.412932762971,1116602.723957053,939359.0530645164,104438.85903632075,90057.3008315103,48057.1751690501,0.27854438187179864,64972.34563835465,0.1332896751533245,58.35051784593023,0.0,345147.11716275953,4287837.078284927,394296577194.446,65295132050.76672,124.84210139657083,149585125.59119976,-471699847.1386224,0.0,0.0,366660000.0,-1.0,0.0,47.64150076430689,80.0,30.0,0.0,74.62130052903211,31.87,40.96666666666666
2033,C_max_central,util_severe_bottleneck,fcap_none,3710389.7587865177,2240399.25,301520.39906250004,256292.33920312507,246856.298898065,8148.0,882.7587865176611,782126.8331767259,10210350.289219232,3599078.066022922,2.8369349322011077,2570.8042551244707,2109.9787766251147,1163529.2074294824,954962.6070386225,107046.3133387882,90054.341955769,48055.84250349547,0.28116073883408527,64734.596636267626,0.13330468600437823,59.407269846942015,0.0,345743.0060898906,4295239.934948763,404844889056.3257,67071977607.55812,125.11158095239962,191141063.02019638,-481058860.85660124,0.0,0.0,366660000.0,-1.0,0.0,47.594705695716996,80.0,30.0,0.0,74.50814884706614,31.91,40.96666666666666
2034,C_max_central,util_severe_bottleneck,fcap_none,3714337.291075974,2613799.125,301520.39906250004,256292.33920312507,260208.4378917784,8148.0,4830.2910759737715,1033935.2710685043,10227964.211288087,3602907.1723436946,2.8388086958773315,2659.760868941634,2129.7459632845816,1212443.379574075,970837.8010638618,109718.84685613734,90051.36731074152,48054.50168862831,0.2838041478173812,64494.415751326545,0.13331971654232463,60.46256224071783,0.0,346339.44893392787,4302649.6730417935,415674778594.3763,68897057539.8736,125.38142730590586,235170242.04036665,-490010922.02975696,0.0,0.0,366660000.0,-1.0,0.0,47.54994538985122,80.0,30.0,0.0,74.51000872728832,31.95,40.96666666666666
2035,C_max_central,util_severe_bottleneck,fcap_none,3718280.0863266825,2987199.0,301520.39906250004,256292.33920312507,262545.89700038766,8148.0,8773.086326682474,1288081.1680688919,10245594.836230634,3606731.6837368817,2.8406867309894603,2751.81936092115,2149.7168865895146,1263430.23098473,986989.6771372375,112458.08334582394,90048.37684516869,48053.15270193006,0.28647493206267854,64251.77420609452,0.13333476705680652,61.512682482819706,0.0,346936.457370878,4310066.437617568,426793760911.6993,70771681151.94243,125.65164591668227,281818138.6373342,-498485138.9525488,0.0,0.0,366660000.0,-1.0,0.0,47.507574305237256,80.0,30.0,0.0,74.56125924959056,31.990000000000002,40.96666666666666
2036,C_max_central,util_severe_bottleneck,fcap_none,3722218.1502230903,3360598.875,301520.39906250004,256292.33920312507,259485.4950385494,8148.0,12711.150223090313,1539166.6631074413,10263242.513598016,3610551.6057163975,2.842569123606698,2847.0889333167634,2169.8939749054257,1316578.4278100731,1003423.379074927,115265.68706110722,90045.37050595481,48051.79551997133,0.2891734194945995,64006.6428070897,0.13334983784196924,62.55404456935374,0.0,347534.0432372459,4317490.375723541,438209552147.79144,72697193393.616,125.92224232602867,331238203.82380867,-506405143.8467099,0.0,0.0,366660000.0,-1.0,0.0,47.46797428076645,80.0,30.0,0.0,74.63674405615829,32.03,40.96666666666666
2037,C_max_central,util_severe_bottleneck,fcap_none,3726151.488442823,3733998.75,301520.39906250004,256292.33920312507,257333.58038398085,8148.0,16644.488442822825,1788100.2434914224,10280907.597765453,3614366.943789538,2.844455960795801,2945.682679380025,2190.2796917290507,1371980.4729002067,1020144.1547921943,118143.36376036142,90042.348238142,48050.430118399505,0.29189994280507847,63758.991937393395,0.13336492919653758,63.58323424885676,0.0,348132.21853288973,4324921.636436538,449930074887.12976,74674975837.64026,126.19322215839465,383592284.33966094,-513688753.150705,0.0,0.0,366660000.0,-1.0,0.0,47.43155623424647,80.0,30.0,0.0,74.72614648879683,32.07,40.96666666666666
2038,C_max_central,util_severe_bottleneck,fcap_none,3730080.1066566915,4107398.625,301520.39906250004,256292.33920312507,256292.33920312507,8148.0,20573.106656691525,2035992.5826945473,10298590.448018346,3618177.703456991,2.8463473306406564,3047.7177241159447,2210.87653631542,1429732.8741360975,1037157.3586406234,121092.8617415182,90039.30998488376,48049.05647192577,0.29465483953885374,63508.79154909872,0.13338004142389384,64.59704900662109,0.0,348730.99542393605,4332360.370898972,461963463714.80597,76706447684.06499,126.46459112285277,439051065.09486675,-520247608.6657426,0.0,0.0,366660000.0,-1.0,0.0,47.39876195667129,80.0,30.0,0.0,74.82445363290728,32.11,40.96666666666666
2039,C_max_central,util_severe_bottleneck,fcap_none,3734004.0105287037,4480798.5,301520.39906250004,256292.33920312507,256292.33920312507,8148.0,24497.010528703686,2283884.9218976726,10316291.428640245,3621983.8902128423,2.8482433222622694,3153.315370228332,2231.68704431848,1489936.3202681583,1054468.4538042985,124115.97290226497,90036.25568741774,48047.67455431203,0.2974384521808164,63256.01115559598,0.13339517483215815,65.59253207952811,0.0,349330.38624575885,4339806.732355857,474318070923.2841,78793066792.56044,126.73635501460473,497794534.4700009,-525986798.5278519,0.0,0.0,366660000.0,-1.0,0.0,47.37006600736074,80.0,30.0,0.0,74.92892420859859,32.15,40.96666666666666
2040,C_max_central,util_severe_bottleneck,fcap_none,3737923.2057160693,4854198.375,301520.39906250004,256292.33920312507,256292.33920312507,8148.0,28416.205716069322,2531777.261100798,10334010.909002705,3625785.509544587,2.8501440258391613,3262.6012494507913,2252.713788445613,1552695.8646057555,1072083.014756604,127214.53382663963,90033.18528503833,48046.28433835736,0.30025112824526057,63000.61982369098,0.13341032973427044,66.56699998317463,0.0,349930.40350602235,4347260.8761926005,487002472374.46106,80936330743.43301,127.00851971652007,560012473.6460859,-530804456.92108655,0.0,0.0,366660000.0,-1.0,0.0,47.34597771539457,80.0,30.0,0.0,75.0377799845551,32.19,40.96666666666666
2041,C_max_central,util_severe_bottleneck,fcap_none,3741837.69786921,5227598.25,301520.39906250004,256292.33920312507,256292.33920312507,8148.0,32330.69786921004,2779669.600303923,10351749.263657091,3629582.5669331336,2.852049532628196,3375.7054794669452,2273.9593791264015,1618121.116915322,1090006.7297793757,130390.42689867663,90030.09871506788,48044.885795884176,0.3030932203670887,62742.58616555107,0.13342550644807388,67.51806326503187,0.0,350531.05988778936,4354722.95997363,500025473521.33997,83137777928.1552,127.28109120070877,625904971.1958972,-534591341.3896229,0.0,0.0,366660000.0,-1.0,0.0,47.32704329305189,80.0,30.0,0.0,75.14988070992982,32.230000000000004,40.96666666666666
2042,C_max_central,util_severe_bottleneck,fcap_none,3745747.492631767,5600998.125,301520.39906250004,256292.33920312507,256292.33920312507,8148.0,36240.492631766945,3027561.939507048,10369506.872428391,3633375.0678528138,2.853959934985841,3492.7628266313945,2295.4264651960098,1686326.4439014313,1108245.4035461838,133645.5814437783,90026.99591282778,48043.478897724046,0.30596508639501613,62481.878330475665,0.1334407052964008,68.44364042638836,0.0,351132.3682526983,4362193.143481851,513396115593.7398,85398988670.2498,127.55407553012886,695682964.2320682,-537230386.5462549,0.0,0.0,366660000.0,-1.0,0.0,47.31384806726872,80.0,30.0,0.0,75.26446193691908,32.27,40.96666666666666
2043,C_max_central,util_severe_bottleneck,fcap_none,3749652.595640609,5974398.0,301520.39906250004,256292.33920312507,256292.33920312507,8148.0,40145.59564060904,3275454.2787101725,10387284.120511074,3637163.0177713907,2.8558753263898806,3613.912874711174,2317.1177345935507,1757431.178662692,1126804.959771594,136981.97489849885,90023.87681160838,48042.06361370305,0.3088670894868323,62218.46399648577,0.13345592660715994,69.34196517136085,0.0,351734.3416442088,4369671.588758978,527123681952.5991,87721586377.39223,127.8274788602294,769568807.473976,-538596232.911201,0.0,0.0,366660000.0,-1.0,0.0,47.307018835444,80.0,30.0,0.0,75.38099232089716,32.31,40.96666666666666
2044,C_max_central,util_severe_bottleneck,fcap_none,3753553.01252584,6347797.875,301520.39906250004,256292.33920312507,256292.33920312507,8148.0,44046.0125258402,3523346.6179132983,10405081.398567036,3640946.4221500647,2.8577958014615854,3739.3001998760415,2339.0359150758304,1831559.8395326415,1145691.4439283027,140401.6340094485,90020.7413426386,48040.63991262698,0.31179959820676645,61952.31036172864,0.13347117071342593,70.2115873341585,0.0,352336.99329091905,4377158.460146737,541217704617.55646,90107238725.62027,128.1013074406302,847796871.6654166,-538554729.5482982,0.0,0.0,366660000.0,-1.0,0.0,47.30722635225851,80.0,30.0,0.0,75.49909136031786,32.35,40.96666666666666
2045,C_max_central,util_severe_bottleneck,fcap_none,3757448.7489108094,6721197.75,301520.39906250004,256292.33920312507,256292.33920312507,8148.0,47941.7489108094,3771238.957116423,10422899.102825733,3644725.286443485,2.8597214559883537,3869.0745521748636,2361.1837749468627,1908842.358735044,1164911.02603411,143906.63606203988,90017.5894350543,48039.2077622659,0.31476298662501795,61683.384135691944,0.13348643795353102,71.05136799883162,0.0,352940.33660995547,4384653.9243289875,555687970972.6243,92557658876.56789,128.3755676168389,930614172.8488622,-536962409.095334,0.0,0.0,366660000.0,-1.0,0.0,47.31518795452333,80.0,30.0,0.0,75.61847968030551,32.39,40.96666666666666
2026,C_max_central,util_severe_bottleneck,fcap_partial,3705055.5916,74679.975,60304.07981250001,51258.46784062501,0.0,0.0,-4451.408400000073,0.0,10141419.983388092,3593903.923852,2.8218394810394285,2022.8608386219394,1973.522769387258,870073.9380946757,848852.622531391,90065.85729695886,90065.85729695886,48061.022960284165,0.262943960601669,66383.58406431176,0.13324592085275141,56.48489111436993,0.0,343408.8872326838,4266242.67295994,338304954939.4916,55949564720.7934,124.05668452504084,73670342.90764228,-380081804.62302953,0.0,0.0,0.0,-1.0,0.0,48.099590976884855,80.0,49.95,0.0,34.070337028478704,31.63,40.96666666666666
2027,C_max_central,util_severe_bottleneck,fcap_partial,3700609.52489008,224039.92500000002,120608.15962500001,102516.93568125002,7688.770176093751,0.0,-8897.475109919906,7688.770176093751,10138591.969245598,3589591.2391433776,2.824441919371599,2094.164752895718,1993.2561598055613,907501.2291789218,863772.7344951071,92317.98357652809,90066.32544051521,48061.233218176545,0.265571775029994,66147.25152284847,0.13324351178011645,57.91136618998981,0.0,343313.1249832805,4265052.997881479,346666808834.0119,57328314507.81133,124.01344331363656,55345616.72646532,-402581272.7163913,0.0,0.0,0.0,-1.0,0.0,47.987093636418045,80.0,49.95,0.0,100.0,31.67,40.96666666666666
2028,C_max_central,util_severe_bottleneck,fcap_partial,3696553.231969017,448079.85000000003,180912.23943750001,153775.40352187504,30755.08070437501,372.9053535405469,-12953.76803098293,38059.412371664075,10136742.474660339,3585656.6350099463,2.827025425604429,2167.9316089825797,2013.1400150155268,946505.4593410427,878924.4119764185,94626.254633429,90066.63141789792,48061.3706271378,0.2682200921681827,65908.9512377116,0.13324193635048562,59.16025370236462,0.0,343250.49737506517,4264274.961597016,355269279846.4254,58748123488.35783,123.98516559984031,37976747.01250912,-426035757.0939051,0.0,0.0,16780740.909324612,-1.0,0.0,47.869821214530475,80.0,49.95,0.0,87.09606408047918,31.71,40.96666666666666
2029,C_max_central,util_severe_bottleneck,fcap_partial,3694552.145313084,746799.75,241216.31925000003,205033.87136250004,62369.99999999999,2361.7339057567974,-14954.854686915874,97994.63514923438,10139917.891822662,3583715.5809536916,2.8294427006744343,2243.9412526235546,2032.9000247070792,986951.4388776134,894129.2924372199,96991.3451735075,90066.10599243309,48061.13466065029,0.2708543910906338,65671.30569594813,0.1332446412620805,59.46733721704636,0.0,343358.02338976524,4265610.780468984,364263991398.9808,60240406763.16903,124.03371670475569,33867253.11650533,-446128257.7046839,0.0,0.0,106278025.75905588,-1.0,0.0,47.76935871147658,80.0,49.95,0.0,75.36290720586602,31.75,40.96666666666666
2030,C_max_central,util_severe_bottleneck,fcap_partial,3698518.6827387083,1120199.625,301520.39906250004,256292.33920312507,99018.61199999998,8148.0,-10988.317261291668,188613.24714923435,10157605.315346627,3587563.122256547,2.8313384236588925,2321.509207791761,2051.8758670317216,1028390.3193422892,908947.193086803,99412.8896404127,90063.17147113878,48059.816137815265,0.27339155397465736,65440.66106675812,0.1332597113753878,56.24781778453501,0.0,343956.95514097234,4273051.438792597,374015599815.07227,61881079395.31716,124.3042212396728,73348566.26926705,-452019060.5669581,0.0,0.0,366660000.0,-1.0,0.0,47.73990469716521,80.0,49.95,0.0,71.35052519850481,31.79,40.96666666666666
2031,C_max_central,util_severe_bottleneck,fcap_partial,3702480.4603194217,1493599.5,301520.39906250004,256292.33920312507,157201.94841119993,8148.0,-7026.53968057828,337415.1955604343,10175171.179114401,3591406.046509839,2.8331998797525904,2401.77849824317,2071.0460717664128,1071582.4598414737,924022.196739551,101894.89970229284,90060.24398741324,48058.49970691223,0.27595475829124255,65207.69112621629,0.1332746837039481,57.296095829589824,0.0,344551.77063423203,4280440.959955929,384022523676.5407,63565246260.00968,124.57298325912281,110364528.7774157,-461999618.05450827,0.0,0.0,366660000.0,-1.0,0.0,47.69000190972746,80.0,49.95,0.0,70.05451180606138,31.830000000000002,40.96666666666666
2032,C_max_central,util_severe_bottleneck,fcap_partial,3706437.483767038,1866999.375,301520.39906250004,256292.33920312507,214655.33871822665,8148.0,-3069.516232961789,543670.5342786609,10192752.725212708,3595244.359254027,2.8350653548699514,2484.8440724591305,2090.412932762971,1116602.723957053,939359.0530645164,104438.85903632075,90057.3008315103,48057.1751690501,0.27854438187179864,64972.34563835465,0.1332896751533245,58.35051784593023,0.0,345147.11716275953,4287837.078284927,394296577194.446,65295132050.76672,124.84210139657083,149585125.59119976,-471699847.1386224,0.0,0.0,366660000.0,-1.0,0.0,47.64150076430689,80.0,49.95,0.0,69.63380052903213,31.87,40.96666666666666
2033,C_max_central,util_severe_bottleneck,fcap_partial,3710389.7587865177,2240399.25,301520.39906250004,256292.33920312507,246856.298898065,8148.0,882.7587865176611,782126.8331767259,10210350.289219232,3599078.066022922,2.8369349322011077,2570.8042551244707,2109.9787766251147,1163529.2074294824,954962.6070386225,107046.3133387882,90054.341955769,48055.84250349547,0.28116073883408527,64734.596636267626,0.13330468600437823,59.407269846942015,0.0,345743.0060898906,4295239.934948763,404844889056.3257,67071977607.55812,125.11158095239962,191141063.02019638,-481058860.85660124,0.0,0.0,366660000.0,-1.0,0.0,47.594705695716996,80.0,49.95,0.0,69.52064884706613,31.91,40.96666666666666
2034,C_max_central,util_severe_bottleneck,fcap_partial,3714337.291075974,2613799.125,301520.39906250004,256292.33920312507,260208.4378917784,8148.0,4830.2910759737715,1033935.2710685043,10227964.211288087,3602907.1723436946,2.8388086958773315,2659.760868941634,2129.7459632845816,1212443.379574075,970837.8010638618,109718.84685613734,90051.36731074152,48054.50168862831,0.2838041478173812,64494.415751326545,0.13331971654232463,60.46256224071783,0.0,346339.44893392787,4302649.6730417935,415674778594.3763,68897057539.8736,125.38142730590586,235170242.04036665,-490010922.02975696,0.0,0.0,366660000.0,-1.0,0.0,47.54994538985122,80.0,49.95,0.0,69.52250872728834,31.95,40.96666666666666
2035,C_max_central,util_severe_bottleneck,fcap_partial,3718280.0863266825,2987199.0,301520.39906250004,256292.33920312507,262545.89700038766,8148.0,8773.086326682474,1288081.1680688919,10245594.836230634,3606731.6837368817,2.8406867309894603,2751.81936092115,2149.7168865895146,1263430.23098473,986989.6771372375,112458.08334582394,90048.37684516869,48053.15270193006,0.28647493206267854,64251.77420609452,0.13333476705680652,61.512682482819706,0.0,346936.457370878,4310066.437617568,426793760911.6993,70771681151.94243,125.65164591668227,281818138.6373342,-498485138.9525488,0.0,0.0,366660000.0,-1.0,0.0,47.507574305237256,80.0,49.95,0.0,69.57375924959055,31.990000000000002,40.96666666666666
2036,C_max_central,util_severe_bottleneck,fcap_partial,3722218.1502230903,3360598.875,301520.39906250004,256292.33920312507,259485.4950385494,8148.0,12711.150223090313,1539166.6631074413,10263242.513598016,3610551.6057163975,2.842569123606698,2847.0889333167634,2169.8939749054257,1316578.4278100731,1003423.379074927,115265.68706110722,90045.37050595481,48051.79551997133,0.2891734194945995,64006.6428070897,0.13334983784196924,62.55404456935374,0.0,347534.0432372459,4317490.375723541,438209552147.79144,72697193393.616,125.92224232602867,331238203.82380867,-506405143.8467099,0.0,0.0,366660000.0,-1.0,0.0,47.46797428076645,80.0,49.95,0.0,69.6492440561583,32.03,40.96666666666666
2037,C_max_central,util_severe_bottleneck,fcap_partial,3726151.488442823,3733998.75,301520.39906250004,256292.33920312507,257333.58038398085,8148.0,16644.488442822825,1788100.2434914224,10280907.597765453,3614366.943789538,2.844455960795801,2945.682679380025,2190.2796917290507,1371980.4729002067,1020144.1547921943,118143.36376036142,90042.348238142,48050.430118399505,0.29189994280507847,63758.991937393395,0.13336492919653758,63.58323424885676,0.0,348132.21853288973,4324921.636436538,449930074887.12976,74674975837.64026,126.19322215839465,383592284.33966094,-513688753.150705,0.0,0.0,366660000.0,-1.0,0.0,47.43155623424647,80.0,49.95,0.0,69.73864648879683,32.07,40.96666666666666
2038,C_max_central,util_severe_bottleneck,fcap_partial,3730080.1066566915,4107398.625,301520.39906250004,256292.33920312507,256292.33920312507,8148.0,20573.106656691525,2035992.5826945473,10298590.448018346,3618177.703456991,2.8463473306406564,3047.7177241159447,2210.87653631542,1429732.8741360975,1037157.3586406234,121092.8617415182,90039.30998488376,48049.05647192577,0.29465483953885374,63508.79154909872,0.13338004142389384,64.59704900662109,0.0,348730.99542393605,4332360.370898972,461963463714.80597,76706447684.06499,126.46459112285277,439051065.09486675,-520247608.6657426,0.0,0.0,366660000.0,-1.0,0.0,47.39876195667129,80.0,49.95,0.0,69.83695363290728,32.11,40.96666666666666
2039,C_max_central,util_severe_bottleneck,fcap_partial,3734004.0105287037,4480798.5,301520.39906250004,256292.33920312507,256292.33920312507,8148.0,24497.010528703686,2283884.9218976726,10316291.428640245,3621983.8902128423,2.8482433222622694,3153.315370228332,2231.68704431848,1489936.3202681583,1054468.4538042985,124115.97290226497,90036.25568741774,48047.67455431203,0.2974384521808164,63256.01115559598,0.13339517483215815,65.59253207952811,0.0,349330.38624575885,4339806.732355857,474318070923.2841,78793066792.56044,126.73635501460473,497794534.4700009,-525986798.5278519,0.0,0.0,366660000.0,-1.0,0.0,47.37006600736074,80.0,49.95,0.0,69.94142420859859,32.15,40.96666666666666
2040,C_max_central,util_severe_bottleneck,fcap_partial,3737923.2057160693,4854198.375,301520.39906250004,256292.33920312507,256292.33920312507,8148.0,28416.205716069322,2531777.261100798,10334010.909002705,3625785.509544587,2.8501440258391613,3262.6012494507913,2252.713788445613,1552695.8646057555,1072083.014756604,127214.53382663963,90033.18528503833,48046.28433835736,0.30025112824526057,63000.61982369098,0.13341032973427044,66.56699998317463,0.0,349930.40350602235,4347260.8761926005,487002472374.46106,80936330743.43301,127.00851971652007,560012473.6460859,-530804456.92108655,0.0,0.0,366660000.0,-1.0,0.0,47.34597771539457,80.0,49.95,0.0,70.05027998455509,32.19,40.96666666666666
2041,C_max_central,util_severe_bottleneck,fcap_partial,3741837.69786921,5227598.25,301520.39906250004,256292.33920312507,256292.33920312507,8148.0,32330.69786921004,2779669.600303923,10351749.263657091,3629582.5669331336,2.852049532628196,3375.7054794669452,2273.9593791264015,1618121.116915322,1090006.7297793757,130390.42689867663,90030.09871506788,48044.885795884176,0.3030932203670887,62742.58616555107,0.13342550644807388,67.51806326503187,0.0,350531.05988778936,4354722.95997363,500025473521.33997,83137777928.1552,127.28109120070877,625904971.1958972,-534591341.3896229,0.0,0.0,366660000.0,-1.0,0.0,47.32704329305189,80.0,49.95,0.0,70.16238070992983,32.230000000000004,40.96666666666666
2042,C_max_central,util_severe_bottleneck,fcap_partial,3745747.492631767,5600998.125,301520.39906250004,256292.33920312507,256292.33920312507,8148.0,36240.492631766945,3027561.939507048,10369506.872428391,3633375.0678528138,2.853959934985841,3492.7628266313945,2295.4264651960098,1686326.4439014313,1108245.4035461838,133645.5814437783,90026.99591282778,48043.478897724046,0.30596508639501613,62481.878330475665,0.1334407052964008,68.44364042638836,0.0,351132.3682526983,4362193.143481851,513396115593.7398,85398988670.2498,127.55407553012886,695682964.2320682,-537230386.5462549,0.0,0.0,366660000.0,-1.0,0.0,47.31384806726872,80.0,49.95,0.0,70.27696193691908,32.27,40.96666666666666
2043,C_max_central,util_severe_bottleneck,fcap_partial,3749652.595640609,5974398.0,301520.39906250004,256292.33920312507,256292.33920312507,8148.0,40145.59564060904,3275454.2787101725,10387284.120511074,3637163.0177713907,2.8558753263898806,3613.912874711174,2317.1177345935507,1757431.178662692,1126804.959771594,136981.97489849885,90023.87681160838,48042.06361370305,0.3088670894868323,62218.46399648577,0.13345592660715994,69.34196517136085,0.0,351734.3416442088,4369671.588758978,527123681952.5991,87721586377.39223,127.8274788602294,769568807.473976,-538596232.911201,0.0,0.0,366660000.0,-1.0,0.0,47.307018835444,80.0,49.95,0.0,70.39349232089717,32.31,40.96666666666666
2044,C_max_central,util_severe_bottleneck,fcap_partial,3753553.01252584,6347797.875,301520.39906250004,256292.33920312507,256292.33920312507,8148.0,44046.0125258402,3523346.6179132983,10405081.398567036,3640946.4221500647,2.8577958014615854,3739.3001998760415,2339.0359150758304,1831559.8395326415,1145691.4439283027,140401.6340094485,90020.7413426386,48040.63991262698,0.31179959820676645,61952.31036172864,0.13347117071342593,70.2115873341585,0.0,352336.99329091905,4377158.460146737,541217704617.55646,90107238725.62027,128.1013074406302,847796871.6654166,-538554729.5482982,0.0,0.0,366660000.0,-1.0,0.0,47.30722635225851,80.0,49.95,0.0,70.51159136031785,32.35,40.96666666666666
2045,C_max_central,util_severe_bottleneck,fcap_partial,3757448.7489108094,6721197.75,301520.39906250004,256292.33920312507,256292.33920312507,8148.0,47941.7489108094,3771238.957116423,10422899.102825733,3644725.286443485,2.8597214559883537,3869.0745521748636,2361.1837749468627,1908842.358735044,1164911.02603411,143906.63606203988,90017.5894350543,48039.2077622659,0.31476298662501795,61683.384135691944,0.13348643795353102,71.05136799883162,0.0,352940.33660995547,4384653.9243289875,555687970972.6243,92557658876.56789,128.3755676168389,930614172.8488622,-536962409.095334,0.0,0.0,366660000.0,-1.0,0.0,47.31518795452333,80.0,49.95,0.0,70.63097968030551,32.39,40.96666666666666
2026,C_max_central,util_severe_bottleneck,fcap_high,3705055.5916,74679.975,60304.07981250001,51258.46784062501,0.0,0.0,-4451.408400000073,0.0,10141419.983388092,3593903.923852,2.8218394810394285,2022.8608386219394,1973.522769387258,870073.9380946757,848852.622531391,90065.85729695886,90065.85729695886,48061.022960284165,0.262943960601669,66383.58406431176,0.13324592085275141,56.48489111436993,0.0,343408.8872326838,4266242.67295994,338304954939.4916,55949564720.7934,124.05668452504084,73670342.90764228,-380081804.62302953,0.0,0.0,0.0,-1.0,0.0,48.099590976884855,80.0,69.9,0.0,29.0828370284787,31.63,40.96666666666666
2027,C_max_central,util_severe_bottleneck,fcap_high,3700609.52489008,224039.92500000002,120608.15962500001,102516.93568125002,7688.770176093751,0.0,-8897.475109919906,7688.770176093751,10138591.969245598,3589591.2391433776,2.824441919371599,2094.164752895718,1993.2561598055613,907501.2291789218,863772.7344951071,92317.98357652809,90066.32544051521,48061.233218176545,0.265571775029994,66147.25152284847,0.13324351178011645,57.91136618998981,0.0,343313.1249832805,4265052.997881479,346666808834.0119,57328314507.81133,124.01344331363656,55345616.72646532,-402581272.7163913,0.0,0.0,0.0,-1.0,0.0,47.987093636418045,80.0,69.9,0.0,100.0,31.67,40.96666666666666
2028,C_max_central,util_severe_bottleneck,fcap_high,3696553.231969017,448079.85000000003,180912.23943750001,153775.40352187504,30755.08070437501,372.9053535405469,-12953.76803098293,38059.412371664075,10136742.474660339,3585656.6350099463,2.827025425604429,2167.9316089825797,2013.1400150155268,946505.4593410427,878924.4119764185,94626.254633429,90066.63141789792,48061.3706271378,0.2682200921681827,65908.9512377116,0.13324193635048562,59.16025370236462,0.0,343250.49737506517,4264274.961597016,355269279846.4254,58748123488.35783,123.98516559984031,37976747.01250912,-426035757.0939051,0.0,0.0,16780740.909324612,-1.0,0.0,47.869821214530475,80.0,69.9,0.0,82.10856408047917,31.71,40.96666666666666
2029,C_max_central,util_severe_bottleneck,fcap_high,3694552.145313084,746799.75,241216.31925000003,205033.87136250004,62369.99999999999,2361.7339057567974,-14954.854686915874,97994.63514923438,10139917.891822662,3583715.5809536916,2.8294427006744343,2243.9412526235546,2032.9000247070792,986951.4388776134,894129.2924372199,96991.3451735075,90066.10599243309,48061.13466065029,0.2708543910906338,65671.30569594813,0.1332446412620805,59.46733721704636,0.0,343358.02338976524,4265610.780468984,364263991398.9808,60240406763.16903,124.03371670475569,33867253.11650533,-446128257.7046839,0.0,0.0,106278025.75905588,-1.0,0.0,47.76935871147658,80.0,69.9,0.0,70.37540720586603,31.75,40.96666666666666
2030,C_max_central,util_severe_bottleneck,fcap_high,3698518.6827387083,1120199.625,301520.39906250004,256292.33920312507,99018.61199999998,8148.0,-10988.317261291668,188613.24714923435,10157605.315346627,3587563.122256547,2.8313384236588925,2321.509207791761,2051.8758670317216,1028390.3193422892,908947.193086803,99412.8896404127,90063.17147113878,48059.816137815265,0.27339155397465736,65440.66106675812,0.1332597113753878,56.24781778453501,0.0,343956.95514097234,4273051.438792597,374015599815.07227,61881079395.31716,124.3042212396728,73348566.26926705,-452019060.5669581,0.0,0.0,366660000.0,-1.0,0.0,47.73990469716521,80.0,69.9,0.0,66.3630251985048,31.79,40.96666666666666
2031,C_max_central,util_severe_bottleneck,fcap_high,3702480.4603194217,1493599.5,301520.39906250004,256292.33920312507,157201.94841119993,8148.0,-7026.53968057828,337415.1955604343,10175171.179114401,3591406.046509839,2.8331998797525904,2401.77849824317,2071.0460717664128,1071582.4598414737,924022.196739551,101894.89970229284,90060.24398741324,48058.49970691223,0.27595475829124255,65207.69112621629,0.1332746837039481,57.296095829589824,0.0,344551.77063423203,4280440.959955929,384022523676.5407,63565246260.00968,124.57298325912281,110364528.7774157,-461999618.05450827,0.0,0.0,366660000.0,-1.0,0.0,47.69000190972746,80.0,69.9,0.0,65.06701180606137,31.830000000000002,40.96666666666666
2032,C_max_central,util_severe_bottleneck,fcap_high,3706437.483767038,1866999.375,301520.39906250004,256292.33920312507,214655.33871822665,8148.0,-3069.516232961789,543670.5342786609,10192752.725212708,3595244.359254027,2.8350653548699514,2484.8440724591305,2090.412932762971,1116602.723957053,939359.0530645164,104438.85903632075,90057.3008315103,48057.1751690501,0.27854438187179864,64972.34563835465,0.1332896751533245,58.35051784593023,0.0,345147.11716275953,4287837.078284927,394296577194.446,65295132050.76672,124.84210139657083,149585125.59119976,-471699847.1386224,0.0,0.0,366660000.0,-1.0,0.0,47.64150076430689,80.0,69.9,0.0,64.64630052903212,31.87,40.96666666666666
2033,C_max_central,util_severe_bottleneck,fcap_high,3710389.7587865177,2240399.25,301520.39906250004,256292.33920312507,246856.298898065,8148.0,882.7587865176611,782126.8331767259,10210350.289219232,3599078.066022922,2.8369349322011077,2570.8042551244707,2109.9787766251147,1163529.2074294824,954962.6070386225,107046.3133387882,90054.341955769,48055.84250349547,0.28116073883408527,64734.596636267626,0.13330468600437823,59.407269846942015,0.0,345743.0060898906,4295239.934948763,404844889056.3257,67071977607.55812,125.11158095239962,191141063.02019638,-481058860.85660124,0.0,0.0,366660000.0,-1.0,0.0,47.594705695716996,80.0,69.9,0.0,64.53314884706613,31.91,40.96666666666666
2034,C_max_central,util_severe_bottleneck,fcap_high,3714337.291075974,2613799.125,301520.39906250004,256292.33920312507,260208.4378917784,8148.0,4830.2910759737715,1033935.2710685043,10227964.211288087,3602907.1723436946,2.8388086958773315,2659.760868941634,2129.7459632845816,1212443.379574075,970837.8010638618,109718.84685613734,90051.36731074152,48054.50168862831,0.2838041478173812,64494.415751326545,0.13331971654232463,60.46256224071783,0.0,346339.44893392787,4302649.6730417935,415674778594.3763,68897057539.8736,125.38142730590586,235170242.04036665,-490010922.02975696,0.0,0.0,366660000.0,-1.0,0.0,47.54994538985122,80.0,69.9,0.0,64.53500872728833,31.95,40.96666666666666
2035,C_max_central,util_severe_bottleneck,fcap_high,3718280.0863266825,2987199.0,301520.39906250004,256292.33920312507,262545.89700038766,8148.0,8773.086326682474,1288081.1680688919,10245594.836230634,3606731.6837368817,2.8406867309894603,2751.81936092115,2149.7168865895146,1263430.23098473,986989.6771372375,112458.08334582394,90048.37684516869,48053.15270193006,0.28647493206267854,64251.77420609452,0.13333476705680652,61.512682482819706,0.0,346936.457370878,4310066.437617568,426793760911.6993,70771681151.94243,125.65164591668227,281818138.6373342,-498485138.9525488,0.0,0.0,366660000.0,-1.0,0.0,47.507574305237256,80.0,69.9,0.0,64.58625924959055,31.990000000000002,40.96666666666666
2036,C_max_central,util_severe_bottleneck,fcap_high,3722218.1502230903,3360598.875,301520.39906250004,256292.33920312507,259485.4950385494,8148.0,12711.150223090313,1539166.6631074413,10263242.513598016,3610551.6057163975,2.842569123606698,2847.0889333167634,2169.8939749054257,1316578.4278100731,1003423.379074927,115265.68706110722,90045.37050595481,48051.79551997133,0.2891734194945995,64006.6428070897,0.13334983784196924,62.55404456935374,0.0,347534.0432372459,4317490.375723541,438209552147.79144,72697193393.616,125.92224232602867,331238203.82380867,-506405143.8467099,0.0,0.0,366660000.0,-1.0,0.0,47.46797428076645,80.0,69.9,0.0,64.66174405615828,32.03,40.96666666666666
2037,C_max_central,util_severe_bottleneck,fcap_high,3726151.488442823,3733998.75,301520.39906250004,256292.33920312507,257333.58038398085,8148.0,16644.488442822825,1788100.2434914224,10280907.597765453,3614366.943789538,2.844455960795801,2945.682679380025,2190.2796917290507,1371980.4729002067,1020144.1547921943,118143.36376036142,90042.348238142,48050.430118399505,0.29189994280507847,63758.991937393395,0.13336492919653758,63.58323424885676,0.0,348132.21853288973,4324921.636436538,449930074887.12976,74674975837.64026,126.19322215839465,383592284.33966094,-513688753.150705,0.0,0.0,366660000.0,-1.0,0.0,47.43155623424647,80.0,69.9,0.0,64.75114648879682,32.07,40.96666666666666
2038,C_max_central,util_severe_bottleneck,fcap_high,3730080.1066566915,4107398.625,301520.39906250004,256292.33920312507,256292.33920312507,8148.0,20573.106656691525,2035992.5826945473,10298590.448018346,3618177.703456991,2.8463473306406564,3047.7177241159447,2210.87653631542,1429732.8741360975,1037157.3586406234,121092.8617415182,90039.30998488376,48049.05647192577,0.29465483953885374,63508.79154909872,0.13338004142389384,64.59704900662109,0.0,348730.99542393605,4332360.370898972,461963463714.80597,76706447684.06499,126.46459112285277,439051065.09486675,-520247608.6657426,0.0,0.0,366660000.0,-1.0,0.0,47.39876195667129,80.0,69.9,0.0,64.84945363290728,32.11,40.96666666666666
2039,C_max_central,util_severe_bottleneck,fcap_high,3734004.0105287037,4480798.5,301520.39906250004,256292.33920312507,256292.33920312507,8148.0,24497.010528703686,2283884.9218976726,10316291.428640245,3621983.8902128423,2.8482433222622694,3153.315370228332,2231.68704431848,1489936.3202681583,1054468.4538042985,124115.97290226497,90036.25568741774,48047.67455431203,0.2974384521808164,63256.01115559598,0.13339517483215815,65.59253207952811,0.0,349330.38624575885,4339806.732355857,474318070923.2841,78793066792.56044,126.73635501460473,497794534.4700009,-525986798.5278519,0.0,0.0,366660000.0,-1.0,0.0,47.37006600736074,80.0,69.9,0.0,64.95392420859858,32.15,40.96666666666666
2040,C_max_central,util_severe_bottleneck,fcap_high,3737923.2057160693,4854198.375,301520.39906250004,256292.33920312507,256292.33920312507,8148.0,28416.205716069322,2531777.261100798,10334010.909002705,3625785.509544587,2.8501440258391613,3262.6012494507913,2252.713788445613,1552695.8646057555,1072083.014756604,127214.53382663963,90033.18528503833,48046.28433835736,0.30025112824526057,63000.61982369098,0.13341032973427044,66.56699998317463,0.0,349930.40350602235,4347260.8761926005,487002472374.46106,80936330743.43301,127.00851971652007,560012473.6460859,-530804456.92108655,0.0,0.0,366660000.0,-1.0,0.0,47.34597771539457,80.0,69.9,0.0,65.06277998455509,32.19,40.96666666666666
2041,C_max_central,util_severe_bottleneck,fcap_high,3741837.69786921,5227598.25,301520.39906250004,256292.33920312507,256292.33920312507,8148.0,32330.69786921004,2779669.600303923,10351749.263657091,3629582.5669331336,2.852049532628196,3375.7054794669452,2273.9593791264015,1618121.116915322,1090006.7297793757,130390.42689867663,90030.09871506788,48044.885795884176,0.3030932203670887,62742.58616555107,0.13342550644807388,67.51806326503187,0.0,350531.05988778936,4354722.95997363,500025473521.33997,83137777928.1552,127.28109120070877,625904971.1958972,-534591341.3896229,0.0,0.0,366660000.0,-1.0,0.0,47.32704329305189,80.0,69.9,0.0,65.17488070992982,32.230000000000004,40.96666666666666
2042,C_max_central,util_severe_bottleneck,fcap_high,3745747.492631767,5600998.125,301520.39906250004,256292.33920312507,256292.33920312507,8148.0,36240.492631766945,3027561.939507048,10369506.872428391,3633375.0678528138,2.853959934985841,3492.7628266313945,2295.4264651960098,1686326.4439014313,1108245.4035461838,133645.5814437783,90026.99591282778,48043.478897724046,0.30596508639501613,62481.878330475665,0.1334407052964008,68.44364042638836,0.0,351132.3682526983,4362193.143481851,513396115593.7398,85398988670.2498,127.55407553012886,695682964.2320682,-537230386.5462549,0.0,0.0,366660000.0,-1.0,0.0,47.31384806726872,80.0,69.9,0.0,65.28946193691908,32.27,40.96666666666666
2043,C_max_central,util_severe_bottleneck,fcap_high,3749652.595640609,5974398.0,301520.39906250004,256292.33920312507,256292.33920312507,8148.0,40145.59564060904,3275454.2787101725,10387284.120511074,3637163.0177713907,2.8558753263898806,3613.912874711174,2317.1177345935507,1757431.178662692,1126804.959771594,136981.97489849885,90023.87681160838,48042.06361370305,0.3088670894868323,62218.46399648577,0.13345592660715994,69.34196517136085,0.0,351734.3416442088,4369671.588758978,527123681952.5991,87721586377.39223,127.8274788602294,769568807.473976,-538596232.911201,0.0,0.0,366660000.0,-1.0,0.0,47.307018835444,80.0,69.9,0.0,65.40599232089716,32.31,40.96666666666666
2044,C_max_central,util_severe_bottleneck,fcap_high,3753553.01252584,6347797.875,301520.39906250004,256292.33920312507,256292.33920312507,8148.0,44046.0125258402,3523346.6179132983,10405081.398567036,3640946.4221500647,2.8577958014615854,3739.3001998760415,2339.0359150758304,1831559.8395326415,1145691.4439283027,140401.6340094485,90020.7413426386,48040.63991262698,0.31179959820676645,61952.31036172864,0.13347117071342593,70.2115873341585,0.0,352336.99329091905,4377158.460146737,541217704617.55646,90107238725.62027,128.1013074406302,847796871.6654166,-538554729.5482982,0.0,0.0,366660000.0,-1.0,0.0,47.30722635225851,80.0,69.9,0.0,65.52409136031785,32.35,40.96666666666666
2045,C_max_central,util_severe_bottleneck,fcap_high,3757448.7489108094,6721197.75,301520.39906250004,256292.33920312507,256292.33920312507,8148.0,47941.7489108094,3771238.957116423,10422899.102825733,3644725.286443485,2.8597214559883537,3869.0745521748636,2361.1837749468627,1908842.358735044,1164911.02603411,143906.63606203988,90017.5894350543,48039.2077622659,0.31476298662501795,61683.384135691944,0.13348643795353102,71.05136799883162,0.0,352940.33660995547,4384653.9243289875,555687970972.6243,92557658876.56789,128.3755676168389,930614172.8488622,-536962409.095334,0.0,0.0,366660000.0,-1.0,0.0,47.31518795452333,80.0,69.9,0.0,65.64347968030552,32.39,40.96666666666666
2026,D_max_high_build,util_improved,fcap_none,3705055.5916,98529.72499999999,84242.91487499999,74976.19423875,0.0,0.0,-4451.408400000073,0.0,10166887.41228489,3593903.923852,2.8289257664372585,2023.0077845702688,1973.6661312880672,870168.7465160395,848945.1185522337,90061.62616720858,90061.62616720858,48059.12137758416,0.2629754156502244,66377.63259175178,0.13326762228760491,56.178186578021915,0.0,354791.5783386695,4338059.298026604,343991553531.14746,59607831420.29824,132.16814062150382,84553889.21637183,-409333334.5413472,0.0,0.0,0.0,-1.0,0.0,47.953333327293265,80.0,30.0,74.16666666666666,27.23879076513351,34.36333333333333,11.741666666666667
2027,D_max_high_build,util_improved,fcap_none,3700609.52489008,295589.175,168485.82974999998,149952.3884775,11246.4291358125,0.0,-8897.475109919906,11246.4291358125,10165182.687674979,3589591.2391433776,2.831849648179107,2094.475725786095,1993.5521482794484,907703.3757074382,863965.1404710894,92313.45800328872,90061.91024711095,48059.24912058289,0.26562423241650907,66139.28446775756,0.13326616927046653,57.59835987711869,0.0,354732.0889482143,4337331.917448388,352532794941.2347,61085221771.4505,132.1404397197566,66629876.28837504,-434249956.23740435,0.0,0.0,0.0,-1.0,0.0,47.82875021881298,80.0,30.0,74.16666666666666,100.0,34.40333333333333,11.741666666666667
2028,D_max_high_build,util_improved,fcap_none,3702729.2104561026,591178.35,252728.744625,224928.58271625004,44985.716543250004,6363.604486013905,-6777.789543897379,49671.72868317188,10179506.771347826,3591647.3341424195,2.8342166767268075,2167.3396236490717,2012.5902977835578,946117.8001349723,878564.4318660239,94618.78259056677,90059.51941993268,48058.17372045814,0.2681680263114683,65908.43584652999,0.13327838004690096,54.81610020744809,0.0,355231.95326739666,4343443.790418244,361850347484.9704,62722658067.30723,132.37323484686894,94299785.6595616,-444223978.45234495,0.0,0.0,286362201.87062573,-1.0,0.0,47.778880107738274,80.0,30.0,74.16666666666666,67.85890156799739,34.44333333333333,11.741666666666667
2029,D_max_high_build,util_improved,fcap_none,3729213.6155270394,985297.25,336971.65949999995,299904.776955,101217.86222231251,29999.849719779842,19706.615527039394,119961.91078200002,10252985.171702128,3617337.2070612283,2.8344012694442124,2238.339502165415,2027.8251152675202,983258.024124064,890783.2409597288,96970.89874997728,90047.11945558751,48052.58519114452,0.2702352005297855,65713.21807237726,0.13334107757003993,40.17826286718902,375681445.33002,357796.1124420131,4374795.928485195,373547270895.3569,64871331517.23973,133.56869231150458,299413054.4845294,-17585766.732258454,0.0,0.0,1349993237.3900928,-1.0,0.0,49.912071166338706,80.0,30.0,74.16666666666666,57.912194970652834,34.483333333333334,11.741666666666667
2030,D_max_high_build,util_improved,fcap_none,3802526.36071111,1477945.875,421214.57437499997,374880.97119375004,168696.4370371875,75454.16747702203,93019.36071110982,210870.5462964844,10439729.805282123,3688450.5698897764,2.8303835465508485,2303.028005285361,2035.5411769562602,1016134.4901038827,898114.8258662273,99359.27622680823,90014.60036451388,48037.84870246762,0.2713614683013656,65588.10624103877,0.13350086463623406,35.9350115636638,537985807.6898596,364312.8978265021,4454477.079776336,389786604737.8461,68010401585.968445,136.61655691773478,854004049.8290662,313450752.756963,0.0,0.0,3395437536.465991,6.0,0.0,51.56725376378481,80.0,30.0,74.16666666666666,53.46407228323625,34.52333333333333,11.741666666666667
2031,D_max_high_build,util_improved,fcap_none,3910463.3290782566,1970594.5,421214.57437499997,374880.97119375004,243672.6312759375,109125.0,200956.32907825662,342043.17757242196,10709297.841598544,3793149.429205909,2.8233261150063687,2363.4008471050797,2037.9531434671119,1046001.3565684533,901963.6915594136,101787.36375686018,89965.19788097045,48015.27027189922,0.2718322006467591,65509.760159365105,0.13373259864170453,33.56069160468597,628803546.1207615,373719.9528273074,4569497.7423421675,409729928211.11066,71967907857.21643,141.0402304432093,1668974292.601051,648260839.1107123,0.0,0.0,4910625000.0,6.0,0.0,53.24130419555356,80.0,30.0,74.16666666666666,53.13978190002772,34.56333333333333,11.741666666666667
2032,D_max_high_build,util_improved,fcap_none,4018270.7730833627,2463243.125,421214.57437499997,374880.97119375004,307402.39637887507,109125.0,308763.7730833627,536945.573951297,10977509.146462122,3897722.649890862,2.816390526598781,2425.953866765846,2040.8706500262995,1077144.0275367587,906163.8235444123,104271.84294240465,89913.2833771615,47991.340260331206,0.27237852829358816,65422.8355768459,0.13396437299650094,33.85696954121521,617470915.0485183,383079.6622764196,4683939.507822268,430360125577.01245,76083635492.80255,145.46935795194025,2497152963.4176784,872014685.9118811,0.0,0.0,4910625000.0,6.0,0.0,54.36007342955941,80.0,30.0,74.16666666666666,55.22019672745852,34.60333333333333,11.741666666666667
2033,D_max_high_build,util_improved,fcap_none,4125948.848155663,2955891.75,421214.57437499997,374880.97119375004,348639.3032101876,109125.0,416441.8481556629,773084.8771614846,11240534.567720098,4002170.382710993,2.8099257848280246,2490.743247720783,2044.2689793426966,1109601.9645100606,910702.0073391024,106815.09163371533,89859.8231736945,47966.51989228639,0.2729943915502119,65328.59542158214,0.13419277582613146,34.31982601285315,599766655.008367,392258.40111428173,4796168.534075358,451545734848.6832,80328391186.08794,149.839208192987,3366327417.3285766,1114720198.3756819,0.0,0.0,4910625000.0,6.0,0.0,55.57360099187841,80.0,30.0,74.16666666666666,57.61421363887678,34.64333333333333,11.741666666666667
2034,D_max_high_build,util_improved,fcap_none,4233497.709537876,3448540.375,421214.57437499997,374880.97119375004,367383.35176987504,109125.0,523990.70953787584,1027968.2289313595,11296043.104395164,4106492.778251739,2.806838593746776,2557.828421400572,2048.125761553936,1143417.1217044613,915566.5186808904,109471.34293081572,89848.22931277103,47961.116423046304,0.2735447245497779,65270.720174123795,0.1342411129384708,34.762668513766315,582827929.3484384,394195.47000661737,4819853.199192447,465087950418.4569,82845162407.16988,150.76470721538442,4229736337.566522,1725039927.194613,0.0,0.0,4910625000.0,6.0,0.0,58.62519963597306,80.0,30.0,74.16666666666666,58.44466788768562,34.68333333333333,11.741666666666667
2035,D_max_high_build,util_improved,fcap_none,4340917.51228643,3941189.0,421214.57437499997,374880.97119375004,374880.97119375004,109125.0,631410.5122864302,1290349.2001251094,11352394.737166386,4210689.9869178375,2.8039193388609935,2627.2720308250123,2052.4207113792054,1178633.9463261664,920746.955089688,112193.29164521706,89836.35062053175,47955.57317855705,0.2741545974032653,65207.30208398129,0.13429023132766008,35.22825030132027,565019425.9744996,396161.9602333809,4843897.600845484,479059462817.8977,85446139822.1113,151.70542696060537,5140486658.550724,2373294277.0491476,0.0,0.0,4910625000.0,6.0,0.0,61.86647138524574,80.0,30.0,74.16666666666666,59.16262868388865,34.72333333333333,11.741666666666667
2036,D_max_high_build,util_improved,fcap_none,4448208.411271687,4433837.625,421214.57437499997,374880.97119375004,374880.97119375004,109125.0,738701.4112716867,1552730.1713188596,11409552.161348255,4314762.158933536,2.8011551331646913,2699.1399126670203,2057.1354007898494,1215299.3927212192,926234.0909385986,114982.5588852766,89824.1912275124,47949.89184810504,0.2748215650164094,65138.566418034214,0.13434010005348965,35.71527519622509,546390723.7443901,398156.5699813707,4868285.821681272,493472509471.3811,88133842680.46765,152.66079166281162,6101346657.358381,3062011325.225585,0.0,0.0,4910625000.0,6.0,0.0,65.31005662612793,80.0,30.0,74.16666666666666,59.78515465607984,34.76333333333333,11.741666666666667
2037,D_max_high_build,util_improved,fcap_none,4555370.561178161,4926486.25,421214.57437499997,374880.97119375004,374880.97119375004,109125.0,845863.5611781608,1815111.1425126097,11467481.487746937,4418709.444342816,2.798534372450995,2773.5010953888745,2062.2530616560075,1253462.948821579,932019.7522825317,117840.80522018152,89811.75482544249,47944.07393425421,0.2755434050695286,65064.7180855704,0.13439069102845397,36.22252685203498,526988347.90966195,400178.11662702844,4893003.401686002,508339762193.629,90910884529.77716,153.63028001543253,7115209676.185267,3793827723.6538367,0.0,0.0,4910625000.0,6.0,0.0,68.96913861826918,80.0,30.0,74.16666666666666,60.354195662933286,34.803333333333335,11.741666666666667
2038,D_max_high_build,util_improved,fcap_none,4662404.116504747,5419134.875,421214.57437499997,374880.97119375004,374880.97119375004,109125.0,952897.1165047474,2077492.1137063599,11526151.879726896,4522531.9930096045,2.796046580173306,2850.427811515259,2067.7584138038933,1293176.6736260236,938096.708368728,120769.73166779519,89799.0447169319,47938.12077431175,0.2763180949626309,64985.94375128517,0.13444197871323166,36.748851411786966,506856433.49914867,402225.52407123457,4918037.183326976,523674333642.8824,93779974761.53044,154.61341936438245,8185101846.456141,4571496950.323962,0.0,0.0,4910625000.0,6.0,0.0,72.85748475161981,80.0,30.0,74.16666666666666,60.89112470968906,34.843333333333334,11.741666666666667
2039,D_max_high_build,util_improved,fcap_none,4769309.231564942,5911783.5,421214.57437499997,374880.97119375004,374880.97119375004,109125.0,1059802.2315649418,2339873.08490011,11585535.237007799,4626229.954617993,2.7936822742371334,2929.995522465802,2073.637514703963,1334495.2447092088,944458.577293051,123771.08070222221,89786.0638581026,47932.03355868079,0.27714379166652786,64902.413681655045,0.13449393985166708,37.29314245807712,486037300.97855,404297.8117048404,4943375.176633481,539489784822.72754,96743920395.19986,155.60978065481743,9314189998.424578,5397897613.036823,0.0,0.0,4910625000.0,6.0,0.0,76.98948806518412,80.0,30.0,74.16666666666666,61.40793916025358,34.88333333333333,11.741666666666667
2040,D_max_high_build,util_improved,fcap_none,4876086.060487064,6404432.125,421214.57437499997,374880.97119375004,374880.97119375004,109125.0,1166579.0604870636,2602254.0560938595,11645605.919240626,4729803.478672451,2.791432852195327,3012.282954659851,2079.8776276458007,1377476.0149588638,951099.7437009196,126846.63728217258,89772.81489529289,47925.81334660487,0.27801881405701884,64814.28336354328,0.13454655323934153,37.85432814777726,464571948.3475199,406394.0847623657,4969006.441250815,555800133540.1096,99805628080.44374,156.61897401870078,10505789792.586271,6276041850.411211,0.0,0.0,4910625000.0,6.0,0.0,81.38020925205606,80.0,30.0,74.16666666666666,61.91186739676546,34.92333333333333,11.741666666666667
2041,D_max_high_build,util_improved,fcap_none,4982734.757214479,6897080.75,421214.57437499997,374880.97119375004,374880.97119375004,109125.0,1273227.7572144791,2864635.0272876094,11706340.503580969,4833252.714498045,2.7892904919523733,3097.3721458426694,2086.467105772512,1422179.0779098498,958015.2867841761,129998.22990112317,89759.30019676156,47919.46107971792,0.278941627378836,64721.694927491415,0.13459979952082327,38.43136037557101,442500465.63440883,408513.52586208866,4994920.983000441,572619863745.0378,102968106301.59164,157.64064490949974,11763374106.544643,7209083873.338366,0.0,0.0,4910625000.0,6.0,0.0,86.04541936669183,80.0,30.0,74.16666666666666,62.40750525771297,34.96333333333333,11.741666666666667
2042,D_max_high_build,util_improved,fcap_none,5089255.475505821,7389729.375,421214.57437499997,374880.97119375004,374880.97119375004,109125.0,1379748.4755058214,3127015.9984813593,11767717.57142793,4936577.811240647,2.7872480655915393,3185.348500776037,2093.395289769953,1468667.3411826966,965200.917112142,133227.73166020922,89745.52188015745,47912.977593741176,0.27991082954294544,64624.77840291802,0.13465366101149492,39.02320579111118,419862378.4899974,410655.3875639219,5021109.662884651,589963935692.1359,106234467771.7716,158.67447070581284,13090581708.961256,8200328688.120797,0.0,0.0,4910625000.0,6.0,0.0,91.00164344060398,80.0,30.0,74.16666666666666,62.89790051991452,35.00333333333333,11.741666666666667
2043,D_max_high_build,util_improved,fcap_none,5195648.368935214,7882378.0,421214.57437499997,374880.97119375004,374880.97119375004,109125.0,1486141.3689352144,3389396.9696751093,11829717.520274384,5039778.917867158,2.785299064348648,3276.300855596099,2100.6524173531625,1517006.6076493652,972652.9210699004,136537.0613647291,89731.48183638931,47906.36362860871,0.2809251390075147,64523.65282815136,0.13470812154052225,39.62883849306094,396696927.640419,412818.9858035926,5047564.116805872,607847796876.2654,109607932006.72337,159.72015771837215,14491226250.768143,9253241040.569365,0.0,0.0,4910625000.0,6.0,0.0,96.26620520284683,80.0,30.0,74.16666666666666,63.38514365960516,35.04333333333333,11.741666666666667
2044,D_max_high_build,util_improved,fcap_none,5301913.590892492,8375026.625,421214.57437499997,374880.97119375004,374880.97119375004,109125.0,1592406.5908924919,3651777.940868859,11892322.397252245,5142856.183165717,2.7834375330887826,3370.3215502739,2108.2295429786664,1567265.6640452535,980368.1118698476,139928.18464510853,89717.18175042461,47899.6198372564,0.28198338403138995,64418.42723468062,0.13476316631206914,40.247234232285805,373043290.61506796,415003.69408391,5074276.684542921,626287393704.3822,113091828070.55492,160.7774385452329,15969305602.814497,10371454618.516626,0.0,0.0,4910625000.0,6.0,0.0,100.0,80.0,30.0,74.16666666666666,63.87070846097631,35.08333333333333,11.741666666666667
2045,D_max_high_build,util_improved,fcap_none,5408051.294583421,8867675.25,421214.57437499997,374880.97119375004,374880.97119375004,109125.0,1698544.2945834212,3914158.9120626086,11955515.751483215,5245809.7557459185,2.781658012913146,3467.5065087247117,2116.1184664485627,1619516.376827597,988343.7862618952,143403.11510314126,89702.62311945965,47892.74679326984,0.28308449312084866,64309.201522076895,0.1348187817823152,40.87736597087592,348940751.61399597,417208.9383222823,5101240.346751269,645299183874.1053,116689597487.5529,161.84606972851446,17529011568.489727,11558781548.633347,0.0,0.0,4910625000.0,6.0,0.0,100.0,80.0,30.0,74.16666666666666,64.35565777803167,35.123333333333335,11.741666666666667
2026,D_max_high_build,util_improved,fcap_partial,3705055.5916,98529.72499999999,84242.91487499999,74976.19423875,0.0,0.0,-4451.408400000073,0.0,10166887.41228489,3593903.923852,2.8289257664372585,2023.0077845702688,1973.6661312880672,870168.7465160395,848945.1185522337,90061.62616720858,90061.62616720858,48059.12137758416,0.2629754156502244,66377.63259175178,0.13326762228760491,56.178186578021915,0.0,354791.5783386695,4338059.298026604,343991553531.14746,59607831420.29824,132.16814062150382,84553889.21637183,-409333334.5413472,0.0,0.0,0.0,-1.0,0.0,47.953333327293265,80.0,49.95,74.16666666666666,22.251290765133508,34.36333333333333,11.741666666666667
2027,D_max_high_build,util_improved,fcap_partial,3700609.52489008,295589.175,168485.82974999998,149952.3884775,11246.4291358125,0.0,-8897.475109919906,11246.4291358125,10165182.687674979,3589591.2391433776,2.831849648179107,2094.475725786095,1993.5521482794484,907703.3757074382,863965.1404710894,92313.45800328872,90061.91024711095,48059.24912058289,0.26562423241650907,66139.28446775756,0.13326616927046653,57.59835987711869,0.0,354732.0889482143,4337331.917448388,352532794941.2347,61085221771.4505,132.1404397197566,66629876.28837504,-434249956.23740435,0.0,0.0,0.0,-1.0,0.0,47.82875021881298,80.0,49.95,74.16666666666666,100.0,34.40333333333333,11.741666666666667
2028,D_max_high_build,util_improved,fcap_partial,3702729.2104561026,591178.35,252728.744625,224928.58271625004,44985.716543250004,6363.604486013905,-6777.789543897379,49671.72868317188,10179506.771347826,3591647.3341424195,2.8342166767268075,2167.3396236490717,2012.5902977835578,946117.8001349723,878564.4318660239,94618.78259056677,90059.51941993268,48058.17372045814,0.2681680263114683,65908.43584652999,0.13327838004690096,54.81610020744809,0.0,355231.95326739666,4343443.790418244,361850347484.9704,62722658067.30723,132.37323484686894,94299785.6595616,-444223978.45234495,0.0,0.0,286362201.87062573,-1.0,0.0,47.778880107738274,80.0,49.95,74.16666666666666,62.871401567997395,34.44333333333333,11.741666666666667
2029,D_max_high_build,util_improved,fcap_partial,3729213.6155270394,985297.25,336971.65949999995,299904.776955,101217.86222231251,29999.849719779842,19706.615527039394,119961.91078200002,10252985.171702128,3617337.2070612283,2.8344012694442124,2238.339502165415,2027.8251152675202,983258.024124064,890783.2409597288,96970.89874997728,90047.11945558751,48052.58519114452,0.2702352005297855,65713.21807237726,0.13334107757003993,40.17826286718902,375681445.33002,357796.1124420131,4374795.928485195,373547270895.3569,64871331517.23973,133.56869231150458,299413054.4845294,-17585766.732258454,0.0,0.0,1349993237.3900928,-1.0,0.0,49.912071166338706,80.0,49.95,74.16666666666666,52.92469497065283,34.483333333333334,11.741666666666667
2030,D_max_high_build,util_improved,fcap_partial,3802526.36071111,1477945.875,421214.57437499997,374880.97119375004,168696.4370371875,75454.16747702203,93019.36071110982,210870.5462964844,10439729.805282123,3688450.5698897764,2.8303835465508485,2303.028005285361,2035.5411769562602,1016134.4901038827,898114.8258662273,99359.27622680823,90014.60036451388,48037.84870246762,0.2713614683013656,65588.10624103877,0.13350086463623406,35.9350115636638,537985807.6898596,364312.8978265021,4454477.079776336,389786604737.8461,68010401585.968445,136.61655691773478,854004049.8290662,313450752.756963,0.0,89333464.53573446,3306104071.9302564,6.0,0.026309853612772896,51.56725376378481,80.0,49.95,74.16666666666666,48.476572283236244,34.52333333333333,11.741666666666667
2031,D_max_high_build,util_improved,fcap_partial,3910463.3290782566,1970594.5,421214.57437499997,374880.97119375004,243672.6312759375,109125.0,200956.32907825662,342043.17757242196,10709297.841598544,3793149.429205909,2.8233261150063687,2363.4008471050797,2037.9531434671119,1046001.3565684533,901963.6915594136,101787.36375686018,89965.19788097045,48015.27027189922,0.2718322006467591,65509.760159365105,0.13373259864170453,33.56069160468597,628803546.1207615,373719.9528273074,4569497.7423421675,409729928211.11066,71967907857.21643,141.0402304432093,1668974292.601051,648260839.1107123,0.0,184754339.146553,4725870660.853447,6.0,0.037623385851404456,53.24130419555356,80.0,49.95,74.16666666666666,48.152281900027724,34.56333333333333,11.741666666666667
2032,D_max_high_build,util_improved,fcap_partial,4018270.7730833627,2463243.125,421214.57437499997,374880.97119375004,307402.39637887507,109125.0,308763.7730833627,536945.573951297,10977509.146462122,3897722.649890862,2.816390526598781,2425.953866765846,2040.8706500262995,1077144.0275367587,906163.8235444123,104271.84294240465,89913.2833771615,47991.340260331206,0.27237852829358816,65422.8355768459,0.13396437299650094,33.85696954121521,617470915.0485183,383079.6622764196,4683939.507822268,430360125577.01245,76083635492.80255,145.46935795194025,2497152963.4176784,872014685.9118811,0.0,248524185.48488608,4662100814.515114,6.0,0.050609481580223714,54.36007342955941,80.0,49.95,74.16666666666666,50.232696727458524,34.60333333333333,11.741666666666667
2033,D_max_high_build,util_improved,fcap_partial,4125948.848155663,2955891.75,421214.57437499997,374880.97119375004,348639.3032101876,109125.0,416441.8481556629,773084.8771614846,11240534.567720098,4002170.382710993,2.8099257848280246,2490.743247720783,2044.2689793426966,1109601.9645100606,910702.0073391024,106815.09163371533,89859.8231736945,47966.51989228639,0.2729943915502119,65328.59542158214,0.13419277582613146,34.31982601285315,599766655.008367,392258.40111428173,4796168.534075358,451545734848.6832,80328391186.08794,149.839208192987,3366327417.3285766,1114720198.3756819,0.0,317695256.5370693,4592929743.462931,6.0,0.0646954830672408,55.57360099187841,80.0,49.95,74.16666666666666,52.62671363887678,34.64333333333333,11.741666666666667
2034,D_max_high_build,util_improved,fcap_partial,4233497.709537876,3448540.375,421214.57437499997,374880.97119375004,367383.35176987504,109125.0,523990.70953787584,1027968.2289313595,11296043.104395164,4106492.778251739,2.806838593746776,2557.828421400572,2048.125761553936,1143417.1217044613,915566.5186808904,109471.34293081572,89848.22931277103,47961.116423046304,0.2735447245497779,65270.720174123795,0.1342411129384708,34.762668513766315,582827929.3484384,394195.47000661737,4819853.199192447,465087950418.4569,82845162407.16988,150.76470721538442,4229736337.566522,1725039927.194613,0.0,491636379.2504646,4418988620.749536,6.0,0.10011686480854567,58.62519963597306,80.0,49.95,74.16666666666666,53.457167887685614,34.68333333333333,11.741666666666667
2035,D_max_high_build,util_improved,fcap_partial,4340917.51228643,3941189.0,421214.57437499997,374880.97119375004,374880.97119375004,109125.0,631410.5122864302,1290349.2001251094,11352394.737166386,4210689.9869178375,2.8039193388609935,2627.2720308250123,2052.4207113792054,1178633.9463261664,920746.955089688,112193.29164521706,89836.35062053175,47955.57317855705,0.2741545974032653,65207.30208398129,0.13429023132766008,35.22825030132027,565019425.9744996,396161.9602333809,4843897.600845484,479059462817.8977,85446139822.1113,151.70542696060537,5140486658.550724,2373294277.0491476,0.0,676388868.959007,4234236131.0409927,6.0,0.13773987404027124,61.86647138524574,80.0,49.95,74.16666666666666,54.17512868388865,34.72333333333333,11.741666666666667
2036,D_max_high_build,util_improved,fcap_partial,4448208.411271687,4433837.625,421214.57437499997,374880.97119375004,374880.97119375004,109125.0,738701.4112716867,1552730.1713188596,11409552.161348255,4314762.158933536,2.8011551331646913,2699.1399126670203,2057.1354007898494,1215299.3927212192,926234.0909385986,114982.5588852766,89824.1912275124,47949.89184810504,0.2748215650164094,65138.566418034214,0.13434010005348965,35.71527519622509,546390723.7443901,398156.5699813707,4868285.821681272,493472509471.3811,88133842680.46765,152.66079166281162,6101346657.358381,3062011325.225585,0.0,872673227.6892917,4037951772.310708,6.0,0.17771123384279836,65.31005662612793,80.0,49.95,74.16666666666666,54.79765465607984,34.76333333333333,11.741666666666667
2037,D_max_high_build,util_improved,fcap_partial,4555370.561178161,4926486.25,421214.57437499997,374880.97119375004,374880.97119375004,109125.0,845863.5611781608,1815111.1425126097,11467481.487746937,4418709.444342816,2.798534372450995,2773.5010953888745,2062.2530616560075,1253462.948821579,932019.7522825317,117840.80522018152,89811.75482544249,47944.07393425421,0.2755434050695286,65064.7180855704,0.13439069102845397,36.22252685203498,526988347.90966195,400178.11662702844,4893003.401686002,508339762193.629,90910884529.77716,153.63028001543253,7115209676.185267,3793827723.6538367,0.0,1081240901.2413433,3829384098.7586565,6.0,0.22018396868857695,68.96913861826918,80.0,49.95,74.16666666666666,55.36669566293329,34.803333333333335,11.741666666666667
2038,D_max_high_build,util_improved,fcap_partial,4662404.116504747,5419134.875,421214.57437499997,374880.97119375004,374880.97119375004,109125.0,952897.1165047474,2077492.1137063599,11526151.879726896,4522531.9930096045,2.796046580173306,2850.427811515259,2067.7584138038933,1293176.6736260236,938096.708368728,120769.73166779519,89799.0447169319,47938.12077431175,0.2763180949626309,64985.94375128517,0.13444197871323166,36.748851411786966,506856433.49914867,402225.52407123457,4918037.183326976,523674333642.8824,93779974761.53044,154.61341936438245,8185101846.456141,4571496950.323962,0.0,1302876630.8423293,3607748369.157671,6.0,0.265317883333044,72.85748475161981,80.0,49.95,74.16666666666666,55.903624709689055,34.843333333333334,11.741666666666667
2039,D_max_high_build,util_improved,fcap_partial,4769309.231564942,5911783.5,421214.57437499997,374880.97119375004,374880.97119375004,109125.0,1059802.2315649418,2339873.08490011,11585535.237007799,4626229.954617993,2.7936822742371334,2929.995522465802,2073.637514703963,1334495.2447092088,944458.577293051,123771.08070222221,89786.0638581026,47932.03355868079,0.27714379166652786,64902.413681655045,0.13449393985166708,37.29314245807712,486037300.97855,404297.8117048404,4943375.176633481,539489784822.72754,96743920395.19986,155.60978065481743,9314189998.424578,5397897613.036823,0.0,1538400819.7154946,3372224180.2845054,6.0,0.31328004474287785,76.98948806518412,80.0,49.95,74.16666666666666,56.42043916025357,34.88333333333333,11.741666666666667
2040,D_max_high_build,util_improved,fcap_partial,4876086.060487064,6404432.125,421214.57437499997,374880.97119375004,374880.97119375004,109125.0,1166579.0604870636,2602254.0560938595,11645605.919240626,4729803.478672451,2.791432852195327,3012.282954659851,2079.8776276458007,1377476.0149588638,951099.7437009196,126846.63728217258,89772.81489529289,47925.81334660487,0.27801881405701884,64814.28336354328,0.13454655323934153,37.85432814777726,464571948.3475199,406394.0847623657,4969006.441250815,555800133540.1096,99805628080.44374,156.61897401870078,10505789792.586271,6276041850.411211,0.0,1788671927.367195,3121953072.632805,6.0,0.3642452696687682,81.38020925205606,80.0,49.95,74.16666666666666,56.92436739676545,34.92333333333333,11.741666666666667
2041,D_max_high_build,util_improved,fcap_partial,4982734.757214479,6897080.75,421214.57437499997,374880.97119375004,374880.97119375004,109125.0,1273227.7572144791,2864635.0272876094,11706340.503580969,4833252.714498045,2.7892904919523733,3097.3721458426694,2086.467105772512,1422179.0779098498,958015.2867841761,129998.22990112317,89759.30019676156,47919.46107971792,0.278941627378836,64721.694927491415,0.13459979952082327,38.43136037557101,442500465.63440883,408513.52586208866,4994920.983000441,572619863745.0378,102968106301.59164,157.64064490949974,11763374106.544643,7209083873.338366,0.0,2054588903.9014342,2856036096.098566,6.0,0.4183966203693897,86.04541936669183,80.0,49.95,74.16666666666666,57.42000525771297,34.96333333333333,11.741666666666667
2042,D_max_high_build,util_improved,fcap_partial,5089255.475505821,7389729.375,421214.57437499997,374880.97119375004,374880.97119375004,109125.0,1379748.4755058214,3127015.9984813593,11767717.57142793,4936577.811240647,2.7872480655915393,3185.348500776037,2093.395289769953,1468667.3411826966,965200.917112142,133227.73166020922,89745.52188015745,47912.977593741176,0.27991082954294544,64624.77840291802,0.13465366101149492,39.02320579111118,419862378.4899974,410655.3875639219,5021109.662884651,589963935692.1359,106234467771.7716,158.67447070581284,13090581708.961256,8200328688.120797,0.0,2337093676.114427,2573531323.885573,6.0,0.47592591087986297,91.00164344060398,80.0,49.95,74.16666666666666,57.91040051991452,35.00333333333333,11.741666666666667
2043,D_max_high_build,util_improved,fcap_partial,5195648.368935214,7882378.0,421214.57437499997,374880.97119375004,374880.97119375004,109125.0,1486141.3689352144,3389396.9696751093,11829717.520274384,5039778.917867158,2.785299064348648,3276.300855596099,2100.6524173531625,1517006.6076493652,972652.9210699004,136537.0613647291,89731.48183638931,47906.36362860871,0.2809251390075147,64523.65282815136,0.13470812154052225,39.62883849306094,396696927.640419,412818.9858035926,5047564.116805872,607847796876.2654,109607932006.72337,159.72015771837215,14491226250.768143,9253241040.569365,0.0,2637173696.5622687,2273451303.4377313,6.0,0.5370342261040639,96.26620520284683,80.0,49.95,74.16666666666666,58.397643659605166,35.04333333333333,11.741666666666667
2044,D_max_high_build,util_improved,fcap_partial,5301913.590892492,8375026.625,421214.57437499997,374880.97119375004,374880.97119375004,109125.0,1592406.5908924919,3651777.940868859,11892322.397252245,5142856.183165717,2.7834375330887826,3370.3215502739,2108.2295429786664,1567265.6640452535,980368.1118698476,139928.18464510853,89717.18175042461,47899.6198372564,0.28198338403138995,64418.42723468062,0.13476316631206914,40.247234232285805,373043290.61506796,415003.69408391,5074276.684542921,626287393704.3822,113091828070.55492,160.7774385452329,15969305602.814497,10371454618.516626,0.0,2955864566.2772384,1954760433.7227616,6.0,0.601932455904745,100.0,80.0,49.95,74.16666666666666,58.88320846097631,35.08333333333333,11.741666666666667
2045,D_max_high_build,util_improved,fcap_partial,5408051.294583421,8867675.25,421214.57437499997,374880.97119375004,374880.97119375004,109125.0,1698544.2945834212,3914158.9120626086,11955515.751483215,5245809.7557459185,2.781658012913146,3467.5065087247117,2116.1184664485627,1619516.376827597,988343.7862618952,143403.11510314126,89702.62311945965,47892.74679326984,0.28308449312084866,64309.201522076895,0.1348187817823152,40.87736597087592,348940751.61399597,417208.9383222823,5101240.346751269,645299183874.1053,116689597487.5529,161.84606972851446,17529011568.489727,11558781548.633347,0.0,3294252741.3605037,1616372258.6394963,6.0,0.670841846274253,100.0,80.0,49.95,74.16666666666666,59.36815777803167,35.123333333333335,11.741666666666667
2026,D_max_high_build,util_improved,fcap_high,3705055.5916,98529.72499999999,84242.91487499999,74976.19423875,0.0,0.0,-4451.408400000073,0.0,10166887.41228489,3593903.923852,2.8289257664372585,2023.0077845702688,1973.6661312880672,870168.7465160395,848945.1185522337,90061.62616720858,90061.62616720858,48059.12137758416,0.2629754156502244,66377.63259175178,0.13326762228760491,56.178186578021915,0.0,354791.5783386695,4338059.298026604,343991553531.14746,59607831420.29824,132.16814062150382,84553889.21637183,-409333334.5413472,0.0,0.0,0.0,-1.0,0.0,47.953333327293265,80.0,69.9,74.16666666666666,17.263790765133507,34.36333333333333,11.741666666666667
2027,D_max_high_build,util_improved,fcap_high,3700609.52489008,295589.175,168485.82974999998,149952.3884775,11246.4291358125,0.0,-8897.475109919906,11246.4291358125,10165182.687674979,3589591.2391433776,2.831849648179107,2094.475725786095,1993.5521482794484,907703.3757074382,863965.1404710894,92313.45800328872,90061.91024711095,48059.24912058289,0.26562423241650907,66139.28446775756,0.13326616927046653,57.59835987711869,0.0,354732.0889482143,4337331.917448388,352532794941.2347,61085221771.4505,132.1404397197566,66629876.28837504,-434249956.23740435,0.0,0.0,0.0,-1.0,0.0,47.82875021881298,80.0,69.9,74.16666666666666,100.0,34.40333333333333,11.741666666666667
2028,D_max_high_build,util_improved,fcap_high,3702729.2104561026,591178.35,252728.744625,224928.58271625004,44985.716543250004,6363.604486013905,-6777.789543897379,49671.72868317188,10179506.771347826,3591647.3341424195,2.8342166767268075,2167.3396236490717,2012.5902977835578,946117.8001349723,878564.4318660239,94618.78259056677,90059.51941993268,48058.17372045814,0.2681680263114683,65908.43584652999,0.13327838004690096,54.81610020744809,0.0,355231.95326739666,4343443.790418244,361850347484.9704,62722658067.30723,132.37323484686894,94299785.6595616,-444223978.45234495,0.0,0.0,286362201.87062573,-1.0,0.0,47.778880107738274,80.0,69.9,74.16666666666666,57.88390156799739,34.44333333333333,11.741666666666667
2029,D_max_high_build,util_improved,fcap_high,3729213.6155270394,985297.25,336971.65949999995,299904.776955,101217.86222231251,29999.849719779842,19706.615527039394,119961.91078200002,10252985.171702128,3617337.2070612283,2.8344012694442124,2238.339502165415,2027.8251152675202,983258.024124064,890783.2409597288,96970.89874997728,90047.11945558751,48052.58519114452,0.2702352005297855,65713.21807237726,0.13334107757003993,40.17826286718902,375681445.33002,357796.1124420131,4374795.928485195,373547270895.3569,64871331517.23973,133.56869231150458,299413054.4845294,-17585766.732258454,0.0,0.0,1349993237.3900928,-1.0,0.0,49.912071166338706,80.0,69.9,74.16666666666666,47.937194970652826,34.483333333333334,11.741666666666667
2030,D_max_high_build,util_improved,fcap_high,3802526.36071111,1477945.875,421214.57437499997,374880.97119375004,168696.4370371875,75454.16747702203,93019.36071110982,210870.5462964844,10439729.805282123,3688450.5698897764,2.8303835465508485,2303.028005285361,2035.5411769562602,1016134.4901038827,898114.8258662273,99359.27622680823,90014.60036451388,48037.84870246762,0.2713614683013656,65588.10624103877,0.13350086463623406,35.9350115636638,537985807.6898596,364312.8978265021,4454477.079776336,389786604737.8461,68010401585.968445,136.61655691773478,854004049.8290662,313450752.756963,0.0,178666929.07146892,3216770607.394522,6.0,0.05261970722554579,51.56725376378481,80.0,69.9,74.16666666666666,43.48907228323624,34.52333333333333,11.741666666666667
2031,D_max_high_build,util_improved,fcap_high,3910463.3290782566,1970594.5,421214.57437499997,374880.97119375004,243672.6312759375,109125.0,200956.32907825662,342043.17757242196,10709297.841598544,3793149.429205909,2.8233261150063687,2363.4008471050797,2037.9531434671119,1046001.3565684533,901963.6915594136,101787.36375686018,89965.19788097045,48015.27027189922,0.2718322006467591,65509.760159365105,0.13373259864170453,33.56069160468597,628803546.1207615,373719.9528273074,4569497.7423421675,409729928211.11066,71967907857.21643,141.0402304432093,1668974292.601051,648260839.1107123,0.0,369508678.293106,4541116321.706894,6.0,0.07524677170280891,53.24130419555356,80.0,69.9,74.16666666666666,43.16478190002772,34.56333333333333,11.741666666666667
2032,D_max_high_build,util_improved,fcap_high,4018270.7730833627,2463243.125,421214.57437499997,374880.97119375004,307402.39637887507,109125.0,308763.7730833627,536945.573951297,10977509.146462122,3897722.649890862,2.816390526598781,2425.953866765846,2040.8706500262995,1077144.0275367587,906163.8235444123,104271.84294240465,89913.2833771615,47991.340260331206,0.27237852829358816,65422.8355768459,0.13396437299650094,33.85696954121521,617470915.0485183,383079.6622764196,4683939.507822268,430360125577.01245,76083635492.80255,145.46935795194025,2497152963.4176784,872014685.9118811,0.0,497048370.96977216,4413576629.030228,6.0,0.10121896316044743,54.36007342955941,80.0,69.9,74.16666666666666,45.24519672745852,34.60333333333333,11.741666666666667
2033,D_max_high_build,util_improved,fcap_high,4125948.848155663,2955891.75,421214.57437499997,374880.97119375004,348639.3032101876,109125.0,416441.8481556629,773084.8771614846,11240534.567720098,4002170.382710993,2.8099257848280246,2490.743247720783,2044.2689793426966,1109601.9645100606,910702.0073391024,106815.09163371533,89859.8231736945,47966.51989228639,0.2729943915502119,65328.59542158214,0.13419277582613146,34.31982601285315,599766655.008367,392258.40111428173,4796168.534075358,451545734848.6832,80328391186.08794,149.839208192987,3366327417.3285766,1114720198.3756819,0.0,635390513.0741386,4275234486.9258614,6.0,0.1293909661344816,55.57360099187841,80.0,69.9,74.16666666666666,47.639213638876775,34.64333333333333,11.741666666666667
2034,D_max_high_build,util_improved,fcap_high,4233497.709537876,3448540.375,421214.57437499997,374880.97119375004,367383.35176987504,109125.0,523990.70953787584,1027968.2289313595,11296043.104395164,4106492.778251739,2.806838593746776,2557.828421400572,2048.125761553936,1143417.1217044613,915566.5186808904,109471.34293081572,89848.22931277103,47961.116423046304,0.2735447245497779,65270.720174123795,0.1342411129384708,34.762668513766315,582827929.3484384,394195.47000661737,4819853.199192447,465087950418.4569,82845162407.16988,150.76470721538442,4229736337.566522,1725039927.194613,0.0,983272758.5009292,3927352241.4990706,6.0,0.20023372961709135,58.62519963597306,80.0,69.9,74.16666666666666,48.46966788768562,34.68333333333333,11.741666666666667
2035,D_max_high_build,util_improved,fcap_high,4340917.51228643,3941189.0,421214.57437499997,374880.97119375004,374880.97119375004,109125.0,631410.5122864302,1290349.2001251094,11352394.737166386,4210689.9869178375,2.8039193388609935,2627.2720308250123,2052.4207113792054,1178633.9463261664,920746.955089688,112193.29164521706,89836.35062053175,47955.57317855705,0.2741545974032653,65207.30208398129,0.13429023132766008,35.22825030132027,565019425.9744996,396161.9602333809,4843897.600845484,479059462817.8977,85446139822.1113,151.70542696060537,5140486658.550724,2373294277.0491476,0.0,1352777737.918014,3557847262.081986,6.0,0.2754797480805425,61.86647138524574,80.0,69.9,74.16666666666666,49.18762868388865,34.72333333333333,11.741666666666667
2036,D_max_high_build,util_improved,fcap_high,4448208.411271687,4433837.625,421214.57437499997,374880.97119375004,374880.97119375004,109125.0,738701.4112716867,1552730.1713188596,11409552.161348255,4314762.158933536,2.8011551331646913,2699.1399126670203,2057.1354007898494,1215299.3927212192,926234.0909385986,114982.5588852766,89824.1912275124,47949.89184810504,0.2748215650164094,65138.566418034214,0.13434010005348965,35.71527519622509,546390723.7443901,398156.5699813707,4868285.821681272,493472509471.3811,88133842680.46765,152.66079166281162,6101346657.358381,3062011325.225585,0.0,1745346455.3785834,3165278544.6214166,6.0,0.3554224676855967,65.31005662612793,80.0,69.9,74.16666666666666,49.810154656079845,34.76333333333333,11.741666666666667
2037,D_max_high_build,util_improved,fcap_high,4555370.561178161,4926486.25,421214.57437499997,374880.97119375004,374880.97119375004,109125.0,845863.5611781608,1815111.1425126097,11467481.487746937,4418709.444342816,2.798534372450995,2773.5010953888745,2062.2530616560075,1253462.948821579,932019.7522825317,117840.80522018152,89811.75482544249,47944.07393425421,0.2755434050695286,65064.7180855704,0.13439069102845397,36.22252685203498,526988347.90966195,400178.11662702844,4893003.401686002,508339762193.629,90910884529.77716,153.63028001543253,7115209676.185267,3793827723.6538367,0.0,2162481802.4826865,2748143197.5173135,6.0,0.4403679373771539,68.96913861826918,80.0,69.9,74.16666666666666,50.379195662933284,34.803333333333335,11.741666666666667
2038,D_max_high_build,util_improved,fcap_high,4662404.116504747,5419134.875,421214.57437499997,374880.97119375004,374880.97119375004,109125.0,952897.1165047474,2077492.1137063599,11526151.879726896,4522531.9930096045,2.796046580173306,2850.427811515259,2067.7584138038933,1293176.6736260236,938096.708368728,120769.73166779519,89799.0447169319,47938.12077431175,0.2763180949626309,64985.94375128517,0.13444197871323166,36.748851411786966,506856433.49914867,402225.52407123457,4918037.183326976,523674333642.8824,93779974761.53044,154.61341936438245,8185101846.456141,4571496950.323962,0.0,2605753261.6846585,2304871738.3153415,6.0,0.530635766666088,72.85748475161981,80.0,69.9,74.16666666666666,50.91612470968906,34.843333333333334,11.741666666666667
2039,D_max_high_build,util_improved,fcap_high,4769309.231564942,5911783.5,421214.57437499997,374880.97119375004,374880.97119375004,109125.0,1059802.2315649418,2339873.08490011,11585535.237007799,4626229.954617993,2.7936822742371334,2929.995522465802,2073.637514703963,1334495.2447092088,944458.577293051,123771.08070222221,89786.0638581026,47932.03355868079,0.27714379166652786,64902.413681655045,0.13449393985166708,37.29314245807712,486037300.97855,404297.8117048404,4943375.176633481,539489784822.72754,96743920395.19986,155.60978065481743,9314189998.424578,5397897613.036823,0.0,3076801639.4309893,1833823360.5690107,6.0,0.6265600894857557,76.98948806518412,80.0,69.9,74.16666666666666,51.432939160253575,34.88333333333333,11.741666666666667
2040,D_max_high_build,util_improved,fcap_high,4876086.060487064,6404432.125,421214.57437499997,374880.97119375004,374880.97119375004,109125.0,1166579.0604870636,2602254.0560938595,11645605.919240626,4729803.478672451,2.791432852195327,3012.282954659851,2079.8776276458007,1377476.0149588638,951099.7437009196,126846.63728217258,89772.81489529289,47925.81334660487,0.27801881405701884,64814.28336354328,0.13454655323934153,37.85432814777726,464571948.3475199,406394.0847623657,4969006.441250815,555800133540.1096,99805628080.44374,156.61897401870078,10505789792.586271,6276041850.411211,0.0,3577343854.73439,1333281145.2656102,6.0,0.7284905393375364,81.38020925205606,80.0,69.9,74.16666666666666,51.93686739676545,34.92333333333333,11.741666666666667
2041,D_max_high_build,util_improved,fcap_high,4982734.757214479,6897080.75,421214.57437499997,374880.97119375004,374880.97119375004,109125.0,1273227.7572144791,2864635.0272876094,11706340.503580969,4833252.714498045,2.7892904919523733,3097.3721458426694,2086.467105772512,1422179.0779098498,958015.2867841761,129998.22990112317,89759.30019676156,47919.46107971792,0.278941627378836,64721.694927491415,0.13459979952082327,38.43136037557101,442500465.63440883,408513.52586208866,4994920.983000441,572619863745.0378,102968106301.59164,157.64064490949974,11763374106.544643,7209083873.338366,0.0,4109177807.8028684,801447192.1971316,6.0,0.8367932407387794,86.04541936669183,80.0,69.9,74.16666666666666,52.432505257712975,34.96333333333333,11.741666666666667
2042,D_max_high_build,util_improved,fcap_high,5089255.475505821,7389729.375,421214.57437499997,374880.97119375004,374880.97119375004,109125.0,1379748.4755058214,3127015.9984813593,11767717.57142793,4936577.811240647,2.7872480655915393,3185.348500776037,2093.395289769953,1468667.3411826966,965200.917112142,133227.73166020922,89745.52188015745,47912.977593741176,0.27991082954294544,64624.77840291802,0.13465366101149492,39.02320579111118,419862378.4899974,410655.3875639219,5021109.662884651,589963935692.1359,106234467771.7716,158.67447070581284,13090581708.961256,8200328688.120797,0.0,4674187352.228854,236437647.77114582,6.0,0.9518518217597259,91.00164344060398,80.0,69.9,74.16666666666666,52.92290051991452,35.00333333333333,11.741666666666667
2043,D_max_high_build,util_improved,fcap_high,5195648.368935214,7882378.0,421214.57437499997,374880.97119375004,374880.97119375004,109125.0,1486141.3689352144,3389396.9696751093,11829717.520274384,5039778.917867158,2.785299064348648,3276.300855596099,2100.6524173531625,1517006.6076493652,972652.9210699004,136537.0613647291,89731.48183638931,47906.36362860871,0.2809251390075147,64523.65282815136,0.13470812154052225,39.62883849306094,396696927.640419,412818.9858035926,5047564.116805872,607847796876.2654,109607932006.72337,159.72015771837215,14491226250.768143,9253241040.569365,0.0,5274347393.124537,0.0,6.0,1.0,96.26620520284683,80.0,69.9,74.16666666666666,53.41014365960516,35.04333333333333,11.741666666666667
2044,D_max_high_build,util_improved,fcap_high,5301913.590892492,8375026.625,421214.57437499997,374880.97119375004,374880.97119375004,109125.0,1592406.5908924919,3651777.940868859,11892322.397252245,5142856.183165717,2.7834375330887826,3370.3215502739,2108.2295429786664,1567265.6640452535,980368.1118698476,139928.18464510853,89717.18175042461,47899.6198372564,0.28198338403138995,64418.42723468062,0.13476316631206914,40.247234232285805,373043290.61506796,415003.69408391,5074276.684542921,626287393704.3822,113091828070.55492,160.7774385452329,15969305602.814497,10371454618.516626,0.0,5911729132.554477,0.0,6.0,1.0,100.0,80.0,69.9,74.16666666666666,53.89570846097631,35.08333333333333,11.741666666666667
2045,D_max_high_build,util_improved,fcap_high,5408051.294583421,8867675.25,421214.57437499997,374880.97119375004,374880.97119375004,109125.0,1698544.2945834212,3914158.9120626086,11955515.751483215,5245809.7557459185,2.781658012913146,3467.5065087247117,2116.1184664485627,1619516.376827597,988343.7862618952,143403.11510314126,89702.62311945965,47892.74679326984,0.28308449312084866,64309.201522076895,0.1348187817823152,40.87736597087592,348940751.61399597,417208.9383222823,5101240.346751269,645299183874.1053,116689597487.5529,161.84606972851446,17529011568.489727,11558781548.633347,0.0,6588505482.721007,0.0,6.0,1.0,100.0,80.0,69.9,74.16666666666666,54.38065777803166,35.123333333333335,11.741666666666667
2026,D_max_high_build,util_current_drag,fcap_none,3705055.5916,98529.72499999999,84242.91487499999,74976.19423875,0.0,0.0,-4451.408400000073,0.0,10166887.41228489,3593903.923852,2.8289257664372585,2023.0077845702688,1973.6661312880672,870168.7465160395,848945.1185522337,90061.62616720858,90061.62616720858,48059.12137758416,0.2629754156502244,66377.63259175178,0.13326762228760491,56.178186578021915,0.0,354791.5783386695,4338059.298026604,343991553531.14746,59607831420.29824,132.16814062150382,84553889.21637183,-409333334.5413472,0.0,0.0,0.0,-1.0,0.0,47.953333327293265,80.0,30.0,45.0,34.73879076513351,34.36333333333333,19.03333333333333
2027,D_max_high_build,util_current_drag,fcap_none,3700609.52489008,295589.175,168485.82974999998,149952.3884775,11246.4291358125,0.0,-8897.475109919906,11246.4291358125,10165182.687674979,3589591.2391433776,2.831849648179107,2094.475725786095,1993.5521482794484,907703.3757074382,863965.1404710894,92313.45800328872,90061.91024711095,48059.24912058289,0.26562423241650907,66139.28446775756,0.13326616927046653,57.59835987711869,0.0,354732.0889482143,4337331.917448388,352532794941.2347,61085221771.4505,132.1404397197566,66629876.28837504,-434249956.23740435,0.0,0.0,0.0,-1.0,0.0,47.82875021881298,80.0,30.0,45.0,100.0,34.40333333333333,19.03333333333333
2028,D_max_high_build,util_current_drag,fcap_none,3696731.1149170026,591178.35,252728.744625,224928.58271625004,44985.716543250004,545.4518130869062,-12775.885082997382,55669.824222271876,10164903.208138779,3585829.1814694926,2.8347427313793974,2168.393753070386,2013.5691617432237,946808.1293222485,879205.4711426693,94621.34337202887,90061.95680859382,48059.2700570616,0.26829119416393843,65899.12686767514,0.13326593106205809,58.75537850843862,0.0,354722.3360138362,4337212.667696576,361336276299.4595,62610200508.48646,132.13589843124518,50951268.64550478,-459794236.1641363,0.0,0.0,24545331.58891078,-1.0,0.0,47.70102881917932,80.0,30.0,45.0,80.14938145410427,34.44333333333333,19.03333333333333
2029,D_max_high_build,util_current_drag,fcap_none,3705228.4310852867,985297.25,336971.65949999995,299904.776955,101217.86222231251,12545.391700998844,-4278.568914713338,143954.2929384,10194780.628205718,3594071.578152728,2.8365547002949807,2242.6928701616957,2031.7690518108013,986127.9403887471,893383.2434502399,96981.49650170926,90056.9605216029,48057.02194826544,0.27073119590662886,65675.73189987328,0.1332914046769006,50.3232592060779,0.0,355764.96160733193,4349960.917447608,371447674485.54034,64411328524.04073,132.62155592900808,125529697.07778531,-453979810.9948901,0.0,0.0,564542626.544948,-1.0,0.0,47.73010094502555,80.0,30.0,45.0,71.00910599462767,34.483333333333334,19.03333333333333
2030,D_max_high_build,util_current_drag,fcap_none,3738782.1569679845,1477945.875,421214.57437499997,374880.97119375004,168696.4370371875,36860.0,29275.156967984512,274650.7299755875,10285306.124438016,3626618.6922589447,2.8360594253793785,2314.8641143059226,2046.002572662697,1023977.9802366799,905047.328249923,99389.071813315,90041.59369532188,48050.0890717235,0.272674325990167,65489.56282336952,0.1333686877611357,40.22266893956833,373982913.0615114,358924.0094442676,4388586.797199603,384080740770.39087,66755229565.51279,134.09521789053656,387191031.1417144,-10492448.876182243,0.0,0.0,1658700000.0,-1.0,0.0,49.94753775561909,80.0,30.0,45.0,67.208874357268,34.52333333333333,19.03333333333333
2031,D_max_high_build,util_current_drag,fcap_none,3772295.618379623,1970594.5,421214.57437499997,374880.97119375004,243672.6312759375,36860.0,62788.61837962316,480323.36125152506,10374954.852439,3659126.7498282343,2.835363615902624,2389.442895621703,2060.4091202861878,1063337.5521257168,916912.6386561204,101856.20262019717,90026.04140548501,48043.04589776783,0.27464174873658104,65301.13196205076,0.1334453693888128,40.57242940717074,360604575.17571926,362052.46089786495,4426838.57301754,397078580310.74585,69170418090.69846,135.55780621997062,645200316.4661791,35331640.52917309,0.0,0.0,1658700000.0,7.0,0.0,50.17665820264587,80.0,30.0,45.0,67.17085839569978,34.56333333333333,19.03333333333333
2032,D_max_high_build,util_current_drag,fcap_none,3805768.8636375675,2463243.125,421214.57437499997,374880.97119375004,307402.39637887507,36860.0,96261.8636375675,749725.7576304001,10464539.637347918,3691595.7977284403,2.8346926940883104,2466.511119501954,2074.990056783679,1104268.2552005306,928982.4933064316,104384.2057469272,90010.17347135182,48035.83431883875,0.27663407058457906,65110.29278994768,0.1335221398564031,41.14462714634416,338718011.6523357,365178.6809437917,4465063.0652713105,410482242727.2129,71665750933.07457,137.02251092305173,919623835.191272,80739104.3152484,0.0,0.0,1658700000.0,7.0,0.0,50.40369552157624,80.0,30.0,45.0,67.87117620457562,34.60333333333333,19.03333333333333
2033,D_max_high_build,util_current_drag,fcap_none,3839201.9410012024,2955891.75,421214.57437499997,374880.97119375004,348639.3032101876,36860.0,129694.94100120245,1060365.0608405878,10554060.864090005,3724025.882771166,2.8340460556188165,2546.153539228811,2089.746786085664,1146834.2594720323,941260.2857526423,106974.58087634148,89993.99592888566,48028.45754748882,0.2786514941823906,64917.03449585769,0.1335989966211775,41.871676353639806,310908379.47327745,368302.683014697,4503260.438202775,424303805420.3315,74243742375.48749,138.48931127048183,1211415667.2183912,128965699.48276128,0.0,0.0,1658700000.0,7.0,0.0,50.644828497413805,80.0,30.0,45.0,68.67540974536638,34.64333333333333,19.03333333333333
2034,D_max_high_build,util_current_drag,fcap_none,3872594.898672001,3448540.375,421214.57437499997,374880.97119375004,367383.35176987504,36860.0,163087.89867200097,1389748.4126104629,10643518.925661806,3756417.051711841,2.833423120793107,2628.4578570003728,2104.6807538144244,1191102.41539103,953749.485775004,109628.86455794681,89977.51464806776,48020.918708144265,0.2806942283809287,64721.34560229467,0.13367593722686502,42.70150149959803,279167567.6403753,371424.48082489264,4541430.859497701,438555694499.69495,76906982778.79332,139.95818711147706,1521580724.6424637,182694812.9485054,0.0,0.0,1658700000.0,7.0,0.0,50.91347406474253,80.0,30.0,45.0,69.44949740715084,34.68333333333333,19.03333333333333
2035,D_max_high_build,util_current_drag,fcap_none,3905947.7847935944,3941189.0,421214.57437499997,374880.97119375004,374880.97119375004,36860.0,196440.7847935944,1726629.3838042128,10732914.223104587,3788769.3512497866,2.8328233334035398,2713.514828635785,2119.793447189336,1237142.368204036,966453.6407481743,112348.63111351783,89960.73533850227,48013.22084008538,0.282762488218402,64523.21397223024,0.13375295930087244,43.596533164659064,244932606.45179078,374544.0883694255,4579574.500274418,453250694656.3337,79658140829.43388,141.42911886453788,1851177358.9814095,244098170.35535997,0.0,0.0,1658700000.0,7.0,0.0,51.2204908517768,80.0,30.0,45.0,70.18534653710543,34.72333333333333,19.03333333333333
2036,D_max_high_build,util_current_drag,fcap_none,3939260.647451842,4433837.625,421214.57437499997,374880.97119375004,374880.97119375004,36860.0,229753.6474518422,2063510.354997963,10822247.165485917,3821082.828028287,2.83224615967571,2801.4183720960978,2135.0863949722543,1285026.677305143,979376.3770592193,115135.49356486909,89943.6635547785,48005.366900297595,0.28485649491098436,64322.62681511145,0.13383006055163074,44.5306056033659,209204335.67125434,377661.51992343407,4617691.535075958,468401959311.46185,82499965852.49916,142.9020875086462,2201320099.918358,314956926.04324746,0.0,0.0,1658700000.0,7.0,0.0,51.574784630216236,80.0,30.0,45.0,70.88879809773651,34.76333333333333,19.03333333333333
2037,D_max_high_build,util_current_drag,fcap_none,3972533.5346749,4926486.25,421214.57437499997,374880.97119375004,374880.97119375004,36860.0,263026.5346749001,2400391.326191713,10911518.169889102,3853357.528634653,2.8316910872673016,2892.265679963685,2150.5611674515694,1334830.9408077344,992521.401578157,117991.1045843439,89926.30470160254,47997.3597662002,0.2869764758493289,64119.570692183705,0.13390723876606164,45.485774993562806,172669106.49622265,380776.79004178056,4655782.141865551,484023021049.29376,85435290192.17403,144.3770745748744,2573182532.1724167,396785915.42926466,0.0,0.0,1658700000.0,7.0,0.0,51.98392957714633,80.0,30.0,45.0,71.57318185085168,34.803333333333335,19.03333333333333
2038,D_max_high_build,util_current_drag,fcap_none,4005766.4944332903,5419134.875,421214.57437499997,374880.97119375004,374880.97119375004,36860.0,296259.4944332903,2737272.297385463,11000727.661410242,3885593.4996002917,2.831157624322225,2986.157336028538,2166.2193764636495,1386633.9255701362,1005892.503181613,120917.15746857584,89908.66403870986,47989.20223825859,0.2891226646007319,63914.03152114607,0.13398449180715905,46.44975059774252,135797039.63634852,383889.9135589478,4693846.502025366,500127802341.8488,88467031661.52272,145.85406213839218,2968000317.448777,490934598.7772273,0.0,0.0,1658700000.0,7.0,0.0,52.454672993886135,80.0,30.0,45.0,72.24532120323575,34.843333333333334,19.03333333333333
2039,D_max_high_build,util_current_drag,fcap_none,4038959.5746399704,5911783.5,421214.57437499997,374880.97119375004,374880.97119375004,36860.0,329452.57463997044,3074153.268579213,11089876.073162591,3917790.7874007714,2.8306452985765698,3083.1974361355324,2182.062675450501,1440517.702920116,1019493.554330234,123915.38713609212,89890.74668556979,47980.89704248602,0.291295300916768,63705.99458016377,0.1340618176116787,47.41402879928917,98913398.42718925,387000.9055891913,4731884.800358373,516730626573.88605,91598196063.6204,147.33303281085716,3387074368.7708764,598661262.2942433,0.0,0.0,1658700000.0,7.0,0.0,52.993306311471216,80.0,30.0,45.0,72.90907198341507,34.88333333333333,19.03333333333333
2040,D_max_high_build,util_current_drag,fcap_none,4072112.8231504024,6404432.125,421214.57437499997,374880.97119375004,374880.97119375004,36860.0,362605.8231504024,3411034.239772963,11178963.84628805,3949949.4384558904,2.830153656513162,3183.493713452763,2198.092759552574,1496567.790334484,1033328.5127005908,126987.57114934138,89872.55762589187,47972.44683283998,0.29349463074623533,63495.44451126098,0.13413921418793223,48.372612272097506,62247580.59227042,390109.7815269406,4769897.225093243,533846229376.33887,94831879786.10118,148.81396973317763,3831774184.867662,721184987.5415409,0.0,0.0,1658700000.0,7.0,0.0,53.605924937707705,80.0,30.0,45.0,73.56677816047137,34.92333333333333,19.03333333333333
2041,D_max_high_build,util_current_drag,fcap_none,4105226.287762622,6897080.75,421214.57437499997,374880.97119375004,374880.97119375004,36860.0,395719.2877626219,3747915.210966713,11267991.429975571,3982069.4991297433,2.829682262561746,3287.1576683272847,2214.3113657357485,1554873.2993419177,1047401.4228723794,130135.53076174358,89854.1017119443,47963.85419351878,0.2957209062532624,63282.365323115315,0.13421667961367875,49.321159526312634,25965648.118541744,393216.55704744125,4807883.967892207,551489770276.8553,98171272471.25099,150.29685656863452,4303541352.678199,859721316.3792092,0.0,0.0,1658700000.0,7.0,0.0,54.298606581896045,80.0,30.0,45.0,74.21994722755291,34.96333333333333,19.03333333333333
2042,D_max_high_build,util_current_drag,fcap_none,4138300.0162173067,7389729.375,421214.57437499997,374880.97119375004,374880.97119375004,36860.0,428793.0162173067,4084796.1821604627,11356959.281486237,4014151.0157307875,2.829230698341993,3394.3047029010936,2230.720272951618,1615527.0899295686,1061716.4180718018,133361.13199037252,89835.3836686928,47955.12164116279,0.29797438584044433,63066.74039327338,0.1342942120341112,50.25643181663739,0.0,396321.2481076304,4845845.223861753,569676844676.288,101619659763.83705,151.7816774963519,4803893226.445206,1025315224.3545221,0.0,0.0,1658700000.0,7.0,0.0,55.12657612177261,80.0,30.0,45.0,74.86959323963842,35.00333333333333,19.03333333333333
2043,D_max_high_build,util_current_drag,fcap_none,4171334.056197846,7882378.0,421214.57437499997,374880.97119375004,374880.97119375004,36860.0,461827.05619784584,4421677.153354213,11445867.866184905,4046194.0345119103,2.8287985619467735,3505.054260666957,2247.321302330283,1678625.9317470687,1076277.7219720918,136666.28671489816,89816.40809776916,47946.25162696502,0.3002553341768876,62848.55246980577,0.13437180965993165,51.175938328681454,0.0,399423.87094724027,4883781.1915661255,588423496160.2314,105180426138.9288,153.26841720510538,5334426792.299613,1234795223.2601047,0.0,0.0,1658700000.0,7.0,0.0,56.17397611630052,80.0,30.0,45.0,75.51642384272533,35.04333333333333,19.03333333333333
2044,D_max_high_build,util_current_drag,fcap_none,4204328.455330409,8375026.625,421214.57437499997,374880.97119375004,374880.97119375004,36860.0,494821.4553304091,4758558.124547962,11534717.657578234,4078198.6016704966,2.828385467263273,3619.529971150709,2264.1163174049384,1744270.6724151936,1091089.6505522227,140052.95380342955,89797.17948127724,47937.246538695574,0.30256402223105566,62627.78367241798,0.13444947076551172,52.077710693299714,0.0,402524.4420901262,4921692.073043562,607746229154.9575,108857057812.0324,154.75706088745895,5896822727.690911,1463445042.448625,0.0,0.0,1658700000.0,7.0,0.0,57.31722521224312,80.0,30.0,45.0,76.16094823789913,35.08333333333333,19.03333333333333
2045,D_max_high_build,util_current_drag,fcap_none,4237283.2611840125,8867675.25,421214.57437499997,374880.97119375004,374880.97119375004,36860.0,527776.2611840125,5095439.0957417125,11623509.137358936,4110164.763348492,2.8279910433297157,3737.8597999139806,2281.107224367626,1812566.4132607845,1106156.6140149082,143523.14026591563,89777.70218544407,47928.108702643614,0.30490072730831846,62404.41549303256,0.1345271936871351,52.960160592100856,0.0,405622.97834581014,4959578.073825156,627662021937.3573,112653145733.92656,156.24759423421966,6492849665.494131,1712588139.4542873,0.0,0.0,1658700000.0,7.0,0.0,58.562940697271436,80.0,30.0,45.0,76.80354250859003,35.123333333333335,19.03333333333333
2026,D_max_high_build,util_current_drag,fcap_partial,3705055.5916,98529.72499999999,84242.91487499999,74976.19423875,0.0,0.0,-4451.408400000073,0.0,10166887.41228489,3593903.923852,2.8289257664372585,2023.0077845702688,1973.6661312880672,870168.7465160395,848945.1185522337,90061.62616720858,90061.62616720858,48059.12137758416,0.2629754156502244,66377.63259175178,0.13326762228760491,56.178186578021915,0.0,354791.5783386695,4338059.298026604,343991553531.14746,59607831420.29824,132.16814062150382,84553889.21637183,-409333334.5413472,0.0,0.0,0.0,-1.0,0.0,47.953333327293265,80.0,49.95,45.0,29.751290765133508,34.36333333333333,19.03333333333333
2027,D_max_high_build,util_current_drag,fcap_partial,3700609.52489008,295589.175,168485.82974999998,149952.3884775,11246.4291358125,0.0,-8897.475109919906,11246.4291358125,10165182.687674979,3589591.2391433776,2.831849648179107,2094.475725786095,1993.5521482794484,907703.3757074382,863965.1404710894,92313.45800328872,90061.91024711095,48059.24912058289,0.26562423241650907,66139.28446775756,0.13326616927046653,57.59835987711869,0.0,354732.0889482143,4337331.917448388,352532794941.2347,61085221771.4505,132.1404397197566,66629876.28837504,-434249956.23740435,0.0,0.0,0.0,-1.0,0.0,47.82875021881298,80.0,49.95,45.0,100.0,34.40333333333333,19.03333333333333
2028,D_max_high_build,util_current_drag,fcap_partial,3696731.1149170026,591178.35,252728.744625,224928.58271625004,44985.716543250004,545.4518130869062,-12775.885082997382,55669.824222271876,10164903.208138779,3585829.1814694926,2.8347427313793974,2168.393753070386,2013.5691617432237,946808.1293222485,879205.4711426693,94621.34337202887,90061.95680859382,48059.2700570616,0.26829119416393843,65899.12686767514,0.13326593106205809,58.75537850843862,0.0,354722.3360138362,4337212.667696576,361336276299.4595,62610200508.48646,132.13589843124518,50951268.64550478,-459794236.1641363,0.0,0.0,24545331.58891078,-1.0,0.0,47.70102881917932,80.0,49.95,45.0,75.16188145410428,34.44333333333333,19.03333333333333
2029,D_max_high_build,util_current_drag,fcap_partial,3705228.4310852867,985297.25,336971.65949999995,299904.776955,101217.86222231251,12545.391700998844,-4278.568914713338,143954.2929384,10194780.628205718,3594071.578152728,2.8365547002949807,2242.6928701616957,2031.7690518108013,986127.9403887471,893383.2434502399,96981.49650170926,90056.9605216029,48057.02194826544,0.27073119590662886,65675.73189987328,0.1332914046769006,50.3232592060779,0.0,355764.96160733193,4349960.917447608,371447674485.54034,64411328524.04073,132.62155592900808,125529697.07778531,-453979810.9948901,0.0,0.0,564542626.544948,-1.0,0.0,47.73010094502555,80.0,49.95,45.0,66.02160599462768,34.483333333333334,19.03333333333333
2030,D_max_high_build,util_current_drag,fcap_partial,3738782.1569679845,1477945.875,421214.57437499997,374880.97119375004,168696.4370371875,36860.0,29275.156967984512,274650.7299755875,10285306.124438016,3626618.6922589447,2.8360594253793785,2314.8641143059226,2046.002572662697,1023977.9802366799,905047.328249923,99389.071813315,90041.59369532188,48050.0890717235,0.272674325990167,65489.56282336952,0.1333686877611357,40.22266893956833,373982913.0615114,358924.0094442676,4388586.797199603,384080740770.39087,66755229565.51279,134.09521789053656,387191031.1417144,-10492448.876182243,0.0,0.0,1658700000.0,-1.0,0.0,49.94753775561909,80.0,49.95,45.0,62.221374357268,34.52333333333333,19.03333333333333
2031,D_max_high_build,util_current_drag,fcap_partial,3772295.618379623,1970594.5,421214.57437499997,374880.97119375004,243672.6312759375,36860.0,62788.61837962316,480323.36125152506,10374954.852439,3659126.7498282343,2.835363615902624,2389.442895621703,2060.4091202861878,1063337.5521257168,916912.6386561204,101856.20262019717,90026.04140548501,48043.04589776783,0.27464174873658104,65301.13196205076,0.1334453693888128,40.57242940717074,360604575.17571926,362052.46089786495,4426838.57301754,397078580310.74585,69170418090.69846,135.55780621997062,645200316.4661791,35331640.52917309,0.0,10069517.55081433,1648630482.4491856,7.0,0.006070728613259981,50.17665820264587,80.0,49.95,45.0,62.183358395699784,34.56333333333333,19.03333333333333
2032,D_max_high_build,util_current_drag,fcap_partial,3806607.9901001356,2463243.125,421214.57437499997,374880.97119375004,307402.39637887507,37673.95266869082,97100.99010013556,748886.6311678323,10466582.658546332,3692409.7503971313,2.8346211190187156,2466.3465264343367,2074.851590357957,1104157.7234462153,928889.5067841533,104383.7817145248,90009.80782954016,48035.667856379616,0.27661673416132077,65111.588745244684,0.13352389229441694,41.050374460274504,342323176.8945002,365249.9757940415,4465934.791960754,410561512410.9908,71683240739.8857,137.0559508467756,926400752.2798645,86883876.34673133,0.0,24761904.75881843,1670565965.3322685,7.0,0.01460596808184839,50.434419381733655,80.0,49.95,45.0,62.863476342465745,34.60333333333333,19.03333333333333
2033,D_max_high_build,util_current_drag,fcap_partial,3842103.5525752506,2955891.75,421214.57437499997,374880.97119375004,348639.3032101876,38861.58730133782,132596.55257525062,1057462.442314785,10561098.232010748,3726840.445997993,2.8337940368098162,2545.5711094444036,2089.2687588373724,1146440.7763883225,940937.3358610144,106973.05320323497,89992.71075061058,48027.87051584607,0.2785917314517428,64921.48564456211,0.13360504431279432,41.64188002594856,319698089.00746757,368548.2644567551,4506263.178186433,424583555162.6556,74305628989.39835,138.60475042081495,1234848768.1272871,146264480.6782476,0.0,41685376.99330056,1707086051.5669017,7.0,0.02383694993668838,50.73132240339124,80.0,49.95,45.0,63.65257184584061,34.64333333333333,19.03333333333333
2034,D_max_high_build,util_current_drag,fcap_partial,3878966.8097282685,3448540.375,421214.57437499997,374880.97119375004,367383.35176987504,40229.567973625126,169459.80972826853,1383372.0126685519,10658938.76412427,3762597.8054364203,2.832866895505976,2627.149103609578,2103.632797855854,1190212.9212381572,953037.2425791712,109625.36490932305,89974.64232346076,48019.60254737808,0.2805634223420304,64731.04874919052,0.13368921320516308,42.32011274488778,293755687.50804245,371962.5834519774,4548010.274701546,439183694669.7116,77046282095.59518,140.21168918815496,1573682025.3227844,215953041.52802435,0.0,61546616.83548693,1748783941.9776437,7.0,0.03399744678443558,51.07976520764012,80.0,49.95,45.0,64.42792989537574,34.68333333333333,19.03333333333333
2035,D_max_high_build,util_current_drag,fcap_partial,3917440.9342928855,3941189.0,421214.57437499997,374880.97119375004,374880.97119375004,41835.01819420186,207933.93429288547,1715124.0991260111,10760690.843962502,3799917.7062640986,2.8318220750474907,2711.09962527482,2117.906694183908,1235491.0309375285,965163.6187148684,112342.0423022537,89955.45949045275,48010.79595222634,0.2825273804854974,64540.579160245856,0.133776918553246,43.044537567118894,266046438.05770227,375513.4028464587,4591426.3703201935,454409670735.43604,79915916729.15813,141.886787321056,1946984521.2851155,299455274.12569094,0.0,85344753.1258219,1797231065.613262,7.0,0.045334032380690156,51.497276370628455,80.0,49.95,45.0,65.18600784012281,34.72333333333333,19.03333333333333
2036,D_max_high_build,util_current_drag,fcap_partial,3957852.0679322192,4433837.625,421214.57437499997,374880.97119375004,374880.97119375004,43758.700877670606,248345.06793221924,2044893.0075592762,10867141.261647463,3839116.5058942526,2.8306359666248677,2797.4219184287745,2132.040518662514,1282277.8639067565,977281.383270476,115124.36622474331,89934.97089445678,48001.35980235109,0.2844776172104937,64350.484670506616,0.13386885706826318,43.78273985245859,237810200.6434589,379228.1790777389,4636847.176658529,470321039487.4305,82927982315.00746,143.64347503951933,2359894341.9262514,400415828.4316665,0.0,114118511.10302494,1855023028.3921523,7.0,0.05795343240399121,52.00207914215833,80.0,49.95,45.0,65.93649737235418,34.76333333333333,19.03333333333333
2037,D_max_high_build,util_current_drag,fcap_partial,4000612.5213759528,4926486.25,421214.57437499997,374880.97119375004,374880.97119375004,46084.57964749452,291105.52137595275,2372264.102827774,10979284.067281052,3880594.1457346743,2.829279139986553,2886.092810097268,2145.971293734776,1330559.891437387,989345.6376835163,117973.55706139468,89912.93094854675,47991.17718873917,0.28640658527252166,64161.27542372944,0.13396591066126914,44.510057257232745,209990309.91084749,383141.60128815816,4684696.840076436,486990696690.0944,86099048272.35416,145.4987591811569,2818735636.165106,522688773.7872342,0.0,148966300.52936172,1924839783.6078916,7.0,0.07183231916851802,52.61344386893617,80.0,49.95,45.0,66.69812339923092,34.803333333333335,19.03333333333333
2038,D_max_high_build,util_current_drag,fcap_partial,4046225.6447277484,5419134.875,421214.57437499997,374880.97119375004,374880.97119375004,48901.44262612341,336718.64472774835,2696731.2156440774,11098332.402674347,3924838.875385916,2.827716692340163,2977.063805449373,2159.622744094891,1380304.8249476415,1001301.2446304911,120890.75493200289,89889.03227726092,47980.10137015955,0.2883051721950119,63973.55934812223,0.13406915893246246,45.207076847787455,183329310.57212985,387296.004214047,4735492.990100036,504506738196.6301,89449280001.51707,147.4734779560835,3331192934.405442,670514580.1793513,0.0,191096655.3511151,2009468262.824438,7.0,0.08683981725453922,53.35257290089676,80.0,49.95,45.0,67.48442148686948,34.843333333333334,19.03333333333333
2039,D_max_high_build,util_current_drag,fcap_partial,4095294.895233335,5911783.5,421214.57437499997,374880.97119375004,374880.97119375004,52306.97964088181,385787.895233335,3017687.465558568,11225740.529686289,3972436.048376335,2.8259084332583826,3070.257290597972,2172.9045825364774,1431458.469653688,1013082.0885748494,123876.99338649858,89862.89507731688,47967.950425019655,0.2901626412993178,63788.04008687915,0.1341799009372699,45.85745970695563,158452166.20894712,391742.136903696,4789856.138585428,522974948470.9185,93003074168.98853,149.5927383606225,3906536241.014509,848702345.0503147,0.0,241880168.33933967,2111933915.5003414,7.0,0.10276094870873166,54.24351172525157,80.0,49.95,45.0,68.30746965220473,34.88333333333333,19.03333333333333
2040,D_max_high_build,util_current_drag,fcap_partial,4147380.541359055,6404432.125,421214.57437499997,374880.97119375004,374880.97119375004,55290.0,437873.54135905486,3335568.436752318,11360420.10743089,4022959.125118283,2.8238964787137557,3165.8300546809683,2185.8966115628928,1484129.4933140457,1024740.297022245,126934.00874273296,89834.65005406474,47954.77903501442,0.29198933065324334,63603.89071531003,0.1342972304008926,46.521301606108636,133060213.56634466,396442.0197705265,4847321.906700782,542389487872.379,96759899733.63766,151.83949556652408,4544368324.598102,1055371869.9649664,0.0,300780982.9400154,2187269017.0599847,7.0,0.12089024856414275,55.27685934982483,80.0,49.95,45.0,69.17026835937357,34.92333333333333,19.03333333333333
2041,D_max_high_build,util_current_drag,fcap_partial,4199403.684709424,6897080.75,421214.57437499997,374880.97119375004,374880.97119375004,55290.0,489896.68470942415,3653449.407946068,11494890.609993542,4073421.5741681415,2.8219251066202213,3264.572800550752,2199.0976356816427,1538876.3999864282,1036625.5126078085,130065.62083341676,89805.83131435355,47941.30037011287,0.2938469723175088,63416.659686173836,0.13441464499178346,47.36363484343261,100840967.23870277,401134.60658785957,4904698.465552742,562433250388.3345,100648507367.44455,154.08941836912507,5217866289.665933,1274534230.6768494,0.0,363242255.74290204,2124807744.257098,7.0,0.14599475723675248,56.372671153384246,80.0,49.95,45.0,70.04885869670838,34.96333333333333,19.03333333333333
2042,D_max_high_build,util_current_drag,fcap_partial,4251364.4002877725,7389729.375,421214.57437499997,374880.97119375004,374880.97119375004,55290.0,541857.4002877725,3971330.3791398183,11629250.1526702,4123823.468279139,2.82001648279165,3366.592188215386,2212.507745281064,1595782.7756227215,1048740.5523040148,133273.62078326827,89776.43393762656,47927.51315292671,0.29573566000425927,63226.340994253784,0.1345322228770724,48.20168125635552,68785691.94440134,405823.3212630622,4962027.679475461,583130033491.6287,104674233979.80531,156.34406630590152,5931498853.24747,1516846666.167958,0.0,432301299.857868,2055748700.142132,7.0,0.17375104996196541,57.584233330839794,80.0,49.95,45.0,70.93968594922518,35.00333333333333,19.03333333333333
2043,D_max_high_build,util_current_drag,fcap_partial,4303262.763007428,7882378.0,421214.57437499997,374880.97119375004,374880.97119375004,55290.0,593755.7630074276,4289211.350333568,11763498.935598724,4174164.8801172045,2.818168250044886,3471.998592523268,2226.127134806058,1654935.6835402134,1061088.342438028,136559.87183252338,89746.47276307328,47913.4252701822,0.29765543753675117,63032.94714540058,0.13464995728527757,49.03303242594244,36986509.70770178,410508.17078030016,5019309.633864779,604499699100.1774,108841536225.60817,158.6033694276588,6687493170.767748,1784019435.2206757,0.0,508445539.0378925,1979604460.9621074,7.0,0.20435503267132596,58.92009717610338,80.0,49.95,45.0,71.8397889598433,35.04333333333333,19.03333333333333
2044,D_max_high_build,util_current_drag,fcap_partial,4355098.847691819,8375026.625,421214.57437499997,374880.97119375004,374880.97119375004,55290.0,645591.8476918191,4607092.321527318,11897637.179128017,4224445.882261065,2.816378173783115,3580.9062334470436,2239.9560989591614,1716425.8112895123,1073671.9181579563,139926.28241306604,89715.96210408733,47899.04432938237,0.29960636387452116,62836.48891657739,0.1347678417138441,49.85588548221098,5512380.305430039,415189.1628290396,5076544.422740288,626562689166.0637,113155008746.24352,160.86725959929203,7488191542.595005,2077835160.470604,0.0,592183020.734122,1895866979.265878,7.0,0.2380109003975491,60.38917580235302,80.0,49.95,45.0,72.74704174664738,35.08333333333333,19.03333333333333
2045,D_max_high_build,util_current_drag,fcap_partial,4406872.729074589,8867675.25,421214.57437499997,374880.97119375004,374880.97119375004,55290.0,697365.729074589,4924973.2927210685,12031665.12307244,4274666.5472023515,2.8146441342768185,3693.4333111813858,2253.995029200878,1780347.6239576435,1086494.4230891103,143374.80724899736,89684.91577209996,47884.377671470094,0.3015885126005199,62636.97542168943,0.13488586991687762,50.66877048718138,0.0,419866.3057780282,5133732.148427203,649340042154.4908,117619388299.73393,163.13567044581265,8336057229.82678,2425744943.8982306,0.0,691337309.0109956,1796712690.9890044,7.0,0.27786310926669305,62.12872471949115,80.0,49.95,45.0,73.6598786618087,35.123333333333335,19.03333333333333
2026,D_max_high_build,util_current_drag,fcap_high,3705055.5916,98529.72499999999,84242.91487499999,74976.19423875,0.0,0.0,-4451.408400000073,0.0,10166887.41228489,3593903.923852,2.8289257664372585,2023.0077845702688,1973.6661312880672,870168.7465160395,848945.1185522337,90061.62616720858,90061.62616720858,48059.12137758416,0.2629754156502244,66377.63259175178,0.13326762228760491,56.178186578021915,0.0,354791.5783386695,4338059.298026604,343991553531.14746,59607831420.29824,132.16814062150382,84553889.21637183,-409333334.5413472,0.0,0.0,0.0,-1.0,0.0,47.953333327293265,80.0,69.9,45.0,24.763790765133507,34.36333333333333,19.03333333333333
2027,D_max_high_build,util_current_drag,fcap_high,3700609.52489008,295589.175,168485.82974999998,149952.3884775,11246.4291358125,0.0,-8897.475109919906,11246.4291358125,10165182.687674979,3589591.2391433776,2.831849648179107,2094.475725786095,1993.5521482794484,907703.3757074382,863965.1404710894,92313.45800328872,90061.91024711095,48059.24912058289,0.26562423241650907,66139.28446775756,0.13326616927046653,57.59835987711869,0.0,354732.0889482143,4337331.917448388,352532794941.2347,61085221771.4505,132.1404397197566,66629876.28837504,-434249956.23740435,0.0,0.0,0.0,-1.0,0.0,47.82875021881298,80.0,69.9,45.0,100.0,34.40333333333333,19.03333333333333
2028,D_max_high_build,util_current_drag,fcap_high,3696731.1149170026,591178.35,252728.744625,224928.58271625004,44985.716543250004,545.4518130869062,-12775.885082997382,55669.824222271876,10164903.208138779,3585829.1814694926,2.8347427313793974,2168.393753070386,2013.5691617432237,946808.1293222485,879205.4711426693,94621.34337202887,90061.95680859382,48059.2700570616,0.26829119416393843,65899.12686767514,0.13326593106205809,58.75537850843862,0.0,354722.3360138362,4337212.667696576,361336276299.4595,62610200508.48646,132.13589843124518,50951268.64550478,-459794236.1641363,0.0,0.0,24545331.58891078,-1.0,0.0,47.70102881917932,80.0,69.9,45.0,70.17438145410426,34.44333333333333,19.03333333333333
2029,D_max_high_build,util_current_drag,fcap_high,3705228.4310852867,985297.25,336971.65949999995,299904.776955,101217.86222231251,12545.391700998844,-4278.568914713338,143954.2929384,10194780.628205718,3594071.578152728,2.8365547002949807,2242.6928701616957,2031.7690518108013,986127.9403887471,893383.2434502399,96981.49650170926,90056.9605216029,48057.02194826544,0.27073119590662886,65675.73189987328,0.1332914046769006,50.3232592060779,0.0,355764.96160733193,4349960.917447608,371447674485.54034,64411328524.04073,132.62155592900808,125529697.07778531,-453979810.9948901,0.0,0.0,564542626.544948,-1.0,0.0,47.73010094502555,80.0,69.9,45.0,61.03410599462767,34.483333333333334,19.03333333333333
2030,D_max_high_build,util_current_drag,fcap_high,3738782.1569679845,1477945.875,421214.57437499997,374880.97119375004,168696.4370371875,36860.0,29275.156967984512,274650.7299755875,10285306.124438016,3626618.6922589447,2.8360594253793785,2314.8641143059226,2046.002572662697,1023977.9802366799,905047.328249923,99389.071813315,90041.59369532188,48050.0890717235,0.272674325990167,65489.56282336952,0.1333686877611357,40.22266893956833,373982913.0615114,358924.0094442676,4388586.797199603,384080740770.39087,66755229565.51279,134.09521789053656,387191031.1417144,-10492448.876182243,0.0,0.0,1658700000.0,-1.0,0.0,49.94753775561909,80.0,69.9,45.0,57.23387435726799,34.52333333333333,19.03333333333333
2031,D_max_high_build,util_current_drag,fcap_high,3772295.618379623,1970594.5,421214.57437499997,374880.97119375004,243672.6312759375,36860.0,62788.61837962316,480323.36125152506,10374954.852439,3659126.7498282343,2.835363615902624,2389.442895621703,2060.4091202861878,1063337.5521257168,916912.6386561204,101856.20262019717,90026.04140548501,48043.04589776783,0.27464174873658104,65301.13196205076,0.1334453693888128,40.57242940717074,360604575.17571926,362052.46089786495,4426838.57301754,397078580310.74585,69170418090.69846,135.55780621997062,645200316.4661791,35331640.52917309,0.0,20139035.10162866,1638560964.8983712,7.0,0.012141457226519962,50.17665820264587,80.0,69.9,45.0,57.19585839569979,34.56333333333333,19.03333333333333
2032,D_max_high_build,util_current_drag,fcap_high,3807447.116562703,2463243.125,421214.57437499997,374880.97119375004,307402.39637887507,38487.90533738165,97940.11656270316,748047.5047052645,10468625.679744747,3693223.703065822,2.8345495754981,2466.1819443502013,2074.713133172256,1104047.2027555783,928796.5295693631,104383.35748846905,90009.44202074183,48035.501305287624,0.27659939934223676,65112.88442267475,0.13352564480568516,40.959822264160664,345786798.3958546,365321.27064429113,4466806.518650196,410640781291.894,71700731400.19691,137.0893924023631,933176587.7576245,92886023.02657193,0.0,52945033.125146,1679010707.0570283,7.0,0.03056950700112985,50.464430115132856,80.0,69.9,45.0,57.855776480355885,34.60333333333333,19.03333333333333
2033,D_max_high_build,util_current_drag,fcap_high,3845290.26611659,2955891.75,421214.57437499997,374880.97119375004,348639.3032101876,41139.723510949305,135783.26611658977,1054274.7218216897,10568829.739505392,3729931.558133092,2.8335184104008895,2544.931824535956,2088.7440679409915,1146008.9344329557,940582.903057014,106971.372178217,89991.29656270366,48027.22439031593,0.2785261438902293,64926.367747411765,0.1336116895092274,41.40448782065854,328778340.8598109,368818.0691310595,4509562.09717853,424890887052.14307,74373631752.55357,138.73159822687282,1260632089.4759436,164732635.6365444,0.0,93897602.3128303,1757389955.6798885,7.0,0.050720160629524204,50.82366317818272,80.0,69.9,45.0,58.62628092880826,34.64333333333333,19.03333333333333
2034,D_max_high_build,util_current_drag,fcap_high,3886500.7179899854,3448540.375,421214.57437499997,374880.97119375004,367383.35176987504,44450.05618695378,176993.71798998537,1375833.273398829,10677178.55548463,3769905.6964502856,2.832213698485397,2625.604181043821,2102.3957345407152,1189163.1998263113,952196.7008727501,109621.2108104737,89971.23286107535,48018.0393988876,0.28040905978741354,64742.48404658676,0.13370492225512026,41.90642344221051,309579303.33544797,372599.09333970275,4555792.92176905,439926479683.11646,77211121275.65715,140.51166965771483,1635387292.0126872,253938866.57365906,0.0,144745153.94698563,1855507374.4659343,7.0,0.07236344006115678,51.2696943328683,80.0,69.9,45.0,59.400206414970526,34.68333333333333,19.03333333333333
2035,D_max_high_build,util_current_drag,fcap_high,3931899.013290646,3941189.0,421214.57437499997,374880.97119375004,374880.97119375004,48560.23327738134,222392.01329064602,1700652.1484303302,10795649.050314503,3813942.0428919266,2.8305750137012273,2708.071293673368,2115.540966376958,1233421.521124601,963546.9209566537,112333.69807439279,89948.77803054744,48007.72206107585,0.2822327568241339,64562.28643402395,0.13380709056551954,42.419474174485295,289955112.8259375,376733.3314936992,4606342.515838278,455868066628.1478,80240576493.13501,142.46320479542734,2067569410.8484552,366471696.8559234,0.0,208888867.20787632,1976321630.274284,7.0,0.09559210311709647,51.83235848427962,80.0,69.9,45.0,60.18372758381299,34.72333333333333,19.03333333333333
2036,D_max_high_build,util_current_drag,fcap_high,3982588.1400753534,4433837.625,421214.57437499997,374880.97119375004,374880.97119375004,53745.18343263667,273081.14007535344,2020125.7140234238,10926901.701788416,3863110.4958730927,2.8285242458017894,2792.134807237963,2128.0109744556767,1278644.335515432,974512.1085661562,115109.40539883863,89923.28352117154,47995.96411137027,0.2839768599803842,64387.15182770342,0.13392055142540185,42.89266539934324,271855548.47512114,381313.6256869148,4662346.065600131,472874929655.49493,83498419211.55183,144.63155573101787,2570624586.3775406,509793055.3123257,0.0,290582041.5280256,2127951212.9406247,7.0,0.12014804468415972,52.54896527656163,80.0,69.9,45.0,60.99602810657724,34.76333333333333,19.03333333333333
2037,D_max_high_build,util_current_drag,fcap_high,4034809.034307263,4926486.25,421214.57437499997,374880.97119375004,374880.97119375004,55290.0,325302.03430726286,2338006.685217174,11061751.177541763,3913764.7632780448,2.826370987171133,2878.6374529465556,2140.427819050249,1325407.5674039663,985514.5968268057,117951.90667411531,89896.43021884978,47983.53359510152,0.28571917445524153,64211.29639024679,0.13403740912540826,43.626100658788225,243801649.8013504,386019.4374462603,4719884.326663096,490600796469.6889,86908185012.95306,146.8661191476994,3114382784.573152,661106620.8298159,0.0,376830773.872995,2111219226.127005,7.0,0.15145627052229457,53.30553310414908,80.0,69.9,45.0,61.847094397850334,34.803333333333335,19.03333333333333
2038,D_max_high_build,util_current_drag,fcap_high,4086967.263466094,5419134.875,421214.57437499997,374880.97119375004,374880.97119375004,55290.0,377460.26346609415,2655887.656410924,11196437.644799432,3964358.245562111,2.824274939666023,2968.00559068251,2153.051730535959,1374009.9067776848,996734.7827269303,120863.75602987038,89868.95708469053,47970.77192982622,0.28749216197183247,64032.33631825902,0.13415440914786123,44.47433128638567,211356828.2957481,390719.5607348754,4777353.034430971,508905912620.6582,90438743787.12526,149.10478975392869,3689539221.4976807,824513205.517645,0.0,469972527.1450576,2018077472.8549423,7.0,0.188891914207937,54.12256602758823,80.0,69.9,45.0,62.72376481401124,34.843333333333334,19.03333333333333
2039,D_max_high_build,util_current_drag,fcap_high,4139062.9027499347,5911783.5,421214.57437499997,374880.97119375004,374880.97119375004,55290.0,429555.9027499347,2973768.6276046736,11331012.378926003,4014891.0156674366,2.8222465652762763,3060.3353423393633,2165.882549918937,1424525.1536169571,1008175.1922588564,123846.63262935376,89840.87076546374,47957.68334574211,0.28929584472614484,63850.280166436496,0.13427158803303615,45.330561226944816,178606033.0693608,395415.78489759995,4834774.067337445,527810215677.69977,94094545091.86955,151.34833757767728,4299142916.904814,1006504543.9344571,0.0,573707590.0426406,1914342409.9573593,7.0,0.23058523343286533,55.032522719672286,80.0,69.9,45.0,63.6176690595514,34.88333333333333,19.03333333333333
2040,D_max_high_build,util_current_drag,fcap_high,4191096.027266635,6404432.125,421214.57437499997,374880.97119375004,374880.97119375004,55290.0,481589.0272666351,3291649.5987984235,11465475.531570531,4065363.146448636,2.8202832363417234,3155.726174810838,2178.9202305221293,1477030.1726859023,1019838.4606515556,126902.26953650011,89812.18735464192,47944.27639566944,0.29113023005462013,63665.14458837637,0.1343889383670291,46.188240877763725,145799786.4255375,400108.11522649694,4892147.490088911,547331977475.2362,97879672971.34923,153.59668841222842,4945120316.160669,1208701091.4179134,0.0,688959622.1082107,1799090377.8917894,7.0,0.2769074665333135,56.043505457089566,80.0,69.9,45.0,64.52350149709336,34.92333333333333,19.03333333333333
2041,D_max_high_build,util_current_drag,fcap_high,4243066.712033914,6897080.75,421214.57437499997,374880.97119375004,374880.97119375004,55290.0,533559.7120339144,3609530.5699921735,11599827.276214326,4115774.710672897,2.8183824654284453,3254.281016715728,2192.1648334801635,1531605.0224247123,1031727.3313813336,130032.44183976516,89782.92236202654,47930.55932245278,0.29299534153822565,63476.94436026458,0.13450645303452877,47.04340192010617,113089876.555939,404796.55777550454,4949473.376707253,567490004332.5688,101798338192.80031,155.84976999018915,5629497652.569755,1432706365.12033,0.0,816642628.1185881,1671407371.881412,7.0,0.3282259713906827,57.16353182560165,80.0,69.9,45.0,65.43785319246187,34.96333333333333,19.03333333333333
2042,D_max_high_build,util_current_drag,fcap_high,4294975.031979473,7389729.375,421214.57437499997,374880.97119375004,374880.97119375004,55290.0,585468.0319794733,3927411.541185924,11734067.807286713,4166125.781020089,2.816541896249131,3356.106379443994,2205.616523587076,1588333.089484111,1043844.655396963,133238.96767654663,89753.09074091558,47916.540073395154,0.2948912183920956,63285.69245787067,0.1346241252047914,47.893397631061774,80577540.61188716,409481.119329579,5006751.810152571,588303652250.8873,105854882043.50137,158.10751192318725,6354405993.816697,1680159623.2013607,0.0,957690985.2247756,1530359014.7752244,7.0,0.38491629397511123,58.400798116006804,80.0,69.9,45.0,66.35843414802446,35.00333333333333,19.03333333333333
2043,D_max_high_build,util_current_drag,fcap_high,4346821.0619410975,7882378.0,421214.57437499997,374880.97119375004,374880.97119375004,55290.0,637314.0619410975,4245292.512379674,11868197.339350056,4216416.430082864,2.8147592952807114,3461.312482677537,2219.2755654695015,1647301.229148617,1056193.3905457172,136523.70928212316,89722.70691369905,47902.22631385714,0.296817914903634,63091.40012806503,0.13474194831844857,48.73626790793598,48337752.52144868,414161.8073762548,5063982.881975425,609792842535.9255,110053780239.39052,160.36984564456793,7122086538.607024,1952764882.62214,0.0,1113075983.0946198,1374974016.9053802,7.0,0.4473688161791844,59.7638244131107,80.0,69.9,45.0,67.2836492685012,35.04333333333333,19.03333333333333
2044,D_max_high_build,util_current_drag,fcap_high,4398604.876666768,8375026.625,421214.57437499997,374880.97119375004,374880.97119375004,55290.0,689097.8766667685,4563173.483573424,12002216.106348688,4266646.7303667655,2.8130325440177617,3570.013384545682,2233.1423200604727,1708599.9119069455,1068776.601188166,139888.57406372056,89691.78479598949,47887.625440077594,0.29877549991539376,62894.076955263816,0.13485991607509043,49.57042234105077,16431345.454807961,418838.6300794346,5121166.691996374,631978077858.0042,114399646948.55522,162.63670435491466,7934896176.049577,2252308017.511999,0.0,1283815569.9818394,1204234430.0181606,7.0,0.5159926729695301,61.26154008755999,80.0,69.9,45.0,68.21235359051113,35.08333333333333,19.03333333333333
2045,D_max_high_build,util_current_drag,fcap_high,4450326.550814768,8867675.25,421214.57437499997,374880.97119375004,374880.97119375004,55290.0,740819.5508147683,4881054.454767174,12136124.360916838,4316816.754290326,2.811359631806282,3682.327116582216,2247.217241351269,1772323.3764401202,1081597.4579908587,143335.51570032924,89660.3378193866,47872.74459126884,0.30076405634938885,62693.730923171366,0.13497802242157078,50.39448416107115,0.0,423511.5962552382,5178303.348010678,654880458761.5217,118897238932.91426,164.90802297023018,8795313320.944382,2595756981.84597,0.0,1479581479.6522028,1008468520.3477972,7.0,0.5946751390254227,62.97878490922985,80.0,69.9,45.0,69.14370417888671,35.123333333333335,19.03333333333333
2026,D_max_high_build,util_severe_bottleneck,fcap_none,3705055.5916,98529.72499999999,84242.91487499999,74976.19423875,0.0,0.0,-4451.408400000073,0.0,10166887.41228489,3593903.923852,2.8289257664372585,2023.0077845702688,1973.6661312880672,870168.7465160395,848945.1185522337,90061.62616720858,90061.62616720858,48059.12137758416,0.2629754156502244,66377.63259175178,0.13326762228760491,56.178186578021915,0.0,354791.5783386695,4338059.298026604,343991553531.14746,59607831420.29824,132.16814062150382,84553889.21637183,-409333334.5413472,0.0,0.0,0.0,-1.0,0.0,47.953333327293265,80.0,30.0,3.3333333333333437,39.23879076513351,34.36333333333333,29.449999999999996
2027,D_max_high_build,util_severe_bottleneck,fcap_none,3700609.52489008,295589.175,168485.82974999998,149952.3884775,11246.4291358125,0.0,-8897.475109919906,11246.4291358125,10165182.687674979,3589591.2391433776,2.831849648179107,2094.475725786095,1993.5521482794484,907703.3757074382,863965.1404710894,92313.45800328872,90061.91024711095,48059.24912058289,0.26562423241650907,66139.28446775756,0.13326616927046653,57.59835987711869,0.0,354732.0889482143,4337331.917448388,352532794941.2347,61085221771.4505,132.1404397197566,66629876.28837504,-434249956.23740435,0.0,0.0,0.0,-1.0,0.0,47.82875021881298,80.0,30.0,3.3333333333333437,100.0,34.40333333333333,29.449999999999996
2028,D_max_high_build,util_severe_bottleneck,fcap_none,3696731.1149170026,591178.35,252728.744625,224928.58271625004,44985.716543250004,545.4518130869062,-12775.885082997382,55669.824222271876,10164903.208138779,3585829.1814694926,2.8347427313793974,2168.393753070386,2013.5691617432237,946808.1293222485,879205.4711426693,94621.34337202887,90061.95680859382,48059.2700570616,0.26829119416393843,65899.12686767514,0.13326593106205809,58.75537850843862,0.0,354722.3360138362,4337212.667696576,361336276299.4595,62610200508.48646,132.13589843124518,50951268.64550478,-459794236.1641363,0.0,0.0,24545331.58891078,-1.0,0.0,47.70102881917932,80.0,30.0,3.3333333333333437,84.64938145410427,34.44333333333333,29.449999999999996
2029,D_max_high_build,util_severe_bottleneck,fcap_none,3695856.406805443,985297.25,336971.65949999995,299904.776955,101217.86222231251,3454.528149550406,-13650.593194556888,153326.31721824378,10171962.560691584,3584980.7146012797,2.8373827840306545,2244.399234493437,2033.3149336774056,987253.6051625491,894403.040177894,96985.60934199538,90060.7797026698,48058.74068644185,0.27092569356698065,65661.00049854093,0.1332719483966799,58.44085214954032,0.0,354968.68464864383,4340224.788195003,370624402083.78314,64231171310.86039,132.2506160575398,55577243.10190674,-479584226.92118573,0.0,0.0,155453766.72976828,-1.0,0.0,47.60207886539407,80.0,30.0,3.3333333333333437,77.69542244050312,34.483333333333334,29.449999999999996
2030,D_max_high_build,util_severe_bottleneck,fcap_none,3699821.3791172765,1477945.875,421214.57437499997,374880.97119375004,168696.4370371875,8148.0,-9685.62088272348,313622.7542554313,10190751.829018602,3588826.737743758,2.8395775482394496,2322.182109586768,2052.4706141683787,1028837.4783493427,909342.4164924304,99406.78000116906,90057.6364395265,48057.32625918037,0.27348760575744513,65427.98906950595,0.13328796873763912,55.902197033219736,0.0,355624.36951021873,4348241.888892966,380584880738.4899,65989000113.98831,132.55604701321246,94944273.1845673,-488864662.0919391,0.0,0.0,366660000.0,-1.0,0.0,47.555676689540306,80.0,30.0,3.3333333333333437,75.52370609647551,34.52333333333333,29.449999999999996
2031,D_max_high_build,util_severe_bottleneck,fcap_none,3703781.593462336,1970594.5,421214.57437499997,374880.97119375004,243672.6312759375,8148.0,-5725.406537664123,548895.3855313688,10209413.657635912,3592668.1456584656,2.841735791816287,2402.688191378144,2071.8304973056865,1072191.323339865,924547.2178260117,101888.40064763771,90054.4997700909,48055.91360879385,0.2760768871199199,65192.533802422666,0.13330388690633393,56.97887621643791,0.0,356275.6071369697,4356204.612966577,390806847746.9659,67793589930.17353,132.85954574772788,132722006.37237826,-501478139.928509,0.0,0.0,366660000.0,-1.0,0.0,47.49260930035746,80.0,30.0,3.3333333333333437,74.90987796959499,34.56333333333333,29.449999999999996
2032,D_max_high_build,util_severe_bottleneck,fcap_none,3707737.0555501813,2463243.125,421214.57437499997,374880.97119375004,307402.39637887507,8148.0,-1769.944449818693,847897.7819102439,10228104.008019181,3596504.9438836756,2.843901000445836,2486.0140438576686,2091.3971890266034,1117391.4336166452,940022.5670817058,104431.95053194913,90051.3436498422,48054.49101936709,0.2786939678091435,64954.577381522955,0.13331983585835236,58.062646245638035,0.0,356927.8400813584,4364179.506852541,401303089535.0277,69647481438.31007,133.16364737538186,172734492.00225222,-513938381.90060437,0.0,0.0,366660000.0,-1.0,0.0,47.43030809049698,80.0,30.0,3.3333333333333437,74.74696666574368,34.60333333333333,29.449999999999996
2033,D_max_high_build,util_severe_bottleneck,fcap_none,3711687.771083521,2955891.75,421214.57437499997,374880.97119375004,348639.3032101876,8148.0,2180.771083521191,1188137.0851204314,10246823.405688982,3600337.1379510155,2.846073301768773,2572.2597106387707,2111.1733367474476,1164517.4417512566,955773.6969693785,107038.97441517071,90048.16797446669,48053.05844266849,0.2813392055699888,64714.08793349732,0.13333581604716846,59.1494068513542,0.0,357581.0866823577,4372166.7947826525,412080977695.40094,71552024563.56831,133.46836089837004,215114523.67757416,-526189094.4139146,0.0,0.0,366660000.0,-1.0,0.0,47.36905452793043,80.0,30.0,3.3333333333333437,74.74263682507774,34.64333333333333,29.449999999999996
2034,D_max_high_build,util_severe_bottleneck,fcap_none,3715633.745758221,3448540.375,421214.57437499997,374880.97119375004,367383.35176987504,8148.0,6126.745758221019,1547120.4368903064,10265572.384292997,3604164.7333854744,2.848252825183801,2661.5288429129905,2131.161630186316,1213652.4682572593,971805.9526643812,109711.055566773,90044.97263671353,48051.61582901737,0.2840129638932077,64471.03307447774,0.13335182793387662,60.23509182501755,0.0,358235.3655625506,4380166.704456421,423148082979.4468,73508606433.45178,133.77369546675112,260002264.5741892,-538169233.8038554,0.0,0.0,366660000.0,-1.0,0.0,47.30915383098072,80.0,30.0,3.3333333333333437,74.80192050215675,34.68333333333333,29.449999999999996
2035,D_max_high_build,util_severe_bottleneck,fcap_none,3719574.9852633113,3941189.0,421214.57437499997,374880.97119375004,374880.97119375004,8148.0,10067.985263311304,1913601.4080840566,10284351.485767594,3607987.735705412,2.850439701884646,2753.928832231399,2151.3648022055677,1264883.2772271927,988124.794539483,112449.81672365627,90041.75752634302,48050.163127258675,0.286715612130448,64225.37989987621,0.1333678719873397,61.31572557842233,0.0,358890.69563376816,4388179.4671100145,434512180733.3863,75518652415.93808,134.0796603813899,307545642.3000194,-549812698.7896278,0.0,0.0,366660000.0,-1.0,0.0,47.25093650605186,80.0,30.0,3.3333333333333437,74.89022741496044,34.72333333333333,29.449999999999996
2036,D_max_high_build,util_severe_bottleneck,fcap_none,3723511.4952809955,4433837.625,421214.57437499997,374880.97119375004,374880.97119375004,8148.0,14004.4952809955,2280082.3792778067,10303161.260503221,3611806.1504225656,2.852634064897917,2849.570948300569,2171.7856296746045,1318300.4390710774,1004735.8009723418,115256.9210730228,90038.52253007371,48048.70028473714,0.28944752561205667,63977.094973978456,0.13338394868434078,62.38747599027572,0.0,359547.09610286204,4396205.317586836,446181256485.5769,77583627187.21068,134.38626509697045,357900764.57508177,-561048005.0162715,0.0,0.0,366660000.0,-1.0,0.0,47.19475997491864,80.0,30.0,3.3333333333333437,74.99339622298592,34.76333333333333,29.449999999999996
2037,D_max_high_build,util_severe_bottleneck,fcap_none,3727443.2814866584,4926486.25,421214.57437499997,374880.97119375004,374880.97119375004,8148.0,17936.28148665838,2646563.3504715567,10322002.267513853,3615619.9830420585,2.8548360491218645,2948.570481988626,2192.426934353525,1373998.5006891973,1021644.6712308833,118134.0732596852,90035.26753152788,48047.22724727071,0.2922090857677473,63726.14431928557,0.1334000585097383,63.4467023941209,0.0,360204.5864776167,4404244.494409813,458163511689.16486,79705035829.85643,134.69351922508397,411232356.8270455,-571797940.6887208,0.0,0.0,366660000.0,-1.0,0.0,47.141010296556395,80.0,30.0,3.3333333333333437,75.10532327573958,34.803333333333335,29.449999999999996
2038,D_max_high_build,util_severe_bottleneck,fcap_none,3731370.3495488744,5419134.875,421214.57437499997,374880.97119375004,374880.97119375004,8148.0,21863.349548874423,3013044.3216653066,10340875.074610483,3619429.239062408,2.8570457913660516,3051.046893744863,2213.2915837982455,1432076.1634280332,1038857.2284390453,121083.02041841758,90031.99241117567,48045.74395912317,0.2950006802502142,63472.493405596724,0.13341620195662576,64.48999774803607,0.0,360863.1865728045,4412297.239855432,470467369624.56104,81884424962.42738,135.00143253739216,467714222.8554871,-581979202.246943,0.0,0.0,366660000.0,-1.0,0.0,47.090103988765286,80.0,30.0,3.3333333333333437,75.22288684386892,34.843333333333334,29.449999999999996
2039,D_max_high_build,util_severe_bottleneck,fcap_none,3735292.7051294157,5911783.5,421214.57437499997,374880.97119375004,374880.97119375004,8148.0,25785.705129415728,3379525.2928590565,10359780.25857886,3623233.9239755333,2.859263430391975,3157.1239676446285,2234.382492287694,1492636.469185109,1056379.4226254262,124105.55323196939,90028.69704627772,48044.2503629761,0.2978227030617778,63216.1071388254,0.13343237952649453,65.51422424209053,0.0,361522.91651638766,4420363.800029573,483101481466.3259,84123383901.29486,135.31001496886827,527529729.779248,-591502008.9738976,0.0,0.0,366660000.0,-1.0,0.0,47.04248995513051,80.0,30.0,3.3333333333333437,75.34432531834986,34.88333333333333,29.449999999999996
2040,D_max_high_build,util_severe_bottleneck,fcap_none,3739210.3538832604,6404432.125,421214.57437499997,374880.97119375004,374880.97119375004,8148.0,29703.353883260395,3746006.2640528064,10378718.405361537,3627034.0432667625,2.861489106954654,3266.9299712798547,2255.702621773718,1555786.9950462678,1074217.3338574744,127203.50701537846,90025.3813108263,48042.74639990017,0.30067555468414786,62956.949849541685,0.13344859172940116,66.51654183475081,0.0,362183.7967558715,4428444.4249451915,496074732519.18726,86423545855.75296,135.61927662111847,590872318.5458148,-600269695.3671947,0.0,0.0,366660000.0,-1.0,0.0,46.99865152316403,80.0,30.0,3.3333333333333437,75.46857006223016,34.92333333333333,29.449999999999996
2041,D_max_high_build,util_severe_bottleneck,fcap_none,3743123.3014586004,6897080.75,421214.57437499997,374880.97119375004,374880.97119375004,8148.0,33616.30145860044,4112487.235246557,10397690.110244406,3630829.602414842,2.8637229638452233,3380.5978217245543,2277.2549828543497,1621640.056857531,1092377.1754639419,130378.76282723462,90022.04507548467,48041.23200932549,0.303559642211395,62694.98528123247,0.13346483908413895,67.49442945316824,0.0,362845.8480648134,4436539.3686019,509396248628.05096,88786589157.3576,135.9292277657854,657946041.3496416,-608178280.0413027,0.0,0.0,366660000.0,-1.0,0.0,46.95910859979349,80.0,30.0,3.3333333333333437,75.59493588615099,34.96333333333333,29.449999999999996
2042,D_max_high_build,util_severe_bottleneck,fcap_none,3747031.55349685,7389729.375,421214.57437499997,374880.97119375004,374880.97119375004,8148.0,37524.55349685019,4478968.206440307,10416695.978047796,3634620.6068919445,2.8659651459345503,3498.2652578139955,2299.042635771108,1690312.9221532743,1110865.2973484304,133633.24860856164,90018.68820752508,48039.70712901117,0.3064753794862237,62430.17657827178,0.13348112211841331,68.4456988330014,0.0,363509.09154949227,4444648.889067518,523075402767.02,91214238524.5195,136.2398788480374,728966127.3780438,-615116009.8594449,0.0,0.0,366660000.0,-1.0,0.0,46.92441995070278,80.0,30.0,3.3333333333333437,75.72296383658538,35.00333333333333,29.449999999999996
2043,D_max_high_build,util_severe_bottleneck,fcap_none,3750935.115632654,7882378.0,421214.57437499997,374880.97119375004,374880.97119375004,8148.0,41428.11563265417,4845449.177634057,10435736.623322291,3638407.0621636743,2.868215800217914,3620.0750189860296,2321.068691431029,1761928.032883034,1129688.189396954,136968.9403500017,90015.31057076486,48038.17169501421,0.3094231872396425,62162.48627359251,0.13349744136902203,69.36850120002944,0.0,364173.5486557411,4452773.248561619,537121821812.58307,93708266363.39946,136.5512404901436,804159578.3788674,-620962877.9230167,0.0,0.0,366660000.0,-1.0,0.0,46.895185610384914,80.0,30.0,3.3333333333333437,75.85233548231173,35.04333333333333,29.449999999999996
2044,D_max_high_build,util_severe_bottleneck,fcap_none,3754833.993493895,8375026.625,421214.57437499997,374880.97119375004,374880.97119375004,8148.0,45326.99349389505,5211930.148827806,10454812.670549426,3642188.973689078,2.8704750758607727,3746.1750309432578,2343.33631245415,1836613.2384008605,1148852.4849825513,140387.86328800351,90011.91202550105,48036.625641657374,0.3124034932341309,61891.87627605125,0.13351379738203983,70.26132719853669,0.0,364839.2411759514,4460912.713541164,551545393506.2908,96270494106.19011,136.86332349514072,883765795.6238408,-625590113.9710538,0.0,0.0,366660000.0,-1.0,0.0,46.87204943014473,80.0,30.0,3.3333333333333437,75.98282343625054,35.08333333333333,29.449999999999996
2045,D_max_high_build,util_severe_bottleneck,fcap_none,3758728.1927017025,8867675.25,421214.57437499997,374880.97119375004,374880.97119375004,8148.0,49221.19270170247,5578411.120021557,10473924.754347349,3645966.3469206514,2.872743124245655,3876.7185984053244,2365.8487142471827,1914502.03920386,1168364.9645700941,143892.0931307317,90008.49242844289,48035.06890149628,0.3154167324104057,61618.30785747669,0.13353019071300745,71.1230006424426,0.0,365506.19125624956,4469067.554788256,566356273612.4033,98902793587.89964,137.17613885059055,968037239.9255583,-628859645.6626904,0.0,0.0,366660000.0,-1.0,0.0,46.85570177168655,80.0,30.0,3.3333333333333437,76.11426141769925,35.123333333333335,29.449999999999996
2026,D_max_high_build,util_severe_bottleneck,fcap_partial,3705055.5916,98529.72499999999,84242.91487499999,74976.19423875,0.0,0.0,-4451.408400000073,0.0,10166887.41228489,3593903.923852,2.8289257664372585,2023.0077845702688,1973.6661312880672,870168.7465160395,848945.1185522337,90061.62616720858,90061.62616720858,48059.12137758416,0.2629754156502244,66377.63259175178,0.13326762228760491,56.178186578021915,0.0,354791.5783386695,4338059.298026604,343991553531.14746,59607831420.29824,132.16814062150382,84553889.21637183,-409333334.5413472,0.0,0.0,0.0,-1.0,0.0,47.953333327293265,80.0,49.95,3.3333333333333437,34.25129076513351,34.36333333333333,29.449999999999996
2027,D_max_high_build,util_severe_bottleneck,fcap_partial,3700609.52489008,295589.175,168485.82974999998,149952.3884775,11246.4291358125,0.0,-8897.475109919906,11246.4291358125,10165182.687674979,3589591.2391433776,2.831849648179107,2094.475725786095,1993.5521482794484,907703.3757074382,863965.1404710894,92313.45800328872,90061.91024711095,48059.24912058289,0.26562423241650907,66139.28446775756,0.13326616927046653,57.59835987711869,0.0,354732.0889482143,4337331.917448388,352532794941.2347,61085221771.4505,132.1404397197566,66629876.28837504,-434249956.23740435,0.0,0.0,0.0,-1.0,0.0,47.82875021881298,80.0,49.95,3.3333333333333437,100.0,34.40333333333333,29.449999999999996
2028,D_max_high_build,util_severe_bottleneck,fcap_partial,3696731.1149170026,591178.35,252728.744625,224928.58271625004,44985.716543250004,545.4518130869062,-12775.885082997382,55669.824222271876,10164903.208138779,3585829.1814694926,2.8347427313793974,2168.393753070386,2013.5691617432237,946808.1293222485,879205.4711426693,94621.34337202887,90061.95680859382,48059.2700570616,0.26829119416393843,65899.12686767514,0.13326593106205809,58.75537850843862,0.0,354722.3360138362,4337212.667696576,361336276299.4595,62610200508.48646,132.13589843124518,50951268.64550478,-459794236.1641363,0.0,0.0,24545331.58891078,-1.0,0.0,47.70102881917932,80.0,49.95,3.3333333333333437,79.66188145410428,34.44333333333333,29.449999999999996
2029,D_max_high_build,util_severe_bottleneck,fcap_partial,3695856.406805443,985297.25,336971.65949999995,299904.776955,101217.86222231251,3454.528149550406,-13650.593194556888,153326.31721824378,10171962.560691584,3584980.7146012797,2.8373827840306545,2244.399234493437,2033.3149336774056,987253.6051625491,894403.040177894,96985.60934199538,90060.7797026698,48058.74068644185,0.27092569356698065,65661.00049854093,0.1332719483966799,58.44085214954032,0.0,354968.68464864383,4340224.788195003,370624402083.78314,64231171310.86039,132.2506160575398,55577243.10190674,-479584226.92118573,0.0,0.0,155453766.72976828,-1.0,0.0,47.60207886539407,80.0,49.95,3.3333333333333437,72.70792244050313,34.483333333333334,29.449999999999996
2030,D_max_high_build,util_severe_bottleneck,fcap_partial,3699821.3791172765,1477945.875,421214.57437499997,374880.97119375004,168696.4370371875,8148.0,-9685.62088272348,313622.7542554313,10190751.829018602,3588826.737743758,2.8395775482394496,2322.182109586768,2052.4706141683787,1028837.4783493427,909342.4164924304,99406.78000116906,90057.6364395265,48057.32625918037,0.27348760575744513,65427.98906950595,0.13328796873763912,55.902197033219736,0.0,355624.36951021873,4348241.888892966,380584880738.4899,65989000113.98831,132.55604701321246,94944273.1845673,-488864662.0919391,0.0,0.0,366660000.0,-1.0,0.0,47.555676689540306,80.0,49.95,3.3333333333333437,70.53620609647551,34.52333333333333,29.449999999999996
2031,D_max_high_build,util_severe_bottleneck,fcap_partial,3703781.593462336,1970594.5,421214.57437499997,374880.97119375004,243672.6312759375,8148.0,-5725.406537664123,548895.3855313688,10209413.657635912,3592668.1456584656,2.841735791816287,2402.688191378144,2071.8304973056865,1072191.323339865,924547.2178260117,101888.40064763771,90054.4997700909,48055.91360879385,0.2760768871199199,65192.533802422666,0.13330388690633393,56.97887621643791,0.0,356275.6071369697,4356204.612966577,390806847746.9659,67793589930.17353,132.85954574772788,132722006.37237826,-501478139.928509,0.0,0.0,366660000.0,-1.0,0.0,47.49260930035746,80.0,49.95,3.3333333333333437,69.922377969595,34.56333333333333,29.449999999999996
2032,D_max_high_build,util_severe_bottleneck,fcap_partial,3707737.0555501813,2463243.125,421214.57437499997,374880.97119375004,307402.39637887507,8148.0,-1769.944449818693,847897.7819102439,10228104.008019181,3596504.9438836756,2.843901000445836,2486.0140438576686,2091.3971890266034,1117391.4336166452,940022.5670817058,104431.95053194913,90051.3436498422,48054.49101936709,0.2786939678091435,64954.577381522955,0.13331983585835236,58.062646245638035,0.0,356927.8400813584,4364179.506852541,401303089535.0277,69647481438.31007,133.16364737538186,172734492.00225222,-513938381.90060437,0.0,0.0,366660000.0,-1.0,0.0,47.43030809049698,80.0,49.95,3.3333333333333437,69.75946666574367,34.60333333333333,29.449999999999996
2033,D_max_high_build,util_severe_bottleneck,fcap_partial,3711687.771083521,2955891.75,421214.57437499997,374880.97119375004,348639.3032101876,8148.0,2180.771083521191,1188137.0851204314,10246823.405688982,3600337.1379510155,2.846073301768773,2572.2597106387707,2111.1733367474476,1164517.4417512566,955773.6969693785,107038.97441517071,90048.16797446669,48053.05844266849,0.2813392055699888,64714.08793349732,0.13333581604716846,59.1494068513542,0.0,357581.0866823577,4372166.7947826525,412080977695.40094,71552024563.56831,133.46836089837004,215114523.67757416,-526189094.4139146,0.0,0.0,366660000.0,-1.0,0.0,47.36905452793043,80.0,49.95,3.3333333333333437,69.75513682507774,34.64333333333333,29.449999999999996
2034,D_max_high_build,util_severe_bottleneck,fcap_partial,3715633.745758221,3448540.375,421214.57437499997,374880.97119375004,367383.35176987504,8148.0,6126.745758221019,1547120.4368903064,10265572.384292997,3604164.7333854744,2.848252825183801,2661.5288429129905,2131.161630186316,1213652.4682572593,971805.9526643812,109711.055566773,90044.97263671353,48051.61582901737,0.2840129638932077,64471.03307447774,0.13335182793387662,60.23509182501755,0.0,358235.3655625506,4380166.704456421,423148082979.4468,73508606433.45178,133.77369546675112,260002264.5741892,-538169233.8038554,0.0,0.0,366660000.0,-1.0,0.0,47.30915383098072,80.0,49.95,3.3333333333333437,69.81442050215675,34.68333333333333,29.449999999999996
2035,D_max_high_build,util_severe_bottleneck,fcap_partial,3719574.9852633113,3941189.0,421214.57437499997,374880.97119375004,374880.97119375004,8148.0,10067.985263311304,1913601.4080840566,10284351.485767594,3607987.735705412,2.850439701884646,2753.928832231399,2151.3648022055677,1264883.2772271927,988124.794539483,112449.81672365627,90041.75752634302,48050.163127258675,0.286715612130448,64225.37989987621,0.1333678719873397,61.31572557842233,0.0,358890.69563376816,4388179.4671100145,434512180733.3863,75518652415.93808,134.0796603813899,307545642.3000194,-549812698.7896278,0.0,0.0,366660000.0,-1.0,0.0,47.25093650605186,80.0,49.95,3.3333333333333437,69.90272741496045,34.72333333333333,29.449999999999996
2036,D_max_high_build,util_severe_bottleneck,fcap_partial,3723511.4952809955,4433837.625,421214.57437499997,374880.97119375004,374880.97119375004,8148.0,14004.4952809955,2280082.3792778067,10303161.260503221,3611806.1504225656,2.852634064897917,2849.570948300569,2171.7856296746045,1318300.4390710774,1004735.8009723418,115256.9210730228,90038.52253007371,48048.70028473714,0.28944752561205667,63977.094973978456,0.13338394868434078,62.38747599027572,0.0,359547.09610286204,4396205.317586836,446181256485.5769,77583627187.21068,134.38626509697045,357900764.57508177,-561048005.0162715,0.0,0.0,366660000.0,-1.0,0.0,47.19475997491864,80.0,49.95,3.3333333333333437,70.00589622298592,34.76333333333333,29.449999999999996
2037,D_max_high_build,util_severe_bottleneck,fcap_partial,3727443.2814866584,4926486.25,421214.57437499997,374880.97119375004,374880.97119375004,8148.0,17936.28148665838,2646563.3504715567,10322002.267513853,3615619.9830420585,2.8548360491218645,2948.570481988626,2192.426934353525,1373998.5006891973,1021644.6712308833,118134.0732596852,90035.26753152788,48047.22724727071,0.2922090857677473,63726.14431928557,0.1334000585097383,63.4467023941209,0.0,360204.5864776167,4404244.494409813,458163511689.16486,79705035829.85643,134.69351922508397,411232356.8270455,-571797940.6887208,0.0,0.0,366660000.0,-1.0,0.0,47.141010296556395,80.0,49.95,3.3333333333333437,70.11782327573957,34.803333333333335,29.449999999999996
2038,D_max_high_build,util_severe_bottleneck,fcap_partial,3731370.3495488744,5419134.875,421214.57437499997,374880.97119375004,374880.97119375004,8148.0,21863.349548874423,3013044.3216653066,10340875.074610483,3619429.239062408,2.8570457913660516,3051.046893744863,2213.2915837982455,1432076.1634280332,1038857.2284390453,121083.02041841758,90031.99241117567,48045.74395912317,0.2950006802502142,63472.493405596724,0.13341620195662576,64.48999774803607,0.0,360863.1865728045,4412297.239855432,470467369624.56104,81884424962.42738,135.00143253739216,467714222.8554871,-581979202.246943,0.0,0.0,366660000.0,-1.0,0.0,47.090103988765286,80.0,49.95,3.3333333333333437,70.23538684386892,34.843333333333334,29.449999999999996
2039,D_max_high_build,util_severe_bottleneck,fcap_partial,3735292.7051294157,5911783.5,421214.57437499997,374880.97119375004,374880.97119375004,8148.0,25785.705129415728,3379525.2928590565,10359780.25857886,3623233.9239755333,2.859263430391975,3157.1239676446285,2234.382492287694,1492636.469185109,1056379.4226254262,124105.55323196939,90028.69704627772,48044.2503629761,0.2978227030617778,63216.1071388254,0.13343237952649453,65.51422424209053,0.0,361522.91651638766,4420363.800029573,483101481466.3259,84123383901.29486,135.31001496886827,527529729.779248,-591502008.9738976,0.0,0.0,366660000.0,-1.0,0.0,47.04248995513051,80.0,49.95,3.3333333333333437,70.35682531834986,34.88333333333333,29.449999999999996
2040,D_max_high_build,util_severe_bottleneck,fcap_partial,3739210.3538832604,6404432.125,421214.57437499997,374880.97119375004,374880.97119375004,8148.0,29703.353883260395,3746006.2640528064,10378718.405361537,3627034.0432667625,2.861489106954654,3266.9299712798547,2255.702621773718,1555786.9950462678,1074217.3338574744,127203.50701537846,90025.3813108263,48042.74639990017,0.30067555468414786,62956.949849541685,0.13344859172940116,66.51654183475081,0.0,362183.7967558715,4428444.4249451915,496074732519.18726,86423545855.75296,135.61927662111847,590872318.5458148,-600269695.3671947,0.0,0.0,366660000.0,-1.0,0.0,46.99865152316403,80.0,49.95,3.3333333333333437,70.48107006223015,34.92333333333333,29.449999999999996
2041,D_max_high_build,util_severe_bottleneck,fcap_partial,3743123.3014586004,6897080.75,421214.57437499997,374880.97119375004,374880.97119375004,8148.0,33616.30145860044,4112487.235246557,10397690.110244406,3630829.602414842,2.8637229638452233,3380.5978217245543,2277.2549828543497,1621640.056857531,1092377.1754639419,130378.76282723462,90022.04507548467,48041.23200932549,0.303559642211395,62694.98528123247,0.13346483908413895,67.49442945316824,0.0,362845.8480648134,4436539.3686019,509396248628.05096,88786589157.3576,135.9292277657854,657946041.3496416,-608178280.0413027,0.0,0.0,366660000.0,-1.0,0.0,46.95910859979349,80.0,49.95,3.3333333333333437,70.607435886151,34.96333333333333,29.449999999999996
2042,D_max_high_build,util_severe_bottleneck,fcap_partial,3747031.55349685,7389729.375,421214.57437499997,374880.97119375004,374880.97119375004,8148.0,37524.55349685019,4478968.206440307,10416695.978047796,3634620.6068919445,2.8659651459345503,3498.2652578139955,2299.042635771108,1690312.9221532743,1110865.2973484304,133633.24860856164,90018.68820752508,48039.70712901117,0.3064753794862237,62430.17657827178,0.13348112211841331,68.4456988330014,0.0,363509.09154949227,4444648.889067518,523075402767.02,91214238524.5195,136.2398788480374,728966127.3780438,-615116009.8594449,0.0,0.0,366660000.0,-1.0,0.0,46.92441995070278,80.0,49.95,3.3333333333333437,70.73546383658538,35.00333333333333,29.449999999999996
2043,D_max_high_build,util_severe_bottleneck,fcap_partial,3750935.115632654,7882378.0,421214.57437499997,374880.97119375004,374880.97119375004,8148.0,41428.11563265417,4845449.177634057,10435736.623322291,3638407.0621636743,2.868215800217914,3620.0750189860296,2321.068691431029,1761928.032883034,1129688.189396954,136968.9403500017,90015.31057076486,48038.17169501421,0.3094231872396425,62162.48627359251,0.13349744136902203,69.36850120002944,0.0,364173.5486557411,4452773.248561619,537121821812.58307,93708266363.39946,136.5512404901436,804159578.3788674,-620962877.9230167,0.0,0.0,366660000.0,-1.0,0.0,46.895185610384914,80.0,49.95,3.3333333333333437,70.86483548231173,35.04333333333333,29.449999999999996
2044,D_max_high_build,util_severe_bottleneck,fcap_partial,3754833.993493895,8375026.625,421214.57437499997,374880.97119375004,374880.97119375004,8148.0,45326.99349389505,5211930.148827806,10454812.670549426,3642188.973689078,2.8704750758607727,3746.1750309432578,2343.33631245415,1836613.2384008605,1148852.4849825513,140387.86328800351,90011.91202550105,48036.625641657374,0.3124034932341309,61891.87627605125,0.13351379738203983,70.26132719853669,0.0,364839.2411759514,4460912.713541164,551545393506.2908,96270494106.19011,136.86332349514072,883765795.6238408,-625590113.9710538,0.0,0.0,366660000.0,-1.0,0.0,46.87204943014473,80.0,49.95,3.3333333333333437,70.99532343625054,35.08333333333333,29.449999999999996
2045,D_max_high_build,util_severe_bottleneck,fcap_partial,3758728.1927017025,8867675.25,421214.57437499997,374880.97119375004,374880.97119375004,8148.0,49221.19270170247,5578411.120021557,10473924.754347349,3645966.3469206514,2.872743124245655,3876.7185984053244,2365.8487142471827,1914502.03920386,1168364.9645700941,143892.0931307317,90008.49242844289,48035.06890149628,0.3154167324104057,61618.30785747669,0.13353019071300745,71.1230006424426,0.0,365506.19125624956,4469067.554788256,566356273612.4033,98902793587.89964,137.17613885059055,968037239.9255583,-628859645.6626904,0.0,0.0,366660000.0,-1.0,0.0,46.85570177168655,80.0,49.95,3.3333333333333437,71.12676141769926,35.123333333333335,29.449999999999996
2026,D_max_high_build,util_severe_bottleneck,fcap_high,3705055.5916,98529.72499999999,84242.91487499999,74976.19423875,0.0,0.0,-4451.408400000073,0.0,10166887.41228489,3593903.923852,2.8289257664372585,2023.0077845702688,1973.6661312880672,870168.7465160395,848945.1185522337,90061.62616720858,90061.62616720858,48059.12137758416,0.2629754156502244,66377.63259175178,0.13326762228760491,56.178186578021915,0.0,354791.5783386695,4338059.298026604,343991553531.14746,59607831420.29824,132.16814062150382,84553889.21637183,-409333334.5413472,0.0,0.0,0.0,-1.0,0.0,47.953333327293265,80.0,69.9,3.3333333333333437,29.263790765133507,34.36333333333333,29.449999999999996
2027,D_max_high_build,util_severe_bottleneck,fcap_high,3700609.52489008,295589.175,168485.82974999998,149952.3884775,11246.4291358125,0.0,-8897.475109919906,11246.4291358125,10165182.687674979,3589591.2391433776,2.831849648179107,2094.475725786095,1993.5521482794484,907703.3757074382,863965.1404710894,92313.45800328872,90061.91024711095,48059.24912058289,0.26562423241650907,66139.28446775756,0.13326616927046653,57.59835987711869,0.0,354732.0889482143,4337331.917448388,352532794941.2347,61085221771.4505,132.1404397197566,66629876.28837504,-434249956.23740435,0.0,0.0,0.0,-1.0,0.0,47.82875021881298,80.0,69.9,3.3333333333333437,100.0,34.40333333333333,29.449999999999996
2028,D_max_high_build,util_severe_bottleneck,fcap_high,3696731.1149170026,591178.35,252728.744625,224928.58271625004,44985.716543250004,545.4518130869062,-12775.885082997382,55669.824222271876,10164903.208138779,3585829.1814694926,2.8347427313793974,2168.393753070386,2013.5691617432237,946808.1293222485,879205.4711426693,94621.34337202887,90061.95680859382,48059.2700570616,0.26829119416393843,65899.12686767514,0.13326593106205809,58.75537850843862,0.0,354722.3360138362,4337212.667696576,361336276299.4595,62610200508.48646,132.13589843124518,50951268.64550478,-459794236.1641363,0.0,0.0,24545331.58891078,-1.0,0.0,47.70102881917932,80.0,69.9,3.3333333333333437,74.67438145410426,34.44333333333333,29.449999999999996
2029,D_max_high_build,util_severe_bottleneck,fcap_high,3695856.406805443,985297.25,336971.65949999995,299904.776955,101217.86222231251,3454.528149550406,-13650.593194556888,153326.31721824378,10171962.560691584,3584980.7146012797,2.8373827840306545,2244.399234493437,2033.3149336774056,987253.6051625491,894403.040177894,96985.60934199538,90060.7797026698,48058.74068644185,0.27092569356698065,65661.00049854093,0.1332719483966799,58.44085214954032,0.0,354968.68464864383,4340224.788195003,370624402083.78314,64231171310.86039,132.2506160575398,55577243.10190674,-479584226.92118573,0.0,0.0,155453766.72976828,-1.0,0.0,47.60207886539407,80.0,69.9,3.3333333333333437,67.72042244050311,34.483333333333334,29.449999999999996
2030,D_max_high_build,util_severe_bottleneck,fcap_high,3699821.3791172765,1477945.875,421214.57437499997,374880.97119375004,168696.4370371875,8148.0,-9685.62088272348,313622.7542554313,10190751.829018602,3588826.737743758,2.8395775482394496,2322.182109586768,2052.4706141683787,1028837.4783493427,909342.4164924304,99406.78000116906,90057.6364395265,48057.32625918037,0.27348760575744513,65427.98906950595,0.13328796873763912,55.902197033219736,0.0,355624.36951021873,4348241.888892966,380584880738.4899,65989000113.98831,132.55604701321246,94944273.1845673,-488864662.0919391,0.0,0.0,366660000.0,-1.0,0.0,47.555676689540306,80.0,69.9,3.3333333333333437,65.54870609647551,34.52333333333333,29.449999999999996
2031,D_max_high_build,util_severe_bottleneck,fcap_high,3703781.593462336,1970594.5,421214.57437499997,374880.97119375004,243672.6312759375,8148.0,-5725.406537664123,548895.3855313688,10209413.657635912,3592668.1456584656,2.841735791816287,2402.688191378144,2071.8304973056865,1072191.323339865,924547.2178260117,101888.40064763771,90054.4997700909,48055.91360879385,0.2760768871199199,65192.533802422666,0.13330388690633393,56.97887621643791,0.0,356275.6071369697,4356204.612966577,390806847746.9659,67793589930.17353,132.85954574772788,132722006.37237826,-501478139.928509,0.0,0.0,366660000.0,-1.0,0.0,47.49260930035746,80.0,69.9,3.3333333333333437,64.934877969595,34.56333333333333,29.449999999999996
2032,D_max_high_build,util_severe_bottleneck,fcap_high,3707737.0555501813,2463243.125,421214.57437499997,374880.97119375004,307402.39637887507,8148.0,-1769.944449818693,847897.7819102439,10228104.008019181,3596504.9438836756,2.843901000445836,2486.0140438576686,2091.3971890266034,1117391.4336166452,940022.5670817058,104431.95053194913,90051.3436498422,48054.49101936709,0.2786939678091435,64954.577381522955,0.13331983585835236,58.062646245638035,0.0,356927.8400813584,4364179.506852541,401303089535.0277,69647481438.31007,133.16364737538186,172734492.00225222,-513938381.90060437,0.0,0.0,366660000.0,-1.0,0.0,47.43030809049698,80.0,69.9,3.3333333333333437,64.77196666574368,34.60333333333333,29.449999999999996
2033,D_max_high_build,util_severe_bottleneck,fcap_high,3711687.771083521,2955891.75,421214.57437499997,374880.97119375004,348639.3032101876,8148.0,2180.771083521191,1188137.0851204314,10246823.405688982,3600337.1379510155,2.846073301768773,2572.2597106387707,2111.1733367474476,1164517.4417512566,955773.6969693785,107038.97441517071,90048.16797446669,48053.05844266849,0.2813392055699888,64714.08793349732,0.13333581604716846,59.1494068513542,0.0,357581.0866823577,4372166.7947826525,412080977695.40094,71552024563.56831,133.46836089837004,215114523.67757416,-526189094.4139146,0.0,0.0,366660000.0,-1.0,0.0,47.36905452793043,80.0,69.9,3.3333333333333437,64.76763682507774,34.64333333333333,29.449999999999996
2034,D_max_high_build,util_severe_bottleneck,fcap_high,3715633.745758221,3448540.375,421214.57437499997,374880.97119375004,367383.35176987504,8148.0,6126.745758221019,1547120.4368903064,10265572.384292997,3604164.7333854744,2.848252825183801,2661.5288429129905,2131.161630186316,1213652.4682572593,971805.9526643812,109711.055566773,90044.97263671353,48051.61582901737,0.2840129638932077,64471.03307447774,0.13335182793387662,60.23509182501755,0.0,358235.3655625506,4380166.704456421,423148082979.4468,73508606433.45178,133.77369546675112,260002264.5741892,-538169233.8038554,0.0,0.0,366660000.0,-1.0,0.0,47.30915383098072,80.0,69.9,3.3333333333333437,64.82692050215675,34.68333333333333,29.449999999999996
2035,D_max_high_build,util_severe_bottleneck,fcap_high,3719574.9852633113,3941189.0,421214.57437499997,374880.97119375004,374880.97119375004,8148.0,10067.985263311304,1913601.4080840566,10284351.485767594,3607987.735705412,2.850439701884646,2753.928832231399,2151.3648022055677,1264883.2772271927,988124.794539483,112449.81672365627,90041.75752634302,48050.163127258675,0.286715612130448,64225.37989987621,0.1333678719873397,61.31572557842233,0.0,358890.69563376816,4388179.4671100145,434512180733.3863,75518652415.93808,134.0796603813899,307545642.3000194,-549812698.7896278,0.0,0.0,366660000.0,-1.0,0.0,47.25093650605186,80.0,69.9,3.3333333333333437,64.91522741496044,34.72333333333333,29.449999999999996
2036,D_max_high_build,util_severe_bottleneck,fcap_high,3723511.4952809955,4433837.625,421214.57437499997,374880.97119375004,374880.97119375004,8148.0,14004.4952809955,2280082.3792778067,10303161.260503221,3611806.1504225656,2.852634064897917,2849.570948300569,2171.7856296746045,1318300.4390710774,1004735.8009723418,115256.9210730228,90038.52253007371,48048.70028473714,0.28944752561205667,63977.094973978456,0.13338394868434078,62.38747599027572,0.0,359547.09610286204,4396205.317586836,446181256485.5769,77583627187.21068,134.38626509697045,357900764.57508177,-561048005.0162715,0.0,0.0,366660000.0,-1.0,0.0,47.19475997491864,80.0,69.9,3.3333333333333437,65.01839622298593,34.76333333333333,29.449999999999996
2037,D_max_high_build,util_severe_bottleneck,fcap_high,3727443.2814866584,4926486.25,421214.57437499997,374880.97119375004,374880.97119375004,8148.0,17936.28148665838,2646563.3504715567,10322002.267513853,3615619.9830420585,2.8548360491218645,2948.570481988626,2192.426934353525,1373998.5006891973,1021644.6712308833,118134.0732596852,90035.26753152788,48047.22724727071,0.2922090857677473,63726.14431928557,0.1334000585097383,63.4467023941209,0.0,360204.5864776167,4404244.494409813,458163511689.16486,79705035829.85643,134.69351922508397,411232356.8270455,-571797940.6887208,0.0,0.0,366660000.0,-1.0,0.0,47.141010296556395,80.0,69.9,3.3333333333333437,65.13032327573957,34.803333333333335,29.449999999999996
2038,D_max_high_build,util_severe_bottleneck,fcap_high,3731370.3495488744,5419134.875,421214.57437499997,374880.97119375004,374880.97119375004,8148.0,21863.349548874423,3013044.3216653066,10340875.074610483,3619429.239062408,2.8570457913660516,3051.046893744863,2213.2915837982455,1432076.1634280332,1038857.2284390453,121083.02041841758,90031.99241117567,48045.74395912317,0.2950006802502142,63472.493405596724,0.13341620195662576,64.48999774803607,0.0,360863.1865728045,4412297.239855432,470467369624.56104,81884424962.42738,135.00143253739216,467714222.8554871,-581979202.246943,0.0,0.0,366660000.0,-1.0,0.0,47.090103988765286,80.0,69.9,3.3333333333333437,65.24788684386891,34.843333333333334,29.449999999999996
2039,D_max_high_build,util_severe_bottleneck,fcap_high,3735292.7051294157,5911783.5,421214.57437499997,374880.97119375004,374880.97119375004,8148.0,25785.705129415728,3379525.2928590565,10359780.25857886,3623233.9239755333,2.859263430391975,3157.1239676446285,2234.382492287694,1492636.469185109,1056379.4226254262,124105.55323196939,90028.69704627772,48044.2503629761,0.2978227030617778,63216.1071388254,0.13343237952649453,65.51422424209053,0.0,361522.91651638766,4420363.800029573,483101481466.3259,84123383901.29486,135.31001496886827,527529729.779248,-591502008.9738976,0.0,0.0,366660000.0,-1.0,0.0,47.04248995513051,80.0,69.9,3.3333333333333437,65.36932531834987,34.88333333333333,29.449999999999996
2040,D_max_high_build,util_severe_bottleneck,fcap_high,3739210.3538832604,6404432.125,421214.57437499997,374880.97119375004,374880.97119375004,8148.0,29703.353883260395,3746006.2640528064,10378718.405361537,3627034.0432667625,2.861489106954654,3266.9299712798547,2255.702621773718,1555786.9950462678,1074217.3338574744,127203.50701537846,90025.3813108263,48042.74639990017,0.30067555468414786,62956.949849541685,0.13344859172940116,66.51654183475081,0.0,362183.7967558715,4428444.4249451915,496074732519.18726,86423545855.75296,135.61927662111847,590872318.5458148,-600269695.3671947,0.0,0.0,366660000.0,-1.0,0.0,46.99865152316403,80.0,69.9,3.3333333333333437,65.49357006223015,34.92333333333333,29.449999999999996
2041,D_max_high_build,util_severe_bottleneck,fcap_high,3743123.3014586004,6897080.75,421214.57437499997,374880.97119375004,374880.97119375004,8148.0,33616.30145860044,4112487.235246557,10397690.110244406,3630829.602414842,2.8637229638452233,3380.5978217245543,2277.2549828543497,1621640.056857531,1092377.1754639419,130378.76282723462,90022.04507548467,48041.23200932549,0.303559642211395,62694.98528123247,0.13346483908413895,67.49442945316824,0.0,362845.8480648134,4436539.3686019,509396248628.05096,88786589157.3576,135.9292277657854,657946041.3496416,-608178280.0413027,0.0,0.0,366660000.0,-1.0,0.0,46.95910859979349,80.0,69.9,3.3333333333333437,65.61993588615098,34.96333333333333,29.449999999999996
2042,D_max_high_build,util_severe_bottleneck,fcap_high,3747031.55349685,7389729.375,421214.57437499997,374880.97119375004,374880.97119375004,8148.0,37524.55349685019,4478968.206440307,10416695.978047796,3634620.6068919445,2.8659651459345503,3498.2652578139955,2299.042635771108,1690312.9221532743,1110865.2973484304,133633.24860856164,90018.68820752508,48039.70712901117,0.3064753794862237,62430.17657827178,0.13348112211841331,68.4456988330014,0.0,363509.09154949227,4444648.889067518,523075402767.02,91214238524.5195,136.2398788480374,728966127.3780438,-615116009.8594449,0.0,0.0,366660000.0,-1.0,0.0,46.92441995070278,80.0,69.9,3.3333333333333437,65.74796383658537,35.00333333333333,29.449999999999996
2043,D_max_high_build,util_severe_bottleneck,fcap_high,3750935.115632654,7882378.0,421214.57437499997,374880.97119375004,374880.97119375004,8148.0,41428.11563265417,4845449.177634057,10435736.623322291,3638407.0621636743,2.868215800217914,3620.0750189860296,2321.068691431029,1761928.032883034,1129688.189396954,136968.9403500017,90015.31057076486,48038.17169501421,0.3094231872396425,62162.48627359251,0.13349744136902203,69.36850120002944,0.0,364173.5486557411,4452773.248561619,537121821812.58307,93708266363.39946,136.5512404901436,804159578.3788674,-620962877.9230167,0.0,0.0,366660000.0,-1.0,0.0,46.895185610384914,80.0,69.9,3.3333333333333437,65.87733548231174,35.04333333333333,29.449999999999996
2044,D_max_high_build,util_severe_bottleneck,fcap_high,3754833.993493895,8375026.625,421214.57437499997,374880.97119375004,374880.97119375004,8148.0,45326.99349389505,5211930.148827806,10454812.670549426,3642188.973689078,2.8704750758607727,3746.1750309432578,2343.33631245415,1836613.2384008605,1148852.4849825513,140387.86328800351,90011.91202550105,48036.625641657374,0.3124034932341309,61891.87627605125,0.13351379738203983,70.26132719853669,0.0,364839.2411759514,4460912.713541164,551545393506.2908,96270494106.19011,136.86332349514072,883765795.6238408,-625590113.9710538,0.0,0.0,366660000.0,-1.0,0.0,46.87204943014473,80.0,69.9,3.3333333333333437,66.00782343625053,35.08333333333333,29.449999999999996
2045,D_max_high_build,util_severe_bottleneck,fcap_high,3758728.1927017025,8867675.25,421214.57437499997,374880.97119375004,374880.97119375004,8148.0,49221.19270170247,5578411.120021557,10473924.754347349,3645966.3469206514,2.872743124245655,3876.7185984053244,2365.8487142471827,1914502.03920386,1168364.9645700941,143892.0931307317,90008.49242844289,48035.06890149628,0.3154167324104057,61618.30785747669,0.13353019071300745,71.1230006424426,0.0,365506.19125624956,4469067.554788256,566356273612.4033,98902793587.89964,137.17613885059055,968037239.9255583,-628859645.6626904,0.0,0.0,366660000.0,-1.0,0.0,46.85570177168655,80.0,69.9,3.3333333333333437,66.13926141769926,35.123333333333335,29.449999999999996
2026,E_max_drag,util_improved,fcap_none,3705055.5916,74679.975,33065.99652076875,25460.817320991937,0.0,0.0,-4451.408400000073,0.0,10141419.983388092,3593903.923852,2.8218394810394285,2022.8608386219394,1973.522769387258,870073.9380946757,848852.622531391,90065.85729695886,90065.85729695886,48061.022960284165,0.262943960601669,66383.58406431176,0.13324592085275141,56.48489111436993,0.0,324640.30345843616,4161807.292228237,330023427262.5827,50000980743.5128,110.86691960867587,65388815.23073341,-388363332.2999384,0.0,0.0,0.0,-1.0,0.0,48.05818333850031,80.0,30.0,51.66666666666666,27.0578370284787,35.913333333333334,41.541666666666664
2027,E_max_drag,util_improved,fcap_none,3700609.52489008,224039.92500000002,66131.9930415375,50921.634641983874,3819.1225981487905,0.0,-8897.475109919906,3819.1225981487905,10138591.969245598,3589591.2391433776,2.824441919371599,2094.164752895718,1993.2561598055613,907501.2291789218,863772.7344951071,92317.98357652809,90066.32544051521,48061.233218176545,0.265571775029994,66147.25152284847,0.13324351178011645,57.91136618998981,0.0,324549.77497515595,4160646.7397710816,338180587363.98334,51233141206.15149,110.82827582316045,46859395.25643676,-411067494.1864199,0.0,0.0,0.0,-1.0,0.0,47.9446625290679,80.0,30.0,51.66666666666666,100.0,35.95333333333333,41.541666666666664
2028,E_max_drag,util_improved,fcap_none,3698396.614975799,448079.85000000003,99197.98956230625,76382.45196297581,15276.490392595162,2160.9868701191904,-11110.385024201125,16867.79147515716,10141230.55926695,3587444.7165265246,2.826867411377423,2167.6076599407415,2012.839196126108,946293.3160607413,878727.4158513,94625.47427810359,90065.88866446505,48061.03704927943,0.26818222427691585,65911.81831095176,0.13324575948519807,58.17370637402531,0.0,324634.2397410996,4161729.5568923573,346724449095.8893,52531053881.75587,110.86433111270928,42598352.15095936,-429951190.2240119,0.0,0.0,97244409.15536356,-1.0,0.0,47.850244048879944,80.0,30.0,51.66666666666666,100.0,35.99333333333333,41.541666666666664
2029,E_max_drag,util_improved,fcap_none,3704461.126182737,746799.75,132263.986083075,101843.26928396775,29008.249999999996,10187.509530561898,-5045.873817263171,35373.45433024798,10164001.10096188,3593327.2923972546,2.828576490225877,2242.138093193532,2031.2664512587733,985762.05397477,893051.7684175738,96987.03877972042,90062.10707769921,48059.33762408128,0.2706487579074303,65686.90966259394,0.13326516218023615,52.87307347909887,0.0,325363.1549795834,4171074.0674864533,356182836207.45184,53995496362.351524,111.17557896762544,97462615.7301599,-429350194.5321326,0.0,0.0,458437928.8752854,-1.0,0.0,47.85324902733934,80.0,30.0,51.66666666666666,68.04154915492862,36.03333333333334,41.541666666666664
2030,E_max_drag,util_improved,fcap_none,3723302.4563282323,1120199.625,165329.98260384376,127304.0866049597,31001.841981249992,22588.082992007203,13795.456328232307,43088.61281458333,10217717.277959872,3611603.382638385,2.8291360361102336,2316.8516113846686,2047.759230477358,1025297.0144761301,906213.1623179648,99401.77195661071,90053.09939832968,48055.28255005613,0.2728735704812852,65479.98863260138,0.13331097180108048,43.97321841035918,230524395.80376136,327082.68104494904,4193117.960502132,366997935708.94055,55711246559.048584,111.9105094074683,247237961.70550513,-167042704.57833314,0.0,0.0,1016463734.6403241,-1.0,0.0,49.164786477108336,80.0,30.0,51.66666666666666,54.11179415137549,36.07333333333334,41.541666666666664
2031,E_max_drag,util_improved,fcap_none,3749005.6720363675,1493599.5,165329.98260384376,127304.0866049597,33132.44357141139,29266.043296057287,39498.67203636747,46049.87773026556,10287868.798487255,3636535.501875276,2.82903021108471,2392.765750886083,2063.2744079667027,1065556.402949398,918825.9467674143,101873.30080971977,90041.15371360492,48049.890174784094,0.2749775172178784,65281.86081800448,0.13337087774225173,42.35473873591428,292431243.3512787,329328.32425363036,4221906.543380071,378729574502.88605,57594519668.391846,112.87175865126122,450793519.1978528,-57997593.24421132,0.0,0.0,1316971948.322578,-1.0,0.0,49.710012033778945,80.0,30.0,51.66666666666666,46.9385289596477,36.11333333333334,41.541666666666664
2032,E_max_drag,util_improved,fcap_none,3776751.5581387677,1866999.375,165329.98260384376,127304.0866049597,35409.47075585664,31277.352121578817,67244.55813876772,49214.655577278056,10362856.510592006,3663449.0113946046,2.828715911797846,2470.81381858456,2078.609767938901,1107159.0219289542,931414.3948577901,104405.06396006525,90028.1594431703,48044.00659181818,0.27706128137621344,65084.842227903486,0.13343501254803333,42.48838930574326,287319109.0553202,331728.7803685744,4252679.788899561,390998087975.5679,59572744812.4021,113.9010890208409,678766567.8065586,-8270157.966293722,0.0,0.0,1407480845.4710467,-1.0,0.0,49.95864921016853,80.0,30.0,51.66666666666666,43.421907127456656,36.153333333333336,41.541666666666664
2033,E_max_drag,util_improved,fcap_none,3806680.1656980054,2240399.25,165329.98260384376,127304.0866049597,37842.98663355288,33426.88814613431,97173.16569800535,52596.93278182648,10443133.277172698,3692479.760727065,2.8282167957276494,2551.0226162068325,2093.7430643184002,1150125.51408818,943961.5716925182,106998.35293436573,90013.99453486784,48037.573140578796,0.27912233982781876,64889.07776304704,0.1335037825800674,42.78361880976574,276026580.52646035,334298.54613176204,4285623.5416579805,403844593907.6397,61653913087.89183,115.00508578203554,938182740.4422464,48164072.41173196,0.0,0.0,1504209966.576044,9.0,0.0,50.24082036205866,80.0,30.0,51.66666666666666,41.493057141310665,36.193333333333335,41.541666666666664
2034,E_max_drag,util_improved,fcap_none,3838941.1711836806,2613799.125,165329.98260384376,127304.0866049597,40443.74588994379,35724.15103397739,129434.17118368065,56211.65698725749,10529060.395759227,3723772.93604817,2.827524818667683,2633.4162628977265,2108.6510900455974,1194474.404208567,956449.5328567734,109654.48895278129,89998.54578225732,48030.53461885239,0.28115802161700776,64694.732701710156,0.13357751892363917,43.20987165379728,259722409.2422541,337049.1871562865,4320886.0699153,417309264062.93933,63845899006.68397,116.18914117564275,1232633159.1716766,114269218.19218138,0.0,0.0,1607586796.5289824,9.0,0.0,50.57134609096091,80.0,30.0,51.66666666666666,40.409780497299266,36.233333333333334,41.541666666666664
2035,E_max_drag,util_improved,fcap_none,3873694.537978041,2987199.0,165329.98260384376,127304.0866049597,43223.242326230175,38179.293313787486,164187.537978041,60074.80311370676,10621024.074660135,3757483.7018386996,2.826632107402837,2718.0159389539504,2123.309707375878,1240221.855448606,968859.3312617671,112374.79854973675,89981.68834683755,48022.82998811057,0.2831655746477893,64501.97185832701,0.13365657712180432,43.73324194227128,239703495.70812356,339993.06648230285,4358625.864746485,431435693442.0016,66157310653.602394,117.45905760242414,1566072922.5970812,193330927.6867479,0.0,0.0,1718068199.120437,9.0,0.0,50.96665463843374,80.0,30.0,51.66666666666666,39.84127572454779,36.27333333333333,41.541666666666664
2036,E_max_drag,util_improved,fcap_none,3911111.223343578,3360598.875,165329.98260384376,127304.0866049597,46193.75965510033,40803.16524677752,201604.22334357817,64203.44395769624,10719437.15846572,3793777.8866432705,2.8255310349626885,2804.8396302723204,2137.6938890397237,1287381.4220046322,981171.0334452809,115160.61012136131,89963.28456856708,48014.391765774075,0.28514217540518233,64310.95790009039,0.13374133902593838,44.32084189608429,217227797.47477597,343143.3998126707,4399012.348148577,446271210548.4883,68597564163.92,118.82108090273245,1942853410.0097842,288805396.5963714,0.0,0.0,1836142436.1049883,9.0,0.0,51.44402698298186,80.0,30.0,51.66666666666666,39.61875701788624,36.31333333333333,41.541666666666664
2037,E_max_drag,util_improved,fcap_none,3951373.93397697,3733998.75,165329.98260384376,127304.0866049597,49368.425787397086,43607.3627783623,241866.93397697015,68615.82564368889,10824740.97336749,3832832.715957661,2.8242143019442603,2893.9018766553727,2151.7777711307654,1335963.8008568436,993363.7463346049,118013.2499356638,89943.18266556035,48005.1453603374,0.28708494060724726,64121.84941199116,0.1338322147847659,44.94366539795393,193404798.52826223,346514.3145840773,4442226.630317692,461867215711.17633,71176966167.63992,120.2819365309534,2367756914.9918017,404226736.46900845,0.0,0.0,1962331325.0263035,9.0,0.0,52.021133682345045,80.0,30.0,51.66666666666666,39.64794061436617,36.35333333333334,41.541666666666664
2038,E_max_drag,util_improved,fcap_none,3994677.933488471,4107398.625,165329.98260384376,127304.0866049597,52761.27084963594,46604.278785305236,285170.93348847097,73331.4482610514,10937407.300545178,3874837.5954838167,2.8226750234107607,2985.2135274815946,2165.5347185129804,1385976.585690289,1005415.6554390419,120934.03753981781,89921.21531502182,47995.00834526481,0.288990940915526,63934.798692866054,0.13392964498112894,45.577969375108275,169142671.4021085,350120.9131377734,4488462.319482004,478279549878.3892,73906805089.04524,121.84886888881633,2846033721.298005,543171789.3145274,0.0,0.0,2097192545.3387356,9.0,0.0,52.71585894657264,80.0,30.0,51.66666666666666,39.87279526899525,36.39333333333334,41.541666666666664
2039,E_max_drag,util_improved,fcap_none,4041231.905375321,4480798.5,165329.98260384376,127304.0866049597,56387.289188777155,49807.15784482532,331724.90537532093,78371.15204279214,11057940.486420797,3919994.948214061,2.8209068206730126,3078.7815085897396,2178.937403431838,1437424.0264683354,1017304.0753704266,123924.28049220447,89897.19810730164,47983.88966748238,0.2908572168175097,63749.94926611958,0.13403410292615772,46.20551083962563,145139210.3843196,353979.34027160367,4537926.387901845,495568896482.6599,76799452291.91202,123.52968410558134,3383441737.116908,709269421.7424674,0.0,0.0,2241322103.0171394,9.0,0.0,53.54634710871234,80.0,30.0,51.66666666666666,40.25864390256942,36.43333333333334,41.541666666666664
2040,E_max_drag,util_improved,fcap_none,4091258.875303006,4854198.375,165329.98260384376,127304.0866049597,60262.505638275856,53230.15476771093,381751.8753030058,83757.20946693301,11186879.69916115,3968521.1090439153,2.8189039170453754,3174.608604532905,2191.957897874649,1490306.798501495,1029005.5134882616,126985.2683396258,89870.9278648295,47971.688786233506,0.2926807967762122,63567.43309033371,0.1341460971209045,46.813061401984314,121900401.3741,358106.85547364503,4590840.097886835,513801219162.07526,79868474174.51764,125.33279657906479,3986288808.236258,906238108.2767465,0.0,0.0,2395356964.546992,9.0,0.0,54.53119054138374,80.0,30.0,51.66666666666666,40.783554171495894,36.473333333333336,41.541666666666664
2041,E_max_drag,util_improved,fcap_none,4144997.1967702936,5227598.25,165329.98260384376,127304.0866049597,64404.04633826636,56888.397154121856,435490.19677029364,89513.42368754797,11324801.34142904,4020647.2808671845,2.816661236443122,3272.6932606127893,2204.567780050934,1544621.7851821799,1040495.7473282369,130118.26575234155,89842.1808176137,47958.294738039076,0.29445871771875665,63387.36745700249,0.1342661738958891,47.391568068247736,99772521.38952409,362521.91015757254,4647439.991933904,533048238320.21436,83128756445.4277,127.26727961956699,4661477836.64488,1137937630.1870937,0.0,0.0,2559977871.9354835,9.0,0.0,55.68968815093547,80.0,30.0,51.66666666666666,41.43363767410443,36.513333333333335,41.541666666666664
2042,E_max_drag,util_improved,fcap_none,4202701.604514106,5600998.125,165329.98260384376,127304.0866049597,68830.2144228637,60798.05224853887,493194.6045141062,95665.23373047469,11472321.630040826,4076620.556378683,2.8141745034597587,3373.029409291518,2216.7382551535943,1600361.8788291318,1051749.916297102,133324.50472127352,89810.71062698163,47943.58512350881,0.2961880479080799,63209.851565138495,0.13439492023938304,47.93522495888452,78977645.32266717,367244.23024091916,4707978.951359883,553387949707.4246,86596641952.48933,129.34292056916743,5416554839.150065,1408424690.4765787,0.0,0.0,2735912351.1842494,9.0,0.0,57.042123452382896,80.0,30.0,51.66666666666666,42.20033762743598,36.553333333333335,41.541666666666664
2043,E_max_drag,util_improved,fcap_none,4264644.340309638,5974398.0,165329.98260384376,127304.0866049597,73560.570909075,64976.39838931969,555137.3403096376,102239.82691860155,11630099.353887422,4136705.0101003484,2.8114403433386945,3475.606325680625,2228.440290316555,1657515.8042860243,1062742.6279022256,136605.1757128475,89776.24624928858,47927.425011790096,0.29786591220960706,63034.96276548992,0.13453296682563415,48.44061646982708,59646420.0291143,372294.90442978434,4772727.328089328,574905188410.5388,90290083595.13814,131.57028080172043,6259760091.187227,1722006218.682683,0.0,0.0,2923937927.5193863,9.0,0.0,58.61003109341341,80.0,30.0,51.66666666666666,43.07879256362188,36.593333333333334,41.541666666666664
2044,E_max_drag,util_improved,fcap_none,4331116.356141087,6347797.875,165329.98260384376,127304.0866049597,78616.02114480117,69441.9013686257,621609.3561410867,109266.25902358242,11744580.740285419,4201182.865456854,2.8092281900215927,3580.4085168077245,2239.644763406339,1716067.9700287697,1073448.0785312795,139980.5083858137,89750.72994921399,47915.429138945154,0.29944867496992916,62874.99278833792,0.1346333511733347,48.88460906680331,42663703.1947735,375959.60543629684,4819707.876130532,594987412052.0254,93687475539.78041,133.19116507390586,7186376229.433442,2203761860.598499,0.0,0.0,3124885561.588156,9.0,0.0,61.018809302992494,80.0,30.0,51.66666666666666,43.68129302187131,36.63333333333333,41.541666666666664
2045,E_max_drag,util_improved,fcap_none,4402428.600060299,6721197.75,165329.98260384376,127304.0866049597,84018.90719797762,74214.29604018448,692921.600060299,116775.58267497811,11808557.63735021,4270355.74205849,2.807610665221065,3687.4156492454426,2250.3226249774243,1775998.351537535,1083840.1885085409,143456.93225431078,89736.2872391355,47908.62816665206,0.3009247689038805,62732.41573940641,0.13468952888967967,49.26282414412783,28196976.48711037,378007.5907590095,4845962.534469751,613131070011.8986,96683991606.8953,134.09870617567108,8204002458.447354,2886644552.2760487,0.0,0.0,3339643321.8083014,9.0,0.0,64.43322276138025,80.0,30.0,51.66666666666666,43.95109672776861,36.67333333333333,41.541666666666664
2026,E_max_drag,util_improved,fcap_partial,3705055.5916,74679.975,33065.99652076875,25460.817320991937,0.0,0.0,-4451.408400000073,0.0,10141419.983388092,3593903.923852,2.8218394810394285,2022.8608386219394,1973.522769387258,870073.9380946757,848852.622531391,90065.85729695886,90065.85729695886,48061.022960284165,0.262943960601669,66383.58406431176,0.13324592085275141,56.48489111436993,0.0,324640.30345843616,4161807.292228237,330023427262.5827,50000980743.5128,110.86691960867587,65388815.23073341,-388363332.2999384,0.0,0.0,0.0,-1.0,0.0,48.05818333850031,80.0,49.95,51.66666666666666,22.0703370284787,35.913333333333334,41.541666666666664
2027,E_max_drag,util_improved,fcap_partial,3700609.52489008,224039.92500000002,66131.9930415375,50921.634641983874,3819.1225981487905,0.0,-8897.475109919906,3819.1225981487905,10138591.969245598,3589591.2391433776,2.824441919371599,2094.164752895718,1993.2561598055613,907501.2291789218,863772.7344951071,92317.98357652809,90066.32544051521,48061.233218176545,0.265571775029994,66147.25152284847,0.13324351178011645,57.91136618998981,0.0,324549.77497515595,4160646.7397710816,338180587363.98334,51233141206.15149,110.82827582316045,46859395.25643676,-411067494.1864199,0.0,0.0,0.0,-1.0,0.0,47.9446625290679,80.0,49.95,51.66666666666666,100.0,35.95333333333333,41.541666666666664
2028,E_max_drag,util_improved,fcap_partial,3698396.614975799,448079.85000000003,99197.98956230625,76382.45196297581,15276.490392595162,2160.9868701191904,-11110.385024201125,16867.79147515716,10141230.55926695,3587444.7165265246,2.826867411377423,2167.6076599407415,2012.839196126108,946293.3160607413,878727.4158513,94625.47427810359,90065.88866446505,48061.03704927943,0.26818222427691585,65911.81831095176,0.13324575948519807,58.17370637402531,0.0,324634.2397410996,4161729.5568923573,346724449095.8893,52531053881.75587,110.86433111270928,42598352.15095936,-429951190.2240119,0.0,0.0,97244409.15536356,-1.0,0.0,47.850244048879944,80.0,49.95,51.66666666666666,100.0,35.99333333333333,41.541666666666664
2029,E_max_drag,util_improved,fcap_partial,3704461.126182737,746799.75,132263.986083075,101843.26928396775,29008.249999999996,10187.509530561898,-5045.873817263171,35373.45433024798,10164001.10096188,3593327.2923972546,2.828576490225877,2242.138093193532,2031.2664512587733,985762.05397477,893051.7684175738,96987.03877972042,90062.10707769921,48059.33762408128,0.2706487579074303,65686.90966259394,0.13326516218023615,52.87307347909887,0.0,325363.1549795834,4171074.0674864533,356182836207.45184,53995496362.351524,111.17557896762544,97462615.7301599,-429350194.5321326,0.0,0.0,458437928.8752854,-1.0,0.0,47.85324902733934,80.0,49.95,51.66666666666666,63.054049154928606,36.03333333333334,41.541666666666664
2030,E_max_drag,util_improved,fcap_partial,3723302.4563282323,1120199.625,165329.98260384376,127304.0866049597,31001.841981249992,22588.082992007203,13795.456328232307,43088.61281458333,10217717.277959872,3611603.382638385,2.8291360361102336,2316.8516113846686,2047.759230477358,1025297.0144761301,906213.1623179648,99401.77195661071,90053.09939832968,48055.28255005613,0.2728735704812852,65479.98863260138,0.13331097180108048,43.97321841035918,230524395.80376136,327082.68104494904,4193117.960502132,366997935708.94055,55711246559.048584,111.9105094074683,247237961.70550513,-167042704.57833314,0.0,0.0,1016463734.6403241,-1.0,0.0,49.164786477108336,80.0,49.95,51.66666666666666,49.124294151375494,36.07333333333334,41.541666666666664
2031,E_max_drag,util_improved,fcap_partial,3749005.6720363675,1493599.5,165329.98260384376,127304.0866049597,33132.44357141139,29266.043296057287,39498.67203636747,46049.87773026556,10287868.798487255,3636535.501875276,2.82903021108471,2392.765750886083,2063.2744079667027,1065556.402949398,918825.9467674143,101873.30080971977,90041.15371360492,48049.890174784094,0.2749775172178784,65281.86081800448,0.13337087774225173,42.35473873591428,292431243.3512787,329328.32425363036,4221906.543380071,378729574502.88605,57594519668.391846,112.87175865126122,450793519.1978528,-57997593.24421132,0.0,0.0,1316971948.322578,-1.0,0.0,49.710012033778945,80.0,49.95,51.66666666666666,41.951028959647694,36.11333333333334,41.541666666666664
2032,E_max_drag,util_improved,fcap_partial,3776751.5581387677,1866999.375,165329.98260384376,127304.0866049597,35409.47075585664,31277.352121578817,67244.55813876772,49214.655577278056,10362856.510592006,3663449.0113946046,2.828715911797846,2470.81381858456,2078.609767938901,1107159.0219289542,931414.3948577901,104405.06396006525,90028.1594431703,48044.00659181818,0.27706128137621344,65084.842227903486,0.13343501254803333,42.48838930574326,287319109.0553202,331728.7803685744,4252679.788899561,390998087975.5679,59572744812.4021,113.9010890208409,678766567.8065586,-8270157.966293722,0.0,0.0,1407480845.4710467,-1.0,0.0,49.95864921016853,80.0,49.95,51.66666666666666,38.43440712745665,36.153333333333336,41.541666666666664
2033,E_max_drag,util_improved,fcap_partial,3806680.1656980054,2240399.25,165329.98260384376,127304.0866049597,37842.98663355288,33426.88814613431,97173.16569800535,52596.93278182648,10443133.277172698,3692479.760727065,2.8282167957276494,2551.0226162068325,2093.7430643184002,1150125.51408818,943961.5716925182,106998.35293436573,90013.99453486784,48037.573140578796,0.27912233982781876,64889.07776304704,0.1335037825800674,42.78361880976574,276026580.52646035,334298.54613176204,4285623.5416579805,403844593907.6397,61653913087.89183,115.00508578203554,938182740.4422464,48164072.41173196,0.0,13726760.637343608,1490483205.9387004,9.0,0.009125561552147622,50.24082036205866,80.0,49.95,51.66666666666666,36.50555714131066,36.193333333333335,41.541666666666664
2034,E_max_drag,util_improved,fcap_partial,3838941.1711836806,2613799.125,165329.98260384376,127304.0866049597,40443.74588994379,35724.15103397739,129434.17118368065,56211.65698725749,10529060.395759227,3723772.93604817,2.827524818667683,2633.4162628977265,2108.6510900455974,1194474.404208567,956449.5328567734,109654.48895278129,89998.54578225732,48030.53461885239,0.28115802161700776,64694.732701710156,0.13357751892363917,43.20987165379728,259722409.2422541,337049.1871562865,4320886.0699153,417309264062.93933,63845899006.68397,116.18914117564275,1232633159.1716766,114269218.19218138,0.0,32566727.184771687,1575020069.3442106,9.0,0.020258145473132812,50.57134609096091,80.0,49.95,51.66666666666666,35.42228049729926,36.233333333333334,41.541666666666664
2035,E_max_drag,util_improved,fcap_partial,3873694.537978041,2987199.0,165329.98260384376,127304.0866049597,43223.242326230175,38179.293313787486,164187.537978041,60074.80311370676,10621024.074660135,3757483.7018386996,2.826632107402837,2718.0159389539504,2123.309707375878,1240221.855448606,968859.3312617671,112374.79854973675,89981.68834683755,48022.82998811057,0.2831655746477893,64501.97185832701,0.13365657712180432,43.73324194227128,239703495.70812356,339993.06648230285,4358625.864746485,431435693442.0016,66157310653.602394,117.45905760242414,1566072922.5970812,193330927.6867479,0.0,55099314.390723154,1662968884.7297137,9.0,0.03207050477910667,50.96665463843374,80.0,49.95,51.66666666666666,34.853775724547795,36.27333333333333,41.541666666666664
2036,E_max_drag,util_improved,fcap_partial,3911111.223343578,3360598.875,165329.98260384376,127304.0866049597,46193.75965510033,40803.16524677752,201604.22334357817,64203.44395769624,10719437.15846572,3793777.8866432705,2.8255310349626885,2804.8396302723204,2137.6938890397237,1287381.4220046322,981171.0334452809,115160.61012136131,89963.28456856708,48014.391765774075,0.28514217540518233,64310.95790009039,0.13374133902593838,44.32084189608429,217227797.47477597,343143.3998126707,4399012.348148577,446271210548.4883,68597564163.92,118.82108090273245,1942853410.0097842,288805396.5963714,0.0,82309538.02996583,1753832898.0750225,9.0,0.04482742537369224,51.44402698298186,80.0,49.95,51.66666666666666,34.63125701788624,36.31333333333333,41.541666666666664
2037,E_max_drag,util_improved,fcap_partial,3951373.93397697,3733998.75,165329.98260384376,127304.0866049597,49368.425787397086,43607.3627783623,241866.93397697015,68615.82564368889,10824740.97336749,3832832.715957661,2.8242143019442603,2893.9018766553727,2151.7777711307654,1335963.8008568436,993363.7463346049,118013.2499356638,89943.18266556035,48005.1453603374,0.28708494060724726,64121.84941199116,0.1338322147847659,44.94366539795393,193404798.52826223,346514.3145840773,4442226.630317692,461867215711.17633,71176966167.63992,120.2819365309534,2367756914.9918017,404226736.46900845,0.0,115204619.8936674,1847126705.132636,9.0,0.0587080369275169,52.021133682345045,80.0,49.95,51.66666666666666,34.66044061436617,36.35333333333334,41.541666666666664
2038,E_max_drag,util_improved,fcap_partial,3994677.933488471,4107398.625,165329.98260384376,127304.0866049597,52761.27084963594,46604.278785305236,285170.93348847097,73331.4482610514,10937407.300545178,3874837.5954838167,2.8226750234107607,2985.2135274815946,2165.5347185129804,1385976.585690289,1005415.6554390419,120934.03753981781,89921.21531502182,47995.00834526481,0.288990940915526,63934.798692866054,0.13392964498112894,45.577969375108275,169142671.4021085,350120.9131377734,4488462.319482004,478279549878.3892,73906805089.04524,121.84886888881633,2846033721.298005,543171789.3145274,0.0,154803959.9546403,1942388585.3840952,9.0,0.07381485324211687,52.71585894657264,80.0,49.95,51.66666666666666,34.88529526899524,36.39333333333334,41.541666666666664
2039,E_max_drag,util_improved,fcap_partial,4041231.905375321,4480798.5,165329.98260384376,127304.0866049597,56387.289188777155,49807.15784482532,331724.90537532093,78371.15204279214,11057940.486420797,3919994.948214061,2.8209068206730126,3078.7815085897396,2178.937403431838,1437424.0264683354,1017304.0753704266,123924.28049220447,89897.19810730164,47983.88966748238,0.2908572168175097,63749.94926611958,0.13403410292615772,46.20551083962563,145139210.3843196,353979.34027160367,4537926.387901845,495568896482.6599,76799452291.91202,123.52968410558134,3383441737.116908,709269421.7424674,0.0,202141785.1966032,2039180317.8205361,9.0,0.09018863684273291,53.54634710871234,80.0,49.95,51.66666666666666,35.27114390256942,36.43333333333334,41.541666666666664
2040,E_max_drag,util_improved,fcap_partial,4091258.875303006,4854198.375,165329.98260384376,127304.0866049597,60262.505638275856,53230.15476771093,381751.8753030058,83757.20946693301,11186879.69916115,3968521.1090439153,2.8189039170453754,3174.608604532905,2191.957897874649,1490306.798501495,1029005.5134882616,126985.2683396258,89870.9278648295,47971.688786233506,0.2926807967762122,63567.43309033371,0.1341460971209045,46.813061401984314,121900401.3741,358106.85547364503,4590840.097886835,513801219162.07526,79868474174.51764,125.33279657906479,3986288808.236258,906238108.2767465,0.0,258277860.85887274,2137079103.6881192,9.0,0.10782437218400893,54.53119054138374,80.0,49.95,51.66666666666666,35.79605417149589,36.473333333333336,41.541666666666664
2041,E_max_drag,util_improved,fcap_partial,4144997.1967702936,5227598.25,165329.98260384376,127304.0866049597,64404.04633826636,56888.397154121856,435490.19677029364,89513.42368754797,11324801.34142904,4020647.2808671845,2.816661236443122,3272.6932606127893,2204.567780050934,1544621.7851821799,1040495.7473282369,130118.26575234155,89842.1808176137,47958.294738039076,0.29445871771875665,63387.36745700249,0.1342661738958891,47.391568068247736,99772521.38952409,362521.91015757254,4647439.991933904,533048238320.21436,83128756445.4277,127.26727961956699,4661477836.64488,1137937630.1870937,0.0,324312224.6033217,2235665647.332162,9.0,0.12668555777715526,55.68968815093547,80.0,49.95,51.66666666666666,36.446137674104435,36.513333333333335,41.541666666666664
2042,E_max_drag,util_improved,fcap_partial,4202701.604514106,5600998.125,165329.98260384376,127304.0866049597,68830.2144228637,60798.05224853887,493194.6045141062,95665.23373047469,11472321.630040826,4076620.556378683,2.8141745034597587,3373.029409291518,2216.7382551535943,1600361.8788291318,1051749.916297102,133324.50472127352,89810.71062698163,47943.58512350881,0.2961880479080799,63209.851565138495,0.13439492023938304,47.93522495888452,78977645.32266717,367244.23024091916,4707978.951359883,553387949707.4246,86596641952.48933,129.34292056916743,5416554839.150065,1408424690.4765787,0.0,401401036.7858249,2334511314.3984246,9.0,0.146715605349008,57.042123452382896,80.0,49.95,51.66666666666666,37.21283762743598,36.553333333333335,41.541666666666664
2043,E_max_drag,util_improved,fcap_partial,4264644.340309638,5974398.0,165329.98260384376,127304.0866049597,73560.570909075,64976.39838931969,555137.3403096376,102239.82691860155,11630099.353887422,4136705.0101003484,2.8114403433386945,3475.606325680625,2228.440290316555,1657515.8042860243,1062742.6279022256,136605.1757128475,89776.24624928858,47927.425011790096,0.29786591220960706,63034.96276548992,0.13453296682563415,48.44061646982708,59646420.0291143,372294.90442978434,4772727.328089328,574905188410.5388,90290083595.13814,131.57028080172043,6259760091.187227,1722006218.682683,0.0,490771772.32456464,2433166155.194822,9.0,0.1678461665364169,58.61003109341341,80.0,49.95,51.66666666666666,38.091292563621884,36.593333333333334,41.541666666666664
2044,E_max_drag,util_improved,fcap_partial,4331116.356141087,6347797.875,165329.98260384376,127304.0866049597,78616.02114480117,69441.9013686257,621609.3561410867,109266.25902358242,11744580.740285419,4201182.865456854,2.8092281900215927,3580.4085168077245,2239.644763406339,1716067.9700287697,1073448.0785312795,139980.5083858137,89750.72994921399,47915.429138945154,0.29944867496992916,62874.99278833792,0.1346333511733347,48.88460906680331,42663703.1947735,375959.60543629684,4819707.876130532,594987412052.0254,93687475539.78041,133.19116507390586,7186376229.433442,2203761860.598499,0.0,628072130.2705721,2496813431.317584,9.0,0.20099044201521665,61.018809302992494,80.0,49.95,51.66666666666666,38.693793021871315,36.63333333333333,41.541666666666664
2045,E_max_drag,util_improved,fcap_partial,4402428.600060299,6721197.75,165329.98260384376,127304.0866049597,84018.90719797762,74214.29604018448,692921.600060299,116775.58267497811,11808557.63735021,4270355.74205849,2.807610665221065,3687.4156492454426,2250.3226249774243,1775998.351537535,1083840.1885085409,143456.93225431078,89736.2872391355,47908.62816665206,0.3009247689038805,62732.41573940641,0.13468952888967967,49.26282414412783,28196976.48711037,378007.5907590095,4845962.534469751,613131070011.8986,96683991606.8953,134.09870617567108,8204002458.447354,2886644552.2760487,0.0,822693697.3986738,2516949624.409628,9.0,0.24634178507218957,64.43322276138025,80.0,49.95,51.66666666666666,38.96359672776861,36.67333333333333,41.541666666666664
2026,E_max_drag,util_improved,fcap_high,3705055.5916,74679.975,33065.99652076875,25460.817320991937,0.0,0.0,-4451.408400000073,0.0,10141419.983388092,3593903.923852,2.8218394810394285,2022.8608386219394,1973.522769387258,870073.9380946757,848852.622531391,90065.85729695886,90065.85729695886,48061.022960284165,0.262943960601669,66383.58406431176,0.13324592085275141,56.48489111436993,0.0,324640.30345843616,4161807.292228237,330023427262.5827,50000980743.5128,110.86691960867587,65388815.23073341,-388363332.2999384,0.0,0.0,0.0,-1.0,0.0,48.05818333850031,80.0,69.9,51.66666666666666,17.0828370284787,35.913333333333334,41.541666666666664
2027,E_max_drag,util_improved,fcap_high,3700609.52489008,224039.92500000002,66131.9930415375,50921.634641983874,3819.1225981487905,0.0,-8897.475109919906,3819.1225981487905,10138591.969245598,3589591.2391433776,2.824441919371599,2094.164752895718,1993.2561598055613,907501.2291789218,863772.7344951071,92317.98357652809,90066.32544051521,48061.233218176545,0.265571775029994,66147.25152284847,0.13324351178011645,57.91136618998981,0.0,324549.77497515595,4160646.7397710816,338180587363.98334,51233141206.15149,110.82827582316045,46859395.25643676,-411067494.1864199,0.0,0.0,0.0,-1.0,0.0,47.9446625290679,80.0,69.9,51.66666666666666,100.0,35.95333333333333,41.541666666666664
2028,E_max_drag,util_improved,fcap_high,3698396.614975799,448079.85000000003,99197.98956230625,76382.45196297581,15276.490392595162,2160.9868701191904,-11110.385024201125,16867.79147515716,10141230.55926695,3587444.7165265246,2.826867411377423,2167.6076599407415,2012.839196126108,946293.3160607413,878727.4158513,94625.47427810359,90065.88866446505,48061.03704927943,0.26818222427691585,65911.81831095176,0.13324575948519807,58.17370637402531,0.0,324634.2397410996,4161729.5568923573,346724449095.8893,52531053881.75587,110.86433111270928,42598352.15095936,-429951190.2240119,0.0,0.0,97244409.15536356,-1.0,0.0,47.850244048879944,80.0,69.9,51.66666666666666,100.0,35.99333333333333,41.541666666666664
2029,E_max_drag,util_improved,fcap_high,3704461.126182737,746799.75,132263.986083075,101843.26928396775,29008.249999999996,10187.509530561898,-5045.873817263171,35373.45433024798,10164001.10096188,3593327.2923972546,2.828576490225877,2242.138093193532,2031.2664512587733,985762.05397477,893051.7684175738,96987.03877972042,90062.10707769921,48059.33762408128,0.2706487579074303,65686.90966259394,0.13326516218023615,52.87307347909887,0.0,325363.1549795834,4171074.0674864533,356182836207.45184,53995496362.351524,111.17557896762544,97462615.7301599,-429350194.5321326,0.0,0.0,458437928.8752854,-1.0,0.0,47.85324902733934,80.0,69.9,51.66666666666666,58.06654915492861,36.03333333333334,41.541666666666664
2030,E_max_drag,util_improved,fcap_high,3723302.4563282323,1120199.625,165329.98260384376,127304.0866049597,31001.841981249992,22588.082992007203,13795.456328232307,43088.61281458333,10217717.277959872,3611603.382638385,2.8291360361102336,2316.8516113846686,2047.759230477358,1025297.0144761301,906213.1623179648,99401.77195661071,90053.09939832968,48055.28255005613,0.2728735704812852,65479.98863260138,0.13331097180108048,43.97321841035918,230524395.80376136,327082.68104494904,4193117.960502132,366997935708.94055,55711246559.048584,111.9105094074683,247237961.70550513,-167042704.57833314,0.0,0.0,1016463734.6403241,-1.0,0.0,49.164786477108336,80.0,69.9,51.66666666666666,44.1367941513755,36.07333333333334,41.541666666666664
2031,E_max_drag,util_improved,fcap_high,3749005.6720363675,1493599.5,165329.98260384376,127304.0866049597,33132.44357141139,29266.043296057287,39498.67203636747,46049.87773026556,10287868.798487255,3636535.501875276,2.82903021108471,2392.765750886083,2063.2744079667027,1065556.402949398,918825.9467674143,101873.30080971977,90041.15371360492,48049.890174784094,0.2749775172178784,65281.86081800448,0.13337087774225173,42.35473873591428,292431243.3512787,329328.32425363036,4221906.543380071,378729574502.88605,57594519668.391846,112.87175865126122,450793519.1978528,-57997593.24421132,0.0,0.0,1316971948.322578,-1.0,0.0,49.710012033778945,80.0,69.9,51.66666666666666,36.96352895964769,36.11333333333334,41.541666666666664
2032,E_max_drag,util_improved,fcap_high,3776751.5581387677,1866999.375,165329.98260384376,127304.0866049597,35409.47075585664,31277.352121578817,67244.55813876772,49214.655577278056,10362856.510592006,3663449.0113946046,2.828715911797846,2470.81381858456,2078.609767938901,1107159.0219289542,931414.3948577901,104405.06396006525,90028.1594431703,48044.00659181818,0.27706128137621344,65084.842227903486,0.13343501254803333,42.48838930574326,287319109.0553202,331728.7803685744,4252679.788899561,390998087975.5679,59572744812.4021,113.9010890208409,678766567.8065586,-8270157.966293722,0.0,0.0,1407480845.4710467,-1.0,0.0,49.95864921016853,80.0,69.9,51.66666666666666,33.446907127456655,36.153333333333336,41.541666666666664
2033,E_max_drag,util_improved,fcap_high,3806680.1656980054,2240399.25,165329.98260384376,127304.0866049597,37842.98663355288,33426.88814613431,97173.16569800535,52596.93278182648,10443133.277172698,3692479.760727065,2.8282167957276494,2551.0226162068325,2093.7430643184002,1150125.51408818,943961.5716925182,106998.35293436573,90013.99453486784,48037.573140578796,0.27912233982781876,64889.07776304704,0.1335037825800674,42.78361880976574,276026580.52646035,334298.54613176204,4285623.5416579805,403844593907.6397,61653913087.89183,115.00508578203554,938182740.4422464,48164072.41173196,0.0,27453521.274687216,1476756445.3013568,9.0,0.018251123104295244,50.24082036205866,80.0,69.9,51.66666666666666,31.518057141310663,36.193333333333335,41.541666666666664
2034,E_max_drag,util_improved,fcap_high,3838941.1711836806,2613799.125,165329.98260384376,127304.0866049597,40443.74588994379,35724.15103397739,129434.17118368065,56211.65698725749,10529060.395759227,3723772.93604817,2.827524818667683,2633.4162628977265,2108.6510900455974,1194474.404208567,956449.5328567734,109654.48895278129,89998.54578225732,48030.53461885239,0.28115802161700776,64694.732701710156,0.13357751892363917,43.20987165379728,259722409.2422541,337049.1871562865,4320886.0699153,417309264062.93933,63845899006.68397,116.18914117564275,1232633159.1716766,114269218.19218138,0.0,65133454.36954337,1542453342.159439,9.0,0.040516290946265625,50.57134609096091,80.0,69.9,51.66666666666666,30.434780497299265,36.233333333333334,41.541666666666664
2035,E_max_drag,util_improved,fcap_high,3873694.537978041,2987199.0,165329.98260384376,127304.0866049597,43223.242326230175,38179.293313787486,164187.537978041,60074.80311370676,10621024.074660135,3757483.7018386996,2.826632107402837,2718.0159389539504,2123.309707375878,1240221.855448606,968859.3312617671,112374.79854973675,89981.68834683755,48022.82998811057,0.2831655746477893,64501.97185832701,0.13365657712180432,43.73324194227128,239703495.70812356,339993.06648230285,4358625.864746485,431435693442.0016,66157310653.602394,117.45905760242414,1566072922.5970812,193330927.6867479,0.0,110198628.78144631,1607869570.3389907,9.0,0.06414100955821334,50.96665463843374,80.0,69.9,51.66666666666666,29.86627572454779,36.27333333333333,41.541666666666664
2036,E_max_drag,util_improved,fcap_high,3911111.223343578,3360598.875,165329.98260384376,127304.0866049597,46193.75965510033,40803.16524677752,201604.22334357817,64203.44395769624,10719437.15846572,3793777.8866432705,2.8255310349626885,2804.8396302723204,2137.6938890397237,1287381.4220046322,981171.0334452809,115160.61012136131,89963.28456856708,48014.391765774075,0.28514217540518233,64310.95790009039,0.13374133902593838,44.32084189608429,217227797.47477597,343143.3998126707,4399012.348148577,446271210548.4883,68597564163.92,118.82108090273245,1942853410.0097842,288805396.5963714,0.0,164619076.05993167,1671523360.0450566,9.0,0.08965485074738448,51.44402698298186,80.0,69.9,51.66666666666666,29.643757017886237,36.31333333333333,41.541666666666664
2037,E_max_drag,util_improved,fcap_high,3951373.93397697,3733998.75,165329.98260384376,127304.0866049597,49368.425787397086,43607.3627783623,241866.93397697015,68615.82564368889,10824740.97336749,3832832.715957661,2.8242143019442603,2893.9018766553727,2151.7777711307654,1335963.8008568436,993363.7463346049,118013.2499356638,89943.18266556035,48005.1453603374,0.28708494060724726,64121.84941199116,0.1338322147847659,44.94366539795393,193404798.52826223,346514.3145840773,4442226.630317692,461867215711.17633,71176966167.63992,120.2819365309534,2367756914.9918017,404226736.46900845,0.0,230409239.7873348,1731922085.2389688,9.0,0.1174160738550338,52.021133682345045,80.0,69.9,51.66666666666666,29.672940614366166,36.35333333333334,41.541666666666664
2038,E_max_drag,util_improved,fcap_high,3994677.933488471,4107398.625,165329.98260384376,127304.0866049597,52761.27084963594,46604.278785305236,285170.93348847097,73331.4482610514,10937407.300545178,3874837.5954838167,2.8226750234107607,2985.2135274815946,2165.5347185129804,1385976.585690289,1005415.6554390419,120934.03753981781,89921.21531502182,47995.00834526481,0.288990940915526,63934.798692866054,0.13392964498112894,45.577969375108275,169142671.4021085,350120.9131377734,4488462.319482004,478279549878.3892,73906805089.04524,121.84886888881633,2846033721.298005,543171789.3145274,0.0,309607919.9092806,1787584625.429455,9.0,0.14762970648423374,52.71585894657264,80.0,69.9,51.66666666666666,29.897795268995246,36.39333333333334,41.541666666666664
2039,E_max_drag,util_improved,fcap_high,4041231.905375321,4480798.5,165329.98260384376,127304.0866049597,56387.289188777155,49807.15784482532,331724.90537532093,78371.15204279214,11057940.486420797,3919994.948214061,2.8209068206730126,3078.7815085897396,2178.937403431838,1437424.0264683354,1017304.0753704266,123924.28049220447,89897.19810730164,47983.88966748238,0.2908572168175097,63749.94926611958,0.13403410292615772,46.20551083962563,145139210.3843196,353979.34027160367,4537926.387901845,495568896482.6599,76799452291.91202,123.52968410558134,3383441737.116908,709269421.7424674,0.0,404283570.3932064,1837038532.623933,9.0,0.18037727368546583,53.54634710871234,80.0,69.9,51.66666666666666,30.283643902569413,36.43333333333334,41.541666666666664
2040,E_max_drag,util_improved,fcap_high,4091258.875303006,4854198.375,165329.98260384376,127304.0866049597,60262.505638275856,53230.15476771093,381751.8753030058,83757.20946693301,11186879.69916115,3968521.1090439153,2.8189039170453754,3174.608604532905,2191.957897874649,1490306.798501495,1029005.5134882616,126985.2683396258,89870.9278648295,47971.688786233506,0.2926807967762122,63567.43309033371,0.1341460971209045,46.813061401984314,121900401.3741,358106.85547364503,4590840.097886835,513801219162.07526,79868474174.51764,125.33279657906479,3986288808.236258,906238108.2767465,0.0,516555721.7177455,1878801242.8292463,9.0,0.21564874436801787,54.53119054138374,80.0,69.9,51.66666666666666,30.808554171495896,36.473333333333336,41.541666666666664
2041,E_max_drag,util_improved,fcap_high,4144997.1967702936,5227598.25,165329.98260384376,127304.0866049597,64404.04633826636,56888.397154121856,435490.19677029364,89513.42368754797,11324801.34142904,4020647.2808671845,2.816661236443122,3272.6932606127893,2204.567780050934,1544621.7851821799,1040495.7473282369,130118.26575234155,89842.1808176137,47958.294738039076,0.29445871771875665,63387.36745700249,0.1342661738958891,47.391568068247736,99772521.38952409,362521.91015757254,4647439.991933904,533048238320.21436,83128756445.4277,127.26727961956699,4661477836.64488,1137937630.1870937,0.0,648624449.2066433,1911353422.72884,9.0,0.2533711155543105,55.68968815093547,80.0,69.9,51.66666666666666,31.458637674104434,36.513333333333335,41.541666666666664
2042,E_max_drag,util_improved,fcap_high,4202701.604514106,5600998.125,165329.98260384376,127304.0866049597,68830.2144228637,60798.05224853887,493194.6045141062,95665.23373047469,11472321.630040826,4076620.556378683,2.8141745034597587,3373.029409291518,2216.7382551535943,1600361.8788291318,1051749.916297102,133324.50472127352,89810.71062698163,47943.58512350881,0.2961880479080799,63209.851565138495,0.13439492023938304,47.93522495888452,78977645.32266717,367244.23024091916,4707978.951359883,553387949707.4246,86596641952.48933,129.34292056916743,5416554839.150065,1408424690.4765787,0.0,802802073.5716498,1933110277.6125996,9.0,0.293431210698016,57.042123452382896,80.0,69.9,51.66666666666666,32.22533762743598,36.553333333333335,41.541666666666664
2043,E_max_drag,util_improved,fcap_high,4264644.340309638,5974398.0,165329.98260384376,127304.0866049597,73560.570909075,64976.39838931969,555137.3403096376,102239.82691860155,11630099.353887422,4136705.0101003484,2.8114403433386945,3475.606325680625,2228.440290316555,1657515.8042860243,1062742.6279022256,136605.1757128475,89776.24624928858,47927.425011790096,0.29786591220960706,63034.96276548992,0.13453296682563415,48.44061646982708,59646420.0291143,372294.90442978434,4772727.328089328,574905188410.5388,90290083595.13814,131.57028080172043,6259760091.187227,1722006218.682683,0.0,981543544.6491293,1942394382.870257,9.0,0.3356923330728338,58.61003109341341,80.0,69.9,51.66666666666666,33.10379256362188,36.593333333333334,41.541666666666664
2044,E_max_drag,util_improved,fcap_high,4331116.356141087,6347797.875,165329.98260384376,127304.0866049597,78616.02114480117,69441.9013686257,621609.3561410867,109266.25902358242,11744580.740285419,4201182.865456854,2.8092281900215927,3580.4085168077245,2239.644763406339,1716067.9700287697,1073448.0785312795,139980.5083858137,89750.72994921399,47915.429138945154,0.29944867496992916,62874.99278833792,0.1346333511733347,48.88460906680331,42663703.1947735,375959.60543629684,4819707.876130532,594987412052.0254,93687475539.78041,133.19116507390586,7186376229.433442,2203761860.598499,0.0,1256144260.5411441,1868741301.047012,9.0,0.4019808840304333,61.018809302992494,80.0,69.9,51.66666666666666,33.70629302187131,36.63333333333333,41.541666666666664
2045,E_max_drag,util_improved,fcap_high,4402428.600060299,6721197.75,165329.98260384376,127304.0866049597,84018.90719797762,74214.29604018448,692921.600060299,116775.58267497811,11808557.63735021,4270355.74205849,2.807610665221065,3687.4156492454426,2250.3226249774243,1775998.351537535,1083840.1885085409,143456.93225431078,89736.2872391355,47908.62816665206,0.3009247689038805,62732.41573940641,0.13468952888967967,49.26282414412783,28196976.48711037,378007.5907590095,4845962.534469751,613131070011.8986,96683991606.8953,134.09870617567108,8204002458.447354,2886644552.2760487,0.0,1645387394.7973475,1694255927.010954,9.0,0.49268357014437913,64.43322276138025,80.0,69.9,51.66666666666666,33.976096727768606,36.67333333333333,41.541666666666664
2026,E_max_drag,util_current_drag,fcap_none,3705055.5916,74679.975,33065.99652076875,25460.817320991937,0.0,0.0,-4451.408400000073,0.0,10141419.983388092,3593903.923852,2.8218394810394285,2022.8608386219394,1973.522769387258,870073.9380946757,848852.622531391,90065.85729695886,90065.85729695886,48061.022960284165,0.262943960601669,66383.58406431176,0.13324592085275141,56.48489111436993,0.0,324640.30345843616,4161807.292228237,330023427262.5827,50000980743.5128,110.86691960867587,65388815.23073341,-388363332.2999384,0.0,0.0,0.0,-1.0,0.0,48.05818333850031,80.0,30.0,22.499999999999996,34.5578370284787,35.913333333333334,48.833333333333336
2027,E_max_drag,util_current_drag,fcap_none,3700609.52489008,224039.92500000002,66131.9930415375,50921.634641983874,3819.1225981487905,0.0,-8897.475109919906,3819.1225981487905,10138591.969245598,3589591.2391433776,2.824441919371599,2094.164752895718,1993.2561598055613,907501.2291789218,863772.7344951071,92317.98357652809,90066.32544051521,48061.233218176545,0.265571775029994,66147.25152284847,0.13324351178011645,57.91136618998981,0.0,324549.77497515595,4160646.7397710816,338180587363.98334,51233141206.15149,110.82827582316045,46859395.25643676,-411067494.1864199,0.0,0.0,0.0,-1.0,0.0,47.9446625290679,80.0,30.0,22.499999999999996,100.0,35.95333333333333,48.833333333333336
2028,E_max_drag,util_current_drag,fcap_none,3696359.74959012,448079.85000000003,99197.98956230625,76382.45196297581,15276.490392595162,185.22744601021634,-13147.250409880187,18904.656860836512,10136271.403112438,3585468.957102416,2.827042019993956,2167.965613639257,2013.1715917196857,946527.728760842,878945.0913465257,94626.33648766797,90066.70932794096,48061.40561324049,0.26822406725968606,65908.65022730472,0.13324153509432246,59.25374026184294,0.0,324475.49057564395,4159694.432394905,346556522872.7568,52498945626.779724,110.7965681430354,27881768.49003739,-435234683.9185683,0.0,0.0,8335235.070459736,-1.0,0.0,47.82382658040716,80.0,30.0,22.499999999999996,100.0,35.99333333333333,48.833333333333336
2029,E_max_drag,util_current_drag,fcap_none,3696316.108878483,746799.75,132263.986083075,101843.26928396775,29008.249999999996,4260.231258234976,-13190.891121516936,43520.9158729654,10144217.042205362,3585426.6256121285,2.829291490653074,2243.620028885932,2032.609011854855,986739.5209741319,893937.3052759161,96990.5783741899,90065.39394303848,48060.814826230904,0.2708177589017648,65674.08580078022,0.13324830370330473,58.201633687180994,0.0,324729.84102070227,4162955.1413264466,355496214371.1634,53864151675.961235,110.90514305097473,38265842.95395309,-450084187.0836325,0.0,0.0,191710406.6205739,-1.0,0.0,47.74957906458184,80.0,30.0,22.499999999999996,84.79963027598458,36.03333333333334,48.833333333333336
2030,E_max_drag,util_current_drag,fcap_none,3707843.6079207943,1120199.625,165329.98260384376,127304.0866049597,31001.841981249992,15484.186021776442,-1663.392079205718,58559.67948124999,10180267.899293607,3596608.2996831704,2.8305189364631116,2319.75298568525,2050.323622592887,1027223.5738980891,907915.9601233978,99408.71796346897,90059.3921377217,48058.11644894006,0.27319619738815915,65455.50866660706,0.13327902898856162,49.08842048594509,34867916.41260019,325883.8767675933,4177749.5902464893,365666022684.4242,55456126605.67452,111.39803471509465,134664618.22832447,-400852521.4690677,0.0,0.0,696788370.9799399,-1.0,0.0,47.99573739265466,80.0,30.0,22.499999999999996,70.85710605834635,36.07333333333334,48.833333333333336
2031,E_max_drag,util_current_drag,fcap_none,3732502.125190352,1493599.5,165329.98260384376,127304.0866049597,33132.44357141139,28234.69171109062,22995.12519035209,62584.193453598884,10248047.241141316,3620527.0614346415,2.8305401581725795,2395.9464746571257,2066.0171361059593,1067681.788603713,920658.6601560878,101881.00132384775,90047.95984603373,48052.96451340291,0.275322235791481,65255.754212762215,0.1333368610230285,43.1195325022289,263177881.78974456,328053.58339069894,4205564.685137174,377278375099.31836,57315988620.611984,112.32590308404924,332151454.5957719,-124987914.44121665,0.0,0.0,1270561126.999078,-1.0,0.0,49.37506042779392,80.0,30.0,22.499999999999996,60.91097117250558,36.11333333333334,48.833333333333336
2032,E_max_drag,util_current_drag,fcap_none,3759131.4947008817,1866999.375,165329.98260384376,127304.0866049597,35409.47075585664,30175.12089893532,49624.49470088165,66885.29214869745,10320341.579991493,3646357.5498598553,2.8303153047588947,2474.2987521371424,2081.541521383264,1109502.2190020925,933385.6450943706,104413.64056338124,90035.55502133026,48047.35739565211,0.277429269477836,65057.056764731096,0.13339863829637955,43.148220763894976,262080555.78101718,330367.8210557491,4235232.631746853,389410575030.19946,59267395737.322205,113.31727183577365,548152222.7474953,-75850546.29028177,0.0,0.0,1357880440.4520895,-1.0,0.0,49.62074726854859,80.0,30.0,22.499999999999996,55.92173460114675,36.153333333333336,48.833333333333336
2033,E_max_drag,util_current_drag,fcap_none,3787866.8318378744,2240399.25,165329.98260384376,127304.0866049597,37842.98663355288,32248.906082714642,78359.83183787437,71481.98385161668,10397739.599822488,3674230.826882738,2.829909194530398,2554.8384937759693,2096.8749327479118,1152707.0546678079,946080.3622706628,107007.912129592,90022.03635348708,48041.228048751196,0.2795148856016769,64859.53716051215,0.13346488147536556,43.35118659577548,254317112.71158785,332845.4343176171,4266995.012544048,402107888273.50256,61319102708.95018,114.38055289478783,794415887.2491785,-20988524.211486056,0.0,0.0,1451200773.722159,-1.0,0.0,49.89505737894257,80.0,30.0,22.499999999999996,53.0758022524252,36.193333333333335,48.833333333333336
2034,E_max_drag,util_current_drag,fcap_none,3818852.53818941,2613799.125,165329.98260384376,127304.0866049597,40443.74588994379,34465.21215324921,109345.53818941023,76394.58319181902,10480589.811561728,3704286.9620437277,2.8293136895040605,2637.591781059616,2111.9945458629036,1197316.4498256145,958725.2393877842,109665.15080357708,90007.29645973649,48034.52418827862,0.28157644487957817,64663.36190938165,0.13353590915196104,43.7020144772361,240897946.24571925,335497.57947329356,4300994.8484589225,415409274051.6815,63478717003.36512,115.52092971203245,1074424986.8278852,42359431.167497,0.0,0.0,1550934546.8962145,10.0,0.0,50.21179715583749,80.0,30.0,22.499999999999996,51.36317865179943,36.233333333333334,48.833333333333336
2035,E_max_drag,util_current_drag,fcap_none,3852242.9397399556,2987199.0,165329.98260384376,127304.0866049597,43223.242326230175,36833.83385848125,142735.9397399556,81644.80092167677,10569264.751818068,3736675.651547757,2.828520786234204,2722.5818409881404,2126.8765827474235,1243348.2769514853,971301.6867429373,112386.69843670061,89991.21692383135,48027.18799911421,0.28361122191037114,64468.69793086227,0.133612063430941,44.168032181740806,223072769.04841417,338336.1819136945,4337385.02001293,429357001963.88416,65754551806.511696,116.7439790396329,1392017371.099664,117384683.84932928,0.0,0.0,1657522523.6316564,10.0,0.0,50.586923419246645,80.0,30.0,22.499999999999996,50.33315611556365,36.27333333333333,48.833333333333336
2036,E_max_drag,util_current_drag,fcap_none,3885620.2482122676,3360598.875,165329.98260384376,127304.0866049597,46193.75965510033,36860.0,176113.24821226764,89838.5605767771,10657874.496869184,3769051.6407658993,2.827733741186795,2810.3939932766352,2141.927117821748,1291207.3747620669,984086.9633761941,115175.40315746996,89974.84086473183,48019.69354466697,0.2856701403062558,64271.71545087085,0.13368829677657457,44.973630554708265,192258631.28240886,341172.6973691129,4373748.4369427385,443738187354.1458,68105465962.33036,117.96869436487451,1727937973.2221615,188407782.0532264,0.0,0.0,1658700000.0,10.0,0.0,50.942038910266135,80.0,30.0,22.499999999999996,50.05040677657978,36.31333333333333,48.833333333333336
2037,E_max_drag,util_current_drag,fcap_none,3918957.503914413,3733998.75,165329.98260384376,127304.0866049597,49368.425787397086,36860.0,209450.50391441304,101206.9863641742,10746410.355483003,3801388.7787969806,2.826969557921382,2901.1295859620695,2157.1519769211563,1340971.9101491168,997087.5554718247,118032.92192118433,89958.17556667977,48012.04457699949,0.2877539874501624,64072.35184362589,0.13376459904654328,45.837278244207795,159224107.15905184,344006.84762168344,4410081.53256507,458565307291.02954,70533730970.42168,119.19493353922634,2084937258.945088,268645679.9464421,0.0,0.0,1658700000.0,10.0,0.0,51.34322839973221,80.0,30.0,22.499999999999996,50.25888690000011,36.35333333333334,48.833333333333336
2038,E_max_drag,util_current_drag,fcap_none,3952254.7549097156,4107398.625,165329.98260384376,127304.0866049597,52761.27084963594,36860.0,242747.75490971562,115968.25721381014,10834873.261689458,3833687.112262424,2.8262278439555106,2994.8876251865586,2172.5525061042285,1392719.2841846938,1010306.9463137744,120960.95026044376,89941.22642682581,48004.24397651494,0.28986295950123864,63870.59635357507,0.13384096843351595,46.732541255749,124980296.96760082,346838.66257094307,4446384.690184496,473851587164.2261,73041762070.47812,120.42268745362134,2464237782.1508923,359984251.8729193,0.0,0.0,1658700000.0,10.0,0.0,51.799921259364595,80.0,30.0,22.499999999999996,50.80007928922522,36.39333333333334,48.833333333333336
2039,E_max_drag,util_current_drag,fcap_none,3985512.049203824,4480798.5,165329.98260384376,127304.0866049597,56387.289188777155,36860.0,276005.0492038238,134355.5464025873,10923263.52113801,3865946.687727709,2.8255080588186763,3091.770531027951,2188.1300878576967,1446530.1021044767,1023748.6927447709,123961.22556050729,89923.99881262843,47996.29459924666,0.291997257695405,63666.43775833607,0.13391740265986316,47.643071938609474,90152498.34818764,349668.1520011364,4482658.035232576,489610606040.11707,75632042025.94858,121.65193866505476,2867104639.563772,463956128.6889818,0.0,0.0,1658700000.0,10.0,0.0,52.31978064344491,80.0,30.0,22.499999999999996,51.57236779392705,36.43333333333334,48.833333333333336
2040,E_max_drag,util_current_drag,fcap_none,4018729.434744779,4854198.375,165329.98260384376,127304.0866049597,60262.505638275856,36860.0,309222.434744779,156618.05204086314,11011581.444446515,3898167.5517024356,2.824809682600087,3191.884257150166,2203.8861409787833,1502488.3082712293,1037416.4264145606,127035.52793978393,89906.49795070942,47988.19922642978,0.2941570886927947,63459.86425896402,0.13399389951970123,48.5577013069673,55167925.00850066,352495.3258555529,4518901.695179789,505856332771.4266,78307128173.98795,122.88267013435105,3294869223.9148445,581950578.5484616,0.0,0.0,1658700000.0,10.0,0.0,52.909752892742304,80.0,30.0,22.499999999999996,52.507782098683776,36.473333333333336,48.833333333333336
2041,E_max_drag,util_current_drag,fcap_none,4051906.959423085,5227598.25,165329.98260384376,127304.0866049597,64404.04633826636,36860.0,342399.9594230852,183022.09837912954,11099827.34718489,3930349.750640393,2.824132215046851,3295.3384147334677,2219.822120489606,1560681.3269322747,1051313.8550717083,130185.68130028762,89888.72893146588,47979.96056695339,0.2963426645645958,63250.86348559061,0.13407045687661456,49.468739653580485,20320708.250546444,355320.1942360042,4555115.799528827,522603136963.3783,81069654611.23335,124.11486521926723,3748932571.0835996,715281500.7929257,0.0,0.0,1658700000.0,10.0,0.0,53.57640750396463,80.0,30.0,22.499999999999996,53.559281502459356,36.513333333333335,48.833333333333336
2042,E_max_drag,util_current_drag,fcap_none,4085044.6710717776,5600998.125,165329.98260384376,127304.0866049597,68830.2144228637,36860.0,375537.6710717776,213852.31280199322,11188001.54986329,3962493.330939624,2.8234751747103344,3402.2464008409515,2235.939517582472,1621200.20902466,1065444.7638992914,133413.55440385634,89870.6967134898,47971.581259710445,0.29855420278456823,63039.422502500136,0.1341470726614768,50.37081201107033,0.0,358142.7674024453,4591300.4798097415,539865800244.4056,83922334442.63942,125.34850766787014,4230768873.1545873,879418676.7256898,0.0,0.0,1658700000.0,10.0,0.0,54.39709338362845,80.0,30.0,22.499999999999996,54.693397877636855,36.553333333333335,48.833333333333336
2043,E_max_drag,util_current_drag,fcap_none,4118142.6174664916,5974398.0,165329.98260384376,127304.0866049597,73560.570909075,36860.0,408635.61746649165,249412.8837110682,11276104.377924584,3994598.3389424966,2.822838098137733,3512.7255313833657,2252.2398595949703,1684139.7852930713,1079813.016894888,136721.0619747672,89852.40612780506,47963.06387585065,0.30079192622506856,62825.52781266542,0.13422374487036526,51.26008353091833,0.0,360963.0557727342,4627455.869576857,557659527849.8114,86867962095.17485,126.58358161217598,4741929165.563254,1081301107.798277,0.0,0.0,1658700000.0,10.0,0.0,55.40650553899138,80.0,30.0,22.499999999999996,55.88577562431149,36.593333333333334,48.833333333333336
2044,E_max_drag,util_current_drag,fcap_none,4151200.846325532,6347797.875,165329.98260384376,127304.0866049597,78616.02114480117,36860.0,441693.84632553207,290028.9048558694,11364136.161741054,4026664.820935766,2.822220539106137,3626.897178850494,2268.7247100138525,1749598.825997449,1094422.5582953207,140110.1658293951,89833.86188193069,47954.41092094099,0.30305606315743,62609.165361764455,0.1343004715625651,52.13375350275954,0.0,363781.0699225257,4663582.104407421,575999960527.0074,89909415698.23508,127.82007156204476,5284045196.908269,1301820542.3011048,0.0,0.0,1658700000.0,10.0,0.0,56.50910271150553,80.0,30.0,22.499999999999996,57.118359628490225,36.63333333333333,48.833333333333336
2045,E_max_drag,util_current_drag,fcap_none,4184219.4053099416,6721197.75,165329.98260384376,127304.0866049597,84018.90719797762,36860.0,474712.4053099416,336047.812053847,11452097.236615082,4058692.823150643,2.82162206789652,3744.886914983672,2285.3956685067837,1817680.2074996943,1109277.4140466738,143582.8760335769,89815.06856377843,47945.62483703823,0.30534684725655875,62390.32054169703,0.1343772508586584,52.98972851711823,0.0,366596.82058529387,4699679.321901876,594903186771.1935,93049659532.67761,129.057962399319,5858833490.431117,1542260754.2944326,0.0,0.0,1658700000.0,10.0,0.0,57.71130377147216,80.0,30.0,22.499999999999996,58.37756194355809,36.67333333333333,48.833333333333336
2026,E_max_drag,util_current_drag,fcap_partial,3705055.5916,74679.975,33065.99652076875,25460.817320991937,0.0,0.0,-4451.408400000073,0.0,10141419.983388092,3593903.923852,2.8218394810394285,2022.8608386219394,1973.522769387258,870073.9380946757,848852.622531391,90065.85729695886,90065.85729695886,48061.022960284165,0.262943960601669,66383.58406431176,0.13324592085275141,56.48489111436993,0.0,324640.30345843616,4161807.292228237,330023427262.5827,50000980743.5128,110.86691960867587,65388815.23073341,-388363332.2999384,0.0,0.0,0.0,-1.0,0.0,48.05818333850031,80.0,49.95,22.499999999999996,29.5703370284787,35.913333333333334,48.833333333333336
2027,E_max_drag,util_current_drag,fcap_partial,3700609.52489008,224039.92500000002,66131.9930415375,50921.634641983874,3819.1225981487905,0.0,-8897.475109919906,3819.1225981487905,10138591.969245598,3589591.2391433776,2.824441919371599,2094.164752895718,1993.2561598055613,907501.2291789218,863772.7344951071,92317.98357652809,90066.32544051521,48061.233218176545,0.265571775029994,66147.25152284847,0.13324351178011645,57.91136618998981,0.0,324549.77497515595,4160646.7397710816,338180587363.98334,51233141206.15149,110.82827582316045,46859395.25643676,-411067494.1864199,0.0,0.0,0.0,-1.0,0.0,47.9446625290679,80.0,49.95,22.499999999999996,100.0,35.95333333333333,48.833333333333336
2028,E_max_drag,util_current_drag,fcap_partial,3696359.74959012,448079.85000000003,99197.98956230625,76382.45196297581,15276.490392595162,185.22744601021634,-13147.250409880187,18904.656860836512,10136271.403112438,3585468.957102416,2.827042019993956,2167.965613639257,2013.1715917196857,946527.728760842,878945.0913465257,94626.33648766797,90066.70932794096,48061.40561324049,0.26822406725968606,65908.65022730472,0.13324153509432246,59.25374026184294,0.0,324475.49057564395,4159694.432394905,346556522872.7568,52498945626.779724,110.7965681430354,27881768.49003739,-435234683.9185683,0.0,0.0,8335235.070459736,-1.0,0.0,47.82382658040716,80.0,49.95,22.499999999999996,100.0,35.99333333333333,48.833333333333336
2029,E_max_drag,util_current_drag,fcap_partial,3696316.108878483,746799.75,132263.986083075,101843.26928396775,29008.249999999996,4260.231258234976,-13190.891121516936,43520.9158729654,10144217.042205362,3585426.6256121285,2.829291490653074,2243.620028885932,2032.609011854855,986739.5209741319,893937.3052759161,96990.5783741899,90065.39394303848,48060.814826230904,0.2708177589017648,65674.08580078022,0.13324830370330473,58.201633687180994,0.0,324729.84102070227,4162955.1413264466,355496214371.1634,53864151675.961235,110.90514305097473,38265842.95395309,-450084187.0836325,0.0,0.0,191710406.6205739,-1.0,0.0,47.74957906458184,80.0,49.95,22.499999999999996,79.81213027598457,36.03333333333334,48.833333333333336
2030,E_max_drag,util_current_drag,fcap_partial,3707843.6079207943,1120199.625,165329.98260384376,127304.0866049597,31001.841981249992,15484.186021776442,-1663.392079205718,58559.67948124999,10180267.899293607,3596608.2996831704,2.8305189364631116,2319.75298568525,2050.323622592887,1027223.5738980891,907915.9601233978,99408.71796346897,90059.3921377217,48058.11644894006,0.27319619738815915,65455.50866660706,0.13327902898856162,49.08842048594509,34867916.41260019,325883.8767675933,4177749.5902464893,365666022684.4242,55456126605.67452,111.39803471509465,134664618.22832447,-400852521.4690677,0.0,0.0,696788370.9799399,-1.0,0.0,47.99573739265466,80.0,49.95,22.499999999999996,65.86960605834635,36.07333333333334,48.833333333333336
2031,E_max_drag,util_current_drag,fcap_partial,3732502.125190352,1493599.5,165329.98260384376,127304.0866049597,33132.44357141139,28234.69171109062,22995.12519035209,62584.193453598884,10248047.241141316,3620527.0614346415,2.8305401581725795,2395.9464746571257,2066.0171361059593,1067681.788603713,920658.6601560878,101881.00132384775,90047.95984603373,48052.96451340291,0.275322235791481,65255.754212762215,0.1333368610230285,43.1195325022289,263177881.78974456,328053.58339069894,4205564.685137174,377278375099.31836,57315988620.611984,112.32590308404924,332151454.5957719,-124987914.44121665,0.0,0.0,1270561126.999078,-1.0,0.0,49.37506042779392,80.0,49.95,22.499999999999996,55.923471172505586,36.11333333333334,48.833333333333336
2032,E_max_drag,util_current_drag,fcap_partial,3759131.4947008817,1866999.375,165329.98260384376,127304.0866049597,35409.47075585664,30175.12089893532,49624.49470088165,66885.29214869745,10320341.579991493,3646357.5498598553,2.8303153047588947,2474.2987521371424,2081.541521383264,1109502.2190020925,933385.6450943706,104413.64056338124,90035.55502133026,48047.35739565211,0.277429269477836,65057.056764731096,0.13339863829637955,43.148220763894976,262080555.78101718,330367.8210557491,4235232.631746853,389410575030.19946,59267395737.322205,113.31727183577365,548152222.7474953,-75850546.29028177,0.0,0.0,1357880440.4520895,-1.0,0.0,49.62074726854859,80.0,49.95,22.499999999999996,50.93423460114675,36.153333333333336,48.833333333333336
2033,E_max_drag,util_current_drag,fcap_partial,3787866.8318378744,2240399.25,165329.98260384376,127304.0866049597,37842.98663355288,32248.906082714642,78359.83183787437,71481.98385161668,10397739.599822488,3674230.826882738,2.829909194530398,2554.8384937759693,2096.8749327479118,1152707.0546678079,946080.3622706628,107007.912129592,90022.03635348708,48041.228048751196,0.2795148856016769,64859.53716051215,0.13346488147536556,43.35118659577548,254317112.71158785,332845.4343176171,4266995.012544048,402107888273.50256,61319102708.95018,114.38055289478783,794415887.2491785,-20988524.211486056,0.0,0.0,1451200773.722159,-1.0,0.0,49.89505737894257,80.0,49.95,22.499999999999996,48.088302252425194,36.193333333333335,48.833333333333336
2034,E_max_drag,util_current_drag,fcap_partial,3818852.53818941,2613799.125,165329.98260384376,127304.0866049597,40443.74588994379,34465.21215324921,109345.53818941023,76394.58319181902,10480589.811561728,3704286.9620437277,2.8293136895040605,2637.591781059616,2111.9945458629036,1197316.4498256145,958725.2393877842,109665.15080357708,90007.29645973649,48034.52418827862,0.28157644487957817,64663.36190938165,0.13353590915196104,43.7020144772361,240897946.24571925,335497.57947329356,4300994.8484589225,415409274051.6815,63478717003.36512,115.52092971203245,1074424986.8278852,42359431.167497,0.0,12072437.882736646,1538862109.0134778,10.0,0.007783976381786349,50.21179715583749,80.0,49.95,22.499999999999996,46.37567865179943,36.233333333333334,48.833333333333336
2035,E_max_drag,util_current_drag,fcap_partial,3852242.9397399556,2987199.0,165329.98260384376,127304.0866049597,43223.242326230175,36833.83385848125,142735.9397399556,81644.80092167677,10569264.751818068,3736675.651547757,2.828520786234204,2722.5818409881404,2126.8765827474235,1243348.2769514853,971301.6867429373,112386.69843670061,89991.21692383135,48027.18799911421,0.28361122191037114,64468.69793086227,0.133612063430941,44.168032181740806,223072769.04841417,338336.1819136945,4337385.02001293,429357001963.88416,65754551806.511696,116.7439790396329,1392017371.099664,117384683.84932928,0.0,33454634.89705884,1624067888.7345977,10.0,0.020183517520931928,50.586923419246645,80.0,49.95,22.499999999999996,45.345656115563656,36.27333333333333,48.833333333333336
2036,E_max_drag,util_current_drag,fcap_partial,3888202.9689240255,3360598.875,165329.98260384376,127304.0866049597,46193.75965510033,39365.23909040537,178695.96892402554,87255.83986501899,10664162.6469861,3771556.8798563047,2.8275226880291418,2809.828784931052,2141.496347230322,1290817.87537619,983790.1084515891,115173.90072022582,89973.66716315801,48019.15555688073,0.28561641396880333,64275.71099639415,0.13369371170941258,44.715347999609335,202137939.01494288,341373.9893938483,4376328.950229248,443996952019.374,68155697480.49397,118.0557027500312,1751417999.8551297,207532189.7655371,0.0,59146674.08317807,1712289084.9850636,10.0,0.03338911602094375,51.037660948827686,80.0,49.95,22.499999999999996,44.767692722042,36.31333333333333,48.833333333333336
2037,E_max_drag,util_current_drag,fcap_partial,3926466.0148682483,3733998.75,165329.98260384376,127304.0866049597,49368.425787397086,41641.022821723556,216959.01486824825,93695.37614548458,10764630.916202482,3808672.0344222006,2.826347561279464,2899.4484248861145,2155.901939709421,1339806.4693692308,996220.9851212687,118028.37315349784,89954.7087471222,48010.45072649616,0.2875983218314928,64083.88547060915,0.13378031817358377,45.3497548332712,177871877.62737665,344590.111934851,4417558.834816139,459333484044.51605,70683250245.32722,119.44760612282569,2153137490.415957,313312709.020525,0.0,89294122.07084961,1784551904.9067104,10.0,0.04765285983228703,51.566563545102625,80.0,49.95,22.499999999999996,44.55466467681411,36.35333333333334,48.833333333333336
2038,E_max_drag,util_current_drag,fcap_partial,3967195.432489644,4107398.625,165329.98260384376,127304.0866049597,52761.27084963594,44077.94153406034,257688.4324896438,101015.47015588306,10871074.025242383,3848179.5695149545,2.8249913573062893,2991.466034465976,2170.0704144783695,1390333.241042139,1008576.0620009757,120951.50833800781,89934.20582983243,48001.00687708247,0.2895543996131261,63893.360856092,0.13387225723952395,46.007235063443694,152723258.82327867,347997.49702257797,4461240.65729616,475415191393.95123,73346942261.33177,120.92583274610134,2602040393.945012,439839322.1754442,0.0,125354206.82000159,1858153162.2127135,10.0,0.06319825616838132,52.19919661087722,80.0,49.95,22.499999999999996,44.611182612833154,36.39333333333334,48.833333333333336
2039,E_max_drag,util_current_drag,fcap_partial,4010880.981872323,4480798.5,165329.98260384376,127304.0866049597,56387.289188777155,46992.79838461679,301373.98187232297,108956.5754429934,10984681.175096331,3890554.5524161533,2.8234229920447995,3085.830144558611,2183.92591480002,1442363.1600984712,1020799.6345639664,123944.49013272034,89911.8585923165,47990.68095279513,0.29147557828194864,63704.74761471625,0.1339705866375111,46.645572070511896,128306868.30291998,351634.21255788236,4507862.438613364,492328314884.18207,76163980437.48828,122.50754612031838,3106221251.8528175,592579137.9039834,0.0,168885054.30263522,1945790873.0051205,10.0,0.07986332663163515,52.96289568951992,80.0,49.95,22.499999999999996,44.85563940517602,36.43333333333334,48.833333333333336
2040,E_max_drag,util_current_drag,fcap_partial,4058141.6792192957,4854198.375,165329.98260384376,127304.0866049597,60262.505638275856,50511.54188946301,348634.67921929574,117145.32655604967,11106948.846429765,3936397.428842717,2.821602505135046,3182.4519665024295,2197.3734691644268,1495833.2589413812,1032821.3440732362,127008.37740916124,89887.28278180843,47979.289238696176,0.29335052539055756,63518.801151835316,0.13407664039668568,47.24322207907321,105446755.47544958,355548.1628715328,4558038.300276993,510179473544.9364,79155781773.9903,124.21441122637155,3675534245.83461,776886917.8425709,0.0,221412771.5851327,2051606613.440703,10.0,0.09740909956322967,53.88443458921285,80.0,49.95,22.499999999999996,45.23333416322374,36.473333333333336,48.833333333333336
2041,E_max_drag,util_current_drag,fcap_partial,4109722.9735029936,5227598.25,165329.98260384376,127304.0866049597,64404.04633826636,54757.53236979823,400215.9735029936,125098.30859555496,11239678.665132424,3986431.2842979035,2.8194838600139005,3281.203740995543,2210.3006518328316,1550650.7717211922,1044557.0229846602,130144.07484231325,89860.00110529251,47966.60276549194,0.2951658969035091,63336.39328329853,0.13419203086490705,47.782014723630084,84837936.82114927,359797.0203976185,4612507.58843168,529097591079.31024,82348446816.21408,126.07265229663615,4321911610.159493,998887681.1335058,0.0,284682989.12304914,2179405967.5178714,10.0,0.11553275637870349,54.99443840566753,80.0,49.95,22.499999999999996,45.70869274703129,36.513333333333335,48.833333333333336
2042,E_max_drag,util_current_drag,fcap_partial,4161791.30593479,5600998.125,165329.98260384376,127304.0866049597,68830.2144228637,55290.0,452284.30593479006,136928.52301841867,11373521.299132055,4036937.5667567463,2.8173636849849726,3383.0789193148835,2223.3427434669716,1607519.3139039227,1056453.747249587,133355.91475070774,89831.86920597054,47953.4801126471,0.29700053174258567,63151.75628436688,0.1343086582346009,48.54648054532137,55597119.1414575,364081.5006172021,4667433.550585216,548691318371.9328,85665428235.22711,127.95203635992928,5009485679.432093,1233663379.8462152,0.0,351594063.25617135,2136455936.7438288,10.0,0.14131310192969246,56.16831689923107,80.0,49.95,22.499999999999996,46.458517601482946,36.553333333333335,48.833333333333336
2043,E_max_drag,util_current_drag,fcap_partial,4213797.156367669,5974398.0,165329.98260384376,127304.0866049597,73560.570909075,55290.0,504290.1563676689,153489.09392749367,11507227.922944134,4087383.241676639,2.815304375085681,3488.316912140192,2236.5898850421613,1666616.6255964797,1068577.7642734942,136646.12338389203,89803.15685629778,47940.04759835087,0.2988656474900275,62964.07823579184,0.1344254306140328,49.33945884591082,25265699.143911164,368361.6269703023,4722303.697262094,568922861709.4592,89099274566.26794,129.835039542977,5737783155.477548,1490799526.2856793,0.0,424877864.9914186,2063172135.0085814,10.0,0.17076741423661848,57.45399763142839,80.0,49.95,22.499999999999996,47.44186637619438,36.593333333333334,48.833333333333336
2044,E_max_drag,util_current_drag,fcap_partial,4265740.599780028,6347797.875,165329.98260384376,127304.0866049597,78616.02114480117,55290.0,556233.5997800278,175105.11507229487,11640811.360411953,4137768.3817866268,2.8133066634787385,3597.0300207550513,2250.0419748141476,1728031.7064261707,1080931.7272399198,140016.6094023565,89773.87669031377,47926.31210975498,0.3007612536429878,62773.372992544,0.13454235202226747,50.125998136444785,0.0,372637.80996515014,4777123.291074908,589812211006.2557,92653899883.84096,131.72177821068368,6509498884.343021,1778503583.9190392,0.0,506873521.41692615,1981176478.5830739,10.0,0.2037232054890079,58.89251791959519,80.0,49.95,22.499999999999996,48.60404626836204,36.63333333333333,48.833333333333336
2045,E_max_drag,util_current_drag,fcap_partial,4317621.711060292,6721197.75,165329.98260384376,127304.0866049597,84018.90719797762,55290.0,608114.7110602921,202124.02227027246,11774271.77959784,4188093.059728483,2.8113682317176525,3709.334414928212,2263.6990107769498,1791857.2159102173,1093518.392621928,143469.33169481793,89744.04343284095,47912.28147225614,0.30268736609412517,62579.655303517546,0.13465941572343357,50.90395194509937,0.0,376910.05498164345,4831892.400992599,611379333572.6152,96333219552.26562,133.61219255633614,7327025974.401801,2118734081.798974,0.0,603839213.3127075,1884210786.6872926,10.0,0.24269577111099358,60.59367040899487,80.0,49.95,22.499999999999996,49.9034204869802,36.67333333333333,48.833333333333336
2026,E_max_drag,util_current_drag,fcap_high,3705055.5916,74679.975,33065.99652076875,25460.817320991937,0.0,0.0,-4451.408400000073,0.0,10141419.983388092,3593903.923852,2.8218394810394285,2022.8608386219394,1973.522769387258,870073.9380946757,848852.622531391,90065.85729695886,90065.85729695886,48061.022960284165,0.262943960601669,66383.58406431176,0.13324592085275141,56.48489111436993,0.0,324640.30345843616,4161807.292228237,330023427262.5827,50000980743.5128,110.86691960867587,65388815.23073341,-388363332.2999384,0.0,0.0,0.0,-1.0,0.0,48.05818333850031,80.0,69.9,22.499999999999996,24.5828370284787,35.913333333333334,48.833333333333336
2027,E_max_drag,util_current_drag,fcap_high,3700609.52489008,224039.92500000002,66131.9930415375,50921.634641983874,3819.1225981487905,0.0,-8897.475109919906,3819.1225981487905,10138591.969245598,3589591.2391433776,2.824441919371599,2094.164752895718,1993.2561598055613,907501.2291789218,863772.7344951071,92317.98357652809,90066.32544051521,48061.233218176545,0.265571775029994,66147.25152284847,0.13324351178011645,57.91136618998981,0.0,324549.77497515595,4160646.7397710816,338180587363.98334,51233141206.15149,110.82827582316045,46859395.25643676,-411067494.1864199,0.0,0.0,0.0,-1.0,0.0,47.9446625290679,80.0,69.9,22.499999999999996,100.0,35.95333333333333,48.833333333333336
2028,E_max_drag,util_current_drag,fcap_high,3696359.74959012,448079.85000000003,99197.98956230625,76382.45196297581,15276.490392595162,185.22744601021634,-13147.250409880187,18904.656860836512,10136271.403112438,3585468.957102416,2.827042019993956,2167.965613639257,2013.1715917196857,946527.728760842,878945.0913465257,94626.33648766797,90066.70932794096,48061.40561324049,0.26822406725968606,65908.65022730472,0.13324153509432246,59.25374026184294,0.0,324475.49057564395,4159694.432394905,346556522872.7568,52498945626.779724,110.7965681430354,27881768.49003739,-435234683.9185683,0.0,0.0,8335235.070459736,-1.0,0.0,47.82382658040716,80.0,69.9,22.499999999999996,100.0,35.99333333333333,48.833333333333336
2029,E_max_drag,util_current_drag,fcap_high,3696316.108878483,746799.75,132263.986083075,101843.26928396775,29008.249999999996,4260.231258234976,-13190.891121516936,43520.9158729654,10144217.042205362,3585426.6256121285,2.829291490653074,2243.620028885932,2032.609011854855,986739.5209741319,893937.3052759161,96990.5783741899,90065.39394303848,48060.814826230904,0.2708177589017648,65674.08580078022,0.13324830370330473,58.201633687180994,0.0,324729.84102070227,4162955.1413264466,355496214371.1634,53864151675.961235,110.90514305097473,38265842.95395309,-450084187.0836325,0.0,0.0,191710406.6205739,-1.0,0.0,47.74957906458184,80.0,69.9,22.499999999999996,74.82463027598457,36.03333333333334,48.833333333333336
2030,E_max_drag,util_current_drag,fcap_high,3707843.6079207943,1120199.625,165329.98260384376,127304.0866049597,31001.841981249992,15484.186021776442,-1663.392079205718,58559.67948124999,10180267.899293607,3596608.2996831704,2.8305189364631116,2319.75298568525,2050.323622592887,1027223.5738980891,907915.9601233978,99408.71796346897,90059.3921377217,48058.11644894006,0.27319619738815915,65455.50866660706,0.13327902898856162,49.08842048594509,34867916.41260019,325883.8767675933,4177749.5902464893,365666022684.4242,55456126605.67452,111.39803471509465,134664618.22832447,-400852521.4690677,0.0,0.0,696788370.9799399,-1.0,0.0,47.99573739265466,80.0,69.9,22.499999999999996,60.882106058346345,36.07333333333334,48.833333333333336
2031,E_max_drag,util_current_drag,fcap_high,3732502.125190352,1493599.5,165329.98260384376,127304.0866049597,33132.44357141139,28234.69171109062,22995.12519035209,62584.193453598884,10248047.241141316,3620527.0614346415,2.8305401581725795,2395.9464746571257,2066.0171361059593,1067681.788603713,920658.6601560878,101881.00132384775,90047.95984603373,48052.96451340291,0.275322235791481,65255.754212762215,0.1333368610230285,43.1195325022289,263177881.78974456,328053.58339069894,4205564.685137174,377278375099.31836,57315988620.611984,112.32590308404924,332151454.5957719,-124987914.44121665,0.0,0.0,1270561126.999078,-1.0,0.0,49.37506042779392,80.0,69.9,22.499999999999996,50.93597117250558,36.11333333333334,48.833333333333336
2032,E_max_drag,util_current_drag,fcap_high,3759131.4947008817,1866999.375,165329.98260384376,127304.0866049597,35409.47075585664,30175.12089893532,49624.49470088165,66885.29214869745,10320341.579991493,3646357.5498598553,2.8303153047588947,2474.2987521371424,2081.541521383264,1109502.2190020925,933385.6450943706,104413.64056338124,90035.55502133026,48047.35739565211,0.277429269477836,65057.056764731096,0.13339863829637955,43.148220763894976,262080555.78101718,330367.8210557491,4235232.631746853,389410575030.19946,59267395737.322205,113.31727183577365,548152222.7474953,-75850546.29028177,0.0,0.0,1357880440.4520895,-1.0,0.0,49.62074726854859,80.0,69.9,22.499999999999996,45.946734601146744,36.153333333333336,48.833333333333336
2033,E_max_drag,util_current_drag,fcap_high,3787866.8318378744,2240399.25,165329.98260384376,127304.0866049597,37842.98663355288,32248.906082714642,78359.83183787437,71481.98385161668,10397739.599822488,3674230.826882738,2.829909194530398,2554.8384937759693,2096.8749327479118,1152707.0546678079,946080.3622706628,107007.912129592,90022.03635348708,48041.228048751196,0.2795148856016769,64859.53716051215,0.13346488147536556,43.35118659577548,254317112.71158785,332845.4343176171,4266995.012544048,402107888273.50256,61319102708.95018,114.38055289478783,794415887.2491785,-20988524.211486056,0.0,0.0,1451200773.722159,-1.0,0.0,49.89505737894257,80.0,69.9,22.499999999999996,43.1008022524252,36.193333333333335,48.833333333333336
2034,E_max_drag,util_current_drag,fcap_high,3818852.53818941,2613799.125,165329.98260384376,127304.0866049597,40443.74588994379,34465.21215324921,109345.53818941023,76394.58319181902,10480589.811561728,3704286.9620437277,2.8293136895040605,2637.591781059616,2111.9945458629036,1197316.4498256145,958725.2393877842,109665.15080357708,90007.29645973649,48034.52418827862,0.28157644487957817,64663.36190938165,0.13353590915196104,43.7020144772361,240897946.24571925,335497.57947329356,4300994.8484589225,415409274051.6815,63478717003.36512,115.52092971203245,1074424986.8278852,42359431.167497,0.0,24144875.76547329,1526789671.1307411,10.0,0.015567952763572698,50.21179715583749,80.0,69.9,22.499999999999996,41.38817865179943,36.233333333333334,48.833333333333336
2035,E_max_drag,util_current_drag,fcap_high,3852242.9397399556,2987199.0,165329.98260384376,127304.0866049597,43223.242326230175,36833.83385848125,142735.9397399556,81644.80092167677,10569264.751818068,3736675.651547757,2.828520786234204,2722.5818409881404,2126.8765827474235,1243348.2769514853,971301.6867429373,112386.69843670061,89991.21692383135,48027.18799911421,0.28361122191037114,64468.69793086227,0.133612063430941,44.168032181740806,223072769.04841417,338336.1819136945,4337385.02001293,429357001963.88416,65754551806.511696,116.7439790396329,1392017371.099664,117384683.84932928,0.0,66909269.79411768,1590613253.8375387,10.0,0.040367035041863855,50.586923419246645,80.0,69.9,22.499999999999996,40.35815611556366,36.27333333333333,48.833333333333336
2036,E_max_drag,util_current_drag,fcap_high,3888202.9689240255,3360598.875,165329.98260384376,127304.0866049597,46193.75965510033,39365.23909040537,178695.96892402554,87255.83986501899,10664162.6469861,3771556.8798563047,2.8275226880291418,2809.828784931052,2141.496347230322,1290817.87537619,983790.1084515891,115173.90072022582,89973.66716315801,48019.15555688073,0.28561641396880333,64275.71099639415,0.13369371170941258,44.715347999609335,202137939.01494288,341373.9893938483,4376328.950229248,443996952019.374,68155697480.49397,118.0557027500312,1751417999.8551297,207532189.7655371,0.0,118293348.16635615,1653142410.9018855,10.0,0.0667782320418875,51.037660948827686,80.0,69.9,22.499999999999996,39.780192722042,36.31333333333333,48.833333333333336
2037,E_max_drag,util_current_drag,fcap_high,3926908.8935539904,3733998.75,165329.98260384376,127304.0866049597,49368.425787397086,42070.61514689347,217401.8935539904,93252.4974597424,10765709.192938657,3809101.6267473707,2.826311883448382,2899.349349659427,2155.8282717415555,1339737.7974308543,996169.9236973514,118028.1034437177,89954.50318922057,48010.356194410255,0.28758915166793686,64084.563928321906,0.13378124859000598,45.31259015406991,179293426.60682598,344624.629003212,4418001.334977951,459378941854.3438,70692100648.473,119.46256241678951,2157273063.3298616,316374479.11709553,0.0,180333453.09674445,1712844228.5134616,10.0,0.09525437303030389,51.58187239558548,80.0,69.9,22.499999999999996,39.52492905457149,36.35333333333334,48.833333333333336
2038,E_max_drag,util_current_drag,fcap_high,3968549.0958434404,4107398.625,165329.98260384376,127304.0866049597,52761.27084963594,44961.91817286371,259042.0958434404,99661.27534766318,10874359.458276978,3849492.6229681373,2.82488123068342,2991.1566439326334,2169.845976281448,1390117.5550796357,1008419.5990090334,120950.64817918169,89933.56625367519,48000.71180920291,0.28952651162449944,63895.41453829782,0.13387509793676197,45.93308311847111,155559570.71848002,348102.66809123405,4462588.924026451,475557083486.1211,73374651755.4983,120.97151690898194,2614686537.371112,447546233.18180007,0.0,255101352.91362602,1768184964.865241,10.0,0.12608267582893182,52.237731165909,80.0,69.9,22.499999999999996,39.51490746443344,36.39333333333334,48.833333333333336
2039,E_max_drag,util_current_drag,fcap_high,4013324.9049689374,4480798.5,165329.98260384376,127304.0866049597,56387.289188777155,48051.92599929375,303817.9049689374,106510.4964959313,10990599.919638613,3892925.157819869,2.8232240472338317,3085.2599043798823,2183.5223403174186,1441963.3703877323,1020516.6925130914,123942.86732135664,89910.68137188742,47990.136107745246,0.2914255312495246,63708.413288078395,0.13397571508316408,46.55566139860388,131745951.50340152,351823.6794202593,4510291.3562834,492590172137.54987,76215282051.79187,122.59006327402075,3129259290.27128,604731745.3621215,0.0,344697094.8564092,1817639575.1118097,10.0,0.1594095404493489,53.02365872681061,80.0,69.9,22.499999999999996,39.70159819516543,36.43333333333334,48.833333333333336
2040,E_max_drag,util_current_drag,fcap_high,4061451.486849568,4854198.375,165329.98260384376,127304.0866049597,60262.505638275856,51354.294613595215,351944.48684956785,113830.43036761414,11114950.638126438,3939607.942244081,2.8213342040820275,3181.6642647502304,2196.8295882354714,1495277.933560754,1032437.9110250745,127006.07840753222,89885.65571583247,47978.533782483566,0.29328322577038574,63523.70065700682,0.1340835892021613,47.164524064147386,108456954.54636247,355804.310835908,4561322.052955479,510542109851.40015,79227071053.66692,124.3262812086183,3707130861.8846006,791689791.2617116,0.0,451263181.0191756,1859680076.592609,10.0,0.19527228958686244,53.95844895630856,80.0,69.9,22.499999999999996,40.05369226198841,36.473333333333336,48.833333333333336
2041,E_max_drag,util_current_drag,fcap_high,4113158.7950766003,5227598.25,165329.98260384376,127304.0866049597,64404.04633826636,54883.61851091452,403651.7950766003,121653.42669462842,11247967.586520731,3989764.031224302,2.819206223348796,3280.370542894073,2209.7393888171355,1550060.1726493256,1044159.180724148,130141.57763268254,89858.27686805431,47965.79961720307,0.2950966075695214,63341.40420224868,0.1341992458484237,47.74854255329978,86118247.33628349,360062.359764221,4615909.17258213,529482366809.1779,82424365658.46727,126.18888144450959,4355024040.87155,1012300068.1916678,0.0,577011038.8692507,1892751794.121903,10.0,0.23363014098419604,55.06150034095834,80.0,69.9,22.499999999999996,40.55070642976663,36.513333333333335,48.833333333333336
2042,E_max_drag,util_current_drag,fcap_high,4165223.0045225085,5600998.125,165329.98260384376,127304.0866049597,68830.2144228637,55290.0,455716.0045225085,133483.6411174921,11381797.744637622,4040266.314386833,2.8170909685108145,3382.2308481623018,2222.7853952974474,1606914.8917124418,1056056.5239729595,133353.30237068384,89830.10944165067,47952.65794265329,0.2969318963247523,63156.6846980813,0.134315878869531,48.521804275589574,56540986.45869881,364346.44061425235,4670830.014918142,549084845603.8258,85743358116.23074,128.06843438855202,5043390063.111507,1247089966.11367,0.0,710841280.6847919,1777208719.315208,10.0,0.285702168640016,56.23544983056835,80.0,69.9,22.499999999999996,41.32537123115214,36.553333333333335,48.833333333333336
2043,E_max_drag,util_current_drag,fcap_high,4217224.736917081,5974398.0,165329.98260384376,127304.0866049597,73560.570909075,55290.0,507717.7369170813,150044.2120265671,11515494.891276522,4090707.994809569,2.8150371294865772,3487.45348818253,2236.0362870352,1665997.885508925,1068181.0492226114,136643.39218209902,89801.36192397954,47939.20663828074,0.29879764481898546,62968.926479557136,0.13443265905215926,49.315864091146665,26168198.513640065,368626.26359047025,4725696.272379455,569325482927.3573,89179294600.2744,129.9516443563162,5772611061.702979,1504649397.862202,0.0,857650156.781455,1630399843.218545,10.0,0.344707765833265,57.52324698931101,80.0,69.9,22.499999999999996,42.330015776927844,36.593333333333334,48.833333333333336
2044,E_max_drag,util_current_drag,fcap_high,4269164.067232781,6347797.875,165329.98260384376,127304.0866049597,78616.02114480117,55290.0,559657.0672327811,171660.23317136828,11649068.840507502,4141089.1452157977,2.8130446923524155,3596.1507529150394,2249.491968410054,1727398.1379648168,1080535.4126070868,140013.75654819587,89772.04753748166,47925.45286283786,0.3006938614121522,62778.143916561006,0.1345495878135787,50.10339432490487,0.0,372902.1428542733,4780511.972436431,590224133552.5453,92736062924.10307,131.8385856173885,6545283927.20562,1791938282.350081,0.0,1021404820.939546,1466645179.060454,10.0,0.4105242342153679,58.959691411750406,80.0,69.9,22.499999999999996,43.51059546932502,36.63333333333333,48.833333333333336
2045,E_max_drag,util_current_drag,fcap_high,4321041.070352102,6721197.75,165329.98260384376,127304.0866049597,84018.90719797762,55290.0,611534.0703521017,198679.1403693459,11782519.761237254,4191409.8382415385,2.811111348199842,3708.4388003075933,2263.1524431979865,1791208.2922218451,1093122.3733507816,143466.35427454638,89742.18097393763,47911.404424168555,0.3026205628573128,62584.3516555618,0.13466665843449685,50.88229019685582,0.0,377174.0838125888,4835277.184404519,611800769531.5411,96417579778.83588,133.72919845408344,7363802956.19574,2132679707.61073,0.0,1215627433.338116,1272422566.661884,10.0,0.48858641640566547,60.66339853805365,80.0,69.9,22.499999999999996,44.825986166882245,36.67333333333333,48.833333333333336
2026,E_max_drag,util_severe_bottleneck,fcap_none,3705055.5916,74679.975,33065.99652076875,25460.817320991937,0.0,0.0,-4451.408400000073,0.0,10141419.983388092,3593903.923852,2.8218394810394285,2022.8608386219394,1973.522769387258,870073.9380946757,848852.622531391,90065.85729695886,90065.85729695886,48061.022960284165,0.262943960601669,66383.58406431176,0.13324592085275141,56.48489111436993,0.0,324640.30345843616,4161807.292228237,330023427262.5827,50000980743.5128,110.86691960867587,65388815.23073341,-388363332.2999384,0.0,0.0,0.0,-1.0,0.0,48.05818333850031,80.0,30.0,0.0,39.0578370284787,35.913333333333334,59.25
2027,E_max_drag,util_severe_bottleneck,fcap_none,3700609.52489008,224039.92500000002,66131.9930415375,50921.634641983874,3819.1225981487905,0.0,-8897.475109919906,3819.1225981487905,10138591.969245598,3589591.2391433776,2.824441919371599,2094.164752895718,1993.2561598055613,907501.2291789218,863772.7344951071,92317.98357652809,90066.32544051521,48061.233218176545,0.265571775029994,66147.25152284847,0.13324351178011645,57.91136618998981,0.0,324549.77497515595,4160646.7397710816,338180587363.98334,51233141206.15149,110.82827582316045,46859395.25643676,-411067494.1864199,0.0,0.0,0.0,-1.0,0.0,47.9446625290679,80.0,30.0,0.0,100.0,35.95333333333333,59.25
2028,E_max_drag,util_severe_bottleneck,fcap_none,3696359.74959012,448079.85000000003,99197.98956230625,76382.45196297581,15276.490392595162,185.22744601021634,-13147.250409880187,18904.656860836512,10136271.403112438,3585468.957102416,2.827042019993956,2167.965613639257,2013.1715917196857,946527.728760842,878945.0913465257,94626.33648766797,90066.70932794096,48061.40561324049,0.26822406725968606,65908.65022730472,0.13324153509432246,59.25374026184294,0.0,324475.49057564395,4159694.432394905,346556522872.7568,52498945626.779724,110.7965681430354,27881768.49003739,-435234683.9185683,0.0,0.0,8335235.070459736,-1.0,0.0,47.82382658040716,80.0,30.0,0.0,100.0,35.99333333333333,59.25
2029,E_max_drag,util_severe_bottleneck,fcap_none,3693133.5067133587,746799.75,132263.986083075,101843.26928396775,29008.249999999996,1173.1071580647035,-16373.493286641315,46703.518038089394,10136468.360713933,3582339.501511958,2.829566643930802,2244.1996374254763,2033.1341085849867,987121.9116513458,894283.7323565035,96991.95982179786,90066.67675447345,48061.39098596892,0.27088386273570436,65669.06745145361,0.1332417028612214,60.16610798062472,0.0,324481.7954496776,4159775.259299176,355227272106.9011,53812726280.821396,110.79925925577926,14503951.758143544,-458786134.16265297,0.0,0.0,52789822.11291166,-1.0,0.0,47.70606932918673,80.0,30.0,0.0,92.91720742187621,36.03333333333334,59.25
2030,E_max_drag,util_severe_bottleneck,fcap_none,3695117.018382896,1120199.625,165329.98260384376,127304.0866049597,31001.841981249992,6222.813721265625,-14389.981617103796,71290.08814174596,10149356.110862639,3584263.507831409,2.8316434014092104,2322.150487565331,2052.4426649091483,1028816.4633243551,909323.8422724908,99414.40217259093,90064.54175064091,48060.43195897409,0.2734629133749466,65435.22977173113,0.13325268212443883,58.03032211536733,0.0,324894.34942397574,4165064.0978086903,364566440675.06213,55245719948.96106,110.9753782930997,39043556.44535962,-469933249.55901897,0.0,0.0,280026617.4569531,-1.0,0.0,47.65033375220491,80.0,30.0,0.0,82.96569156953416,36.07333333333334,59.25
2031,E_max_drag,util_severe_bottleneck,fcap_none,3699082.8779608365,1493599.5,165329.98260384376,127304.0866049597,33132.44357141139,8148.0,-10424.122039163485,96022.53171315735,10166978.572596189,3588110.3916220115,2.8335188895902914,2402.4409888882137,2071.617335373362,1072025.8577075265,924404.537329822,101896.44632049577,90061.6109725432,48059.1145446756,0.2760266861322207,65202.202948062855,0.1332676999893623,57.44567800228671,0.0,325458.4677953907,4172295.9538870137,374323153223.0846,56749792077.98448,111.21629057444613,76499826.4495165,-479218118.9868431,0.0,0.0,366660000.0,-1.0,0.0,47.603909405065785,80.0,30.0,0.0,78.50171710550717,36.11333333333334,59.25
2032,E_max_drag,util_severe_bottleneck,fcap_none,3703043.9785072836,1866999.375,165329.98260384376,127304.0866049597,35409.47075585664,8148.0,-6463.021492716391,123032.002469014,10184570.671477111,3591952.659152065,2.835385551512623,2485.528489491406,2090.988709018524,1117064.0856289738,939747.1805999033,104440.4493245951,90058.67213210526,48057.79244020868,0.2786168606996063,64966.807623882974,0.1332826977572125,58.492822285411,0.0,326021.61421162507,4179515.3497436247,384338656324.4306,58294376611.991844,111.4568919193834,114607880.16869946,-489687432.43672013,0.0,0.0,366660000.0,-1.0,0.0,47.5515628378164,80.0,30.0,0.0,76.30496690259933,36.153333333333336,59.25
2033,E_max_drag,util_severe_bottleneck,fcap_none,3707000.325733075,2240399.25,165329.98260384376,127304.0866049597,37842.98663355288,8148.0,-2506.6742669250816,152474.98910256688,10202178.782934327,3595790.3159610825,2.837256315433257,2571.511338764772,2110.55911309817,1164009.2725883722,955356.6188715482,107047.94847879953,90055.71754221505,48056.46219224463,0.28123377447196224,64729.008185037004,0.13329771493634424,59.54240487116851,0.0,326585.27321166295,4186741.316796073,394621538188.7424,59880894945.57331,111.69781632681433,155009555.7245356,-499849070.90832675,0.0,0.0,366660000.0,-1.0,0.0,47.500754645458365,80.0,30.0,0.0,75.07456079799886,36.193333333333335,59.25
2034,E_max_drag,util_severe_bottleneck,fcap_none,3710951.925342195,2613799.125,165329.98260384376,127304.0866049597,40443.74588994379,8148.0,1444.9253421952017,184518.73499251067,10219803.247227376,3599623.367581929,2.839131265583654,2660.49138499264,2130.3309082053497,1212942.9189349364,971237.7963979235,109720.52806072433,90052.74715364113,48055.123779279806,0.28387774617079586,64488.776255176934,0.133312751811954,60.59066629389293,0.0,327149.4556876634,4193973.994679109,405178935084.13586,61510485375.02488,111.93906860443576,197841141.45142293,-509638717.23864686,0.0,0.0,366660000.0,-1.0,0.0,47.451806413806764,80.0,30.0,0.0,74.34282599118296,36.233333333333334,59.25
2035,E_max_drag,util_severe_bottleneck,fcap_none,3714898.7830317845,2987199.0,165329.98260384376,127304.0866049597,43223.242326230175,8148.0,5391.783031784464,219341.97731874086,10237444.40927464,3603451.819540831,2.8410104871553807,2752.574101676433,2150.3064888612594,1263950.0476271233,987395.7570674657,112459.81185980763,90049.76091533914,48053.777178911194,0.28654909912081394,64246.083049004024,0.13332780867366775,61.633919600848074,0.0,327714.1726809211,4201213.524939363,416018174166.5626,63184317183.59884,112.1806536317246,243246436.43271703,-518986959.4837114,0.0,0.0,366660000.0,-1.0,0.0,47.40506520258144,80.0,30.0,0.0,73.9004040053747,36.27333333333333,59.25
2036,E_max_drag,util_severe_bottleneck,fcap_none,3718840.9044921463,3360598.875,165329.98260384376,127304.0866049597,46193.75965510033,8148.0,9333.904492146336,257135.73697384118,10255102.618735902,3607275.6773573817,2.8428940663189306,2847.8687185031654,2170.4882841164567,1317119.358567279,1003835.6466290473,115267.46416212116,90046.7587744266,48052.42236782418,0.2892481613318717,64000.89936502912,0.13334288581561607,62.66860016665195,0.0,328279.4353845097,4208460.051069229,427146778614.3114,64903591490.8366,112.4225763611997,291377147.8854339,-527818971.9006237,0.0,0.0,366660000.0,-1.0,0.0,47.36090514049688,80.0,30.0,0.0,73.63960554667082,36.31333333333333,59.25
2037,E_max_drag,util_severe_bottleneck,fcap_none,3722778.295406756,3733998.75,165329.98260384376,127304.0866049597,49368.425787397086,8148.0,13271.295406755991,298104.1627612383,10272778.2300967,3611094.946544553,2.8447820902429313,2946.4883571346836,2190.878758164977,1372543.3898095398,1020562.7149729204,118145.19075970282,90043.74067615709,48051.05932177995,0.29197526558268877,63753.195578177365,0.13335798353651096,63.69131125343623,0.0,328845.25514598115,4215713.718541482,438572472902.05566,66669542125.474915,112.66484181971136,342393309.1168455,-536054177.8733156,0.0,0.0,366660000.0,-1.0,0.0,47.319729110633425,80.0,30.0,0.0,73.49942364162065,36.35333333333334,59.25
2038,E_max_drag,util_severe_bottleneck,fcap_none,3726710.961452268,4107398.625,165329.98260384376,127304.0866049597,52761.27084963594,8148.0,17203.961452268064,342465.4336108742,10290471.602754451,3614909.6326087,2.846674647113746,3048.5501719992894,2211.480410971668,1430318.685953146,1037582.3184690092,121094.73998502114,90040.70656389392,48049.68801560273,0.2947307495063748,63502.94163223391,0.13337310213972428,64.69886435206313,0.0,329411.6434701236,4222974.67484462,450303188218.3019,68483436522.59322,112.90745510975836,396463719.1084045,-543605893.8079209,0.0,0.0,366660000.0,-1.0,0.0,47.28197053096039,80.0,30.0,0.0,73.44274877281231,36.39333333333334,59.25
2039,E_max_drag,util_severe_bottleneck,fcap_none,3730638.9082985255,4480798.5,165329.98260384376,127304.0866049597,56387.289188777155,8148.0,21131.908298525494,390452.7227996513,10308183.101106457,3618719.7410495696,2.8485718261554798,3154.175496274429,2232.295778913084,1490545.9740478473,1054899.9223641823,124117.90377119614,90037.65637908313,48048.30842316662,0.2975149556778123,63250.10703212612,0.13338824193336776,65.68831354846728,0.0,329978.6120217778,4230243.069518976,462347068030.2114,70346576645.6897,113.15042141083438,453766404.8366598,-550380952.9722608,0.0,0.0,366660000.0,-1.0,0.0,47.2480952351387,80.0,30.0,0.0,73.44574102460872,36.43333333333334,59.25
2040,E_max_drag,util_severe_bottleneck,fcap_none,3734562.1416085674,4854198.375,165329.98260384376,127304.0866049597,60262.505638275856,8148.0,25055.141608567443,442315.2284379272,10325913.094639802,3622525.2773603103,2.850473717650403,3263.4899932564663,2253.3274354322853,1553330.3473532721,1072521.1032401728,127216.51873861668,90034.59006122568,48046.92051738206,0.30032823170294465,62994.66083603826,0.13340340323037506,66.65698338693805,0.0,330546.17262871546,4237519.054193618,474712473799.87524,72260299934.39412,113.39374598080362,514489107.49778277,-556279308.1996974,0.0,0.0,366660000.0,-1.0,0.0,47.218603459001514,80.0,30.0,0.0,73.49240976288573,36.473333333333336,59.25
2041,E_max_drag,util_severe_bottleneck,fcap_none,3738480.667038637,5227598.25,165329.98260384376,127304.0866049597,64404.04633826636,8148.0,28973.667038637213,498319.2747761936,10343661.958023196,3626326.247027478,2.852380412959799,3376.6238133211714,2274.5779917078867,1618781.4573100817,1090451.5515338841,130392.46730861043,90031.507547849,48045.524270181966,0.3031709303100163,62736.571647354365,0.1334185863485853,67.60248993771529,0.0,331114.3372845788,4244802.782624031,487407990856.2401,74225980278.54512,113.63743415730659,578829793.862311,-561193612.3204827,0.0,0.0,366660000.0,-1.0,0.0,47.194031938397586,80.0,30.0,0.0,73.57164873741834,36.513333333333335,59.25
2042,E_max_drag,util_severe_bottleneck,fcap_none,3742394.4902381906,5600998.125,165329.98260384376,127304.0866049597,68830.2144228637,8148.0,32887.49023819063,558749.4891990572,10361430.071200827,3630122.6555310446,2.8542920045452487,3493.7117566865018,2296.0500973377357,1687013.7140974174,1108697.0741218606,133647.6788448392,90028.40877447795,48044.11965250761,0.3060434094428167,62475.80760642512,0.13343379161082908,68.52275500828118,0.0,331683.1181518852,4252094.41073064,500442434427.00586,76245029019.38287,113.88149135919717,646997194.0497912,-565008775.1237569,0.0,0.0,366660000.0,-1.0,0.0,47.17495612438122,80.0,30.0,0.0,73.67552003895042,36.553333333333335,59.25
2043,E_max_drag,util_severe_bottleneck,fcap_none,3746303.616849905,5974398.0,165329.98260384376,127304.0866049597,73560.570909075,8148.0,36796.61684990488,623910.0601081322,10379217.819488263,3633914.5083444077,2.856208585990368,3614.8934421974827,2317.74644103758,1758146.4961686488,1127263.5969707684,136984.13082310781,90025.29367460482,48042.706634293994,0.3089460323559789,62212.33638215386,0.13344901934501555,69.41601365561357,0.0,332252.527565097,4259394.09663816,513824855834.93475,78318895978.62859,114.12592308801183,719211367.0793347,-567601495.5899918,0.0,0.0,366660000.0,-1.0,0.0,47.16199252205004,80.0,30.0,0.0,73.79821348776477,36.593333333333334,59.25
2044,E_max_drag,util_severe_bottleneck,fcap_none,3750208.052509685,6347797.875,165329.98260384376,127304.0866049597,78616.02114480117,8148.0,40701.05250968505,694126.0812529335,10397025.59367044,3637701.8109343946,2.858130252022999,3740.3134823615987,2339.66975135512,1832304.3691757773,1146157.1678557883,140403.85003029343,90022.16217965877,48041.28518445497,0.31187916771238633,61946.12516339733,0.13346426988422214,70.2808153512749,0.0,332822.5780337583,4266702.000715808,527564548863.1383,80449070516.24506,114.37073492947061,795704295.6218685,-568839768.0671545,0.0,0.0,366660000.0,-1.0,0.0,47.15580115966423,80.0,30.0,0.0,73.935390411447,36.63333333333333,59.25
2045,E_max_drag,util_severe_bottleneck,fcap_none,3754107.8028466734,6721197.75,165329.98260384376,127304.0866049597,84018.90719797762,8148.0,44600.80284667341,769744.9884509111,10414853.790101834,3641484.5687612733,2.860057098537881,3870.121664872027,2361.82279739984,1909617.3147120678,1165383.9591488824,143908.91379311838,90019.01421897447,48039.855270867905,0.3148431896827426,61677.140650176385,0.13347954356678607,71.11601931537376,0.0,333393.28224570147,4274018.285618414,541671056294.04803,82637082617.69788,114.61593255501269,876720511.4533801,-568582360.9937217,0.0,0.0,366660000.0,-1.0,0.0,47.15708819503139,80.0,30.0,0.0,74.0837557820207,36.67333333333333,59.25
2026,E_max_drag,util_severe_bottleneck,fcap_partial,3705055.5916,74679.975,33065.99652076875,25460.817320991937,0.0,0.0,-4451.408400000073,0.0,10141419.983388092,3593903.923852,2.8218394810394285,2022.8608386219394,1973.522769387258,870073.9380946757,848852.622531391,90065.85729695886,90065.85729695886,48061.022960284165,0.262943960601669,66383.58406431176,0.13324592085275141,56.48489111436993,0.0,324640.30345843616,4161807.292228237,330023427262.5827,50000980743.5128,110.86691960867587,65388815.23073341,-388363332.2999384,0.0,0.0,0.0,-1.0,0.0,48.05818333850031,80.0,49.95,0.0,34.070337028478704,35.913333333333334,59.25
2027,E_max_drag,util_severe_bottleneck,fcap_partial,3700609.52489008,224039.92500000002,66131.9930415375,50921.634641983874,3819.1225981487905,0.0,-8897.475109919906,3819.1225981487905,10138591.969245598,3589591.2391433776,2.824441919371599,2094.164752895718,1993.2561598055613,907501.2291789218,863772.7344951071,92317.98357652809,90066.32544051521,48061.233218176545,0.265571775029994,66147.25152284847,0.13324351178011645,57.91136618998981,0.0,324549.77497515595,4160646.7397710816,338180587363.98334,51233141206.15149,110.82827582316045,46859395.25643676,-411067494.1864199,0.0,0.0,0.0,-1.0,0.0,47.9446625290679,80.0,49.95,0.0,100.0,35.95333333333333,59.25
2028,E_max_drag,util_severe_bottleneck,fcap_partial,3696359.74959012,448079.85000000003,99197.98956230625,76382.45196297581,15276.490392595162,185.22744601021634,-13147.250409880187,18904.656860836512,10136271.403112438,3585468.957102416,2.827042019993956,2167.965613639257,2013.1715917196857,946527.728760842,878945.0913465257,94626.33648766797,90066.70932794096,48061.40561324049,0.26822406725968606,65908.65022730472,0.13324153509432246,59.25374026184294,0.0,324475.49057564395,4159694.432394905,346556522872.7568,52498945626.779724,110.7965681430354,27881768.49003739,-435234683.9185683,0.0,0.0,8335235.070459736,-1.0,0.0,47.82382658040716,80.0,49.95,0.0,100.0,35.99333333333333,59.25
2029,E_max_drag,util_severe_bottleneck,fcap_partial,3693133.5067133587,746799.75,132263.986083075,101843.26928396775,29008.249999999996,1173.1071580647035,-16373.493286641315,46703.518038089394,10136468.360713933,3582339.501511958,2.829566643930802,2244.1996374254763,2033.1341085849867,987121.9116513458,894283.7323565035,96991.95982179786,90066.67675447345,48061.39098596892,0.27088386273570436,65669.06745145361,0.1332417028612214,60.16610798062472,0.0,324481.7954496776,4159775.259299176,355227272106.9011,53812726280.821396,110.79925925577926,14503951.758143544,-458786134.16265297,0.0,0.0,52789822.11291166,-1.0,0.0,47.70606932918673,80.0,49.95,0.0,87.9297074218762,36.03333333333334,59.25
2030,E_max_drag,util_severe_bottleneck,fcap_partial,3695117.018382896,1120199.625,165329.98260384376,127304.0866049597,31001.841981249992,6222.813721265625,-14389.981617103796,71290.08814174596,10149356.110862639,3584263.507831409,2.8316434014092104,2322.150487565331,2052.4426649091483,1028816.4633243551,909323.8422724908,99414.40217259093,90064.54175064091,48060.43195897409,0.2734629133749466,65435.22977173113,0.13325268212443883,58.03032211536733,0.0,324894.34942397574,4165064.0978086903,364566440675.06213,55245719948.96106,110.9753782930997,39043556.44535962,-469933249.55901897,0.0,0.0,280026617.4569531,-1.0,0.0,47.65033375220491,80.0,49.95,0.0,77.97819156953418,36.07333333333334,59.25
2031,E_max_drag,util_severe_bottleneck,fcap_partial,3699082.8779608365,1493599.5,165329.98260384376,127304.0866049597,33132.44357141139,8148.0,-10424.122039163485,96022.53171315735,10166978.572596189,3588110.3916220115,2.8335188895902914,2402.4409888882137,2071.617335373362,1072025.8577075265,924404.537329822,101896.44632049577,90061.6109725432,48059.1145446756,0.2760266861322207,65202.202948062855,0.1332676999893623,57.44567800228671,0.0,325458.4677953907,4172295.9538870137,374323153223.0846,56749792077.98448,111.21629057444613,76499826.4495165,-479218118.9868431,0.0,0.0,366660000.0,-1.0,0.0,47.603909405065785,80.0,49.95,0.0,73.51421710550716,36.11333333333334,59.25
2032,E_max_drag,util_severe_bottleneck,fcap_partial,3703043.9785072836,1866999.375,165329.98260384376,127304.0866049597,35409.47075585664,8148.0,-6463.021492716391,123032.002469014,10184570.671477111,3591952.659152065,2.835385551512623,2485.528489491406,2090.988709018524,1117064.0856289738,939747.1805999033,104440.4493245951,90058.67213210526,48057.79244020868,0.2786168606996063,64966.807623882974,0.1332826977572125,58.492822285411,0.0,326021.61421162507,4179515.3497436247,384338656324.4306,58294376611.991844,111.4568919193834,114607880.16869946,-489687432.43672013,0.0,0.0,366660000.0,-1.0,0.0,47.5515628378164,80.0,49.95,0.0,71.31746690259934,36.153333333333336,59.25
2033,E_max_drag,util_severe_bottleneck,fcap_partial,3707000.325733075,2240399.25,165329.98260384376,127304.0866049597,37842.98663355288,8148.0,-2506.6742669250816,152474.98910256688,10202178.782934327,3595790.3159610825,2.837256315433257,2571.511338764772,2110.55911309817,1164009.2725883722,955356.6188715482,107047.94847879953,90055.71754221505,48056.46219224463,0.28123377447196224,64729.008185037004,0.13329771493634424,59.54240487116851,0.0,326585.27321166295,4186741.316796073,394621538188.7424,59880894945.57331,111.69781632681433,155009555.7245356,-499849070.90832675,0.0,0.0,366660000.0,-1.0,0.0,47.500754645458365,80.0,49.95,0.0,70.08706079799886,36.193333333333335,59.25
2034,E_max_drag,util_severe_bottleneck,fcap_partial,3710951.925342195,2613799.125,165329.98260384376,127304.0866049597,40443.74588994379,8148.0,1444.9253421952017,184518.73499251067,10219803.247227376,3599623.367581929,2.839131265583654,2660.49138499264,2130.3309082053497,1212942.9189349364,971237.7963979235,109720.52806072433,90052.74715364113,48055.123779279806,0.28387774617079586,64488.776255176934,0.133312751811954,60.59066629389293,0.0,327149.4556876634,4193973.994679109,405178935084.13586,61510485375.02488,111.93906860443576,197841141.45142293,-509638717.23864686,0.0,0.0,366660000.0,-1.0,0.0,47.451806413806764,80.0,49.95,0.0,69.35532599118298,36.233333333333334,59.25
2035,E_max_drag,util_severe_bottleneck,fcap_partial,3714898.7830317845,2987199.0,165329.98260384376,127304.0866049597,43223.242326230175,8148.0,5391.783031784464,219341.97731874086,10237444.40927464,3603451.819540831,2.8410104871553807,2752.574101676433,2150.3064888612594,1263950.0476271233,987395.7570674657,112459.81185980763,90049.76091533914,48053.777178911194,0.28654909912081394,64246.083049004024,0.13332780867366775,61.633919600848074,0.0,327714.1726809211,4201213.524939363,416018174166.5626,63184317183.59884,112.1806536317246,243246436.43271703,-518986959.4837114,0.0,0.0,366660000.0,-1.0,0.0,47.40506520258144,80.0,49.95,0.0,68.91290400537471,36.27333333333333,59.25
2036,E_max_drag,util_severe_bottleneck,fcap_partial,3718840.9044921463,3360598.875,165329.98260384376,127304.0866049597,46193.75965510033,8148.0,9333.904492146336,257135.73697384118,10255102.618735902,3607275.6773573817,2.8428940663189306,2847.8687185031654,2170.4882841164567,1317119.358567279,1003835.6466290473,115267.46416212116,90046.7587744266,48052.42236782418,0.2892481613318717,64000.89936502912,0.13334288581561607,62.66860016665195,0.0,328279.4353845097,4208460.051069229,427146778614.3114,64903591490.8366,112.4225763611997,291377147.8854339,-527818971.9006237,0.0,0.0,366660000.0,-1.0,0.0,47.36090514049688,80.0,49.95,0.0,68.65210554667081,36.31333333333333,59.25
2037,E_max_drag,util_severe_bottleneck,fcap_partial,3722778.295406756,3733998.75,165329.98260384376,127304.0866049597,49368.425787397086,8148.0,13271.295406755991,298104.1627612383,10272778.2300967,3611094.946544553,2.8447820902429313,2946.4883571346836,2190.878758164977,1372543.3898095398,1020562.7149729204,118145.19075970282,90043.74067615709,48051.05932177995,0.29197526558268877,63753.195578177365,0.13335798353651096,63.69131125343623,0.0,328845.25514598115,4215713.718541482,438572472902.05566,66669542125.474915,112.66484181971136,342393309.1168455,-536054177.8733156,0.0,0.0,366660000.0,-1.0,0.0,47.319729110633425,80.0,49.95,0.0,68.51192364162065,36.35333333333334,59.25
2038,E_max_drag,util_severe_bottleneck,fcap_partial,3726710.961452268,4107398.625,165329.98260384376,127304.0866049597,52761.27084963594,8148.0,17203.961452268064,342465.4336108742,10290471.602754451,3614909.6326087,2.846674647113746,3048.5501719992894,2211.480410971668,1430318.685953146,1037582.3184690092,121094.73998502114,90040.70656389392,48049.68801560273,0.2947307495063748,63502.94163223391,0.13337310213972428,64.69886435206313,0.0,329411.6434701236,4222974.67484462,450303188218.3019,68483436522.59322,112.90745510975836,396463719.1084045,-543605893.8079209,0.0,0.0,366660000.0,-1.0,0.0,47.28197053096039,80.0,49.95,0.0,68.45524877281233,36.39333333333334,59.25
2039,E_max_drag,util_severe_bottleneck,fcap_partial,3730638.9082985255,4480798.5,165329.98260384376,127304.0866049597,56387.289188777155,8148.0,21131.908298525494,390452.7227996513,10308183.101106457,3618719.7410495696,2.8485718261554798,3154.175496274429,2232.295778913084,1490545.9740478473,1054899.9223641823,124117.90377119614,90037.65637908313,48048.30842316662,0.2975149556778123,63250.10703212612,0.13338824193336776,65.68831354846728,0.0,329978.6120217778,4230243.069518976,462347068030.2114,70346576645.6897,113.15042141083438,453766404.8366598,-550380952.9722608,0.0,0.0,366660000.0,-1.0,0.0,47.2480952351387,80.0,49.95,0.0,68.45824102460872,36.43333333333334,59.25
2040,E_max_drag,util_severe_bottleneck,fcap_partial,3734562.1416085674,4854198.375,165329.98260384376,127304.0866049597,60262.505638275856,8148.0,25055.141608567443,442315.2284379272,10325913.094639802,3622525.2773603103,2.850473717650403,3263.4899932564663,2253.3274354322853,1553330.3473532721,1072521.1032401728,127216.51873861668,90034.59006122568,48046.92051738206,0.30032823170294465,62994.66083603826,0.13340340323037506,66.65698338693805,0.0,330546.17262871546,4237519.054193618,474712473799.87524,72260299934.39412,113.39374598080362,514489107.49778277,-556279308.1996974,0.0,0.0,366660000.0,-1.0,0.0,47.218603459001514,80.0,49.95,0.0,68.50490976288573,36.473333333333336,59.25
2041,E_max_drag,util_severe_bottleneck,fcap_partial,3738480.667038637,5227598.25,165329.98260384376,127304.0866049597,64404.04633826636,8148.0,28973.667038637213,498319.2747761936,10343661.958023196,3626326.247027478,2.852380412959799,3376.6238133211714,2274.5779917078867,1618781.4573100817,1090451.5515338841,130392.46730861043,90031.507547849,48045.524270181966,0.3031709303100163,62736.571647354365,0.1334185863485853,67.60248993771529,0.0,331114.3372845788,4244802.782624031,487407990856.2401,74225980278.54512,113.63743415730659,578829793.862311,-561193612.3204827,0.0,0.0,366660000.0,-1.0,0.0,47.194031938397586,80.0,49.95,0.0,68.58414873741835,36.513333333333335,59.25
2042,E_max_drag,util_severe_bottleneck,fcap_partial,3742394.4902381906,5600998.125,165329.98260384376,127304.0866049597,68830.2144228637,8148.0,32887.49023819063,558749.4891990572,10361430.071200827,3630122.6555310446,2.8542920045452487,3493.7117566865018,2296.0500973377357,1687013.7140974174,1108697.0741218606,133647.6788448392,90028.40877447795,48044.11965250761,0.3060434094428167,62475.80760642512,0.13343379161082908,68.52275500828118,0.0,331683.1181518852,4252094.41073064,500442434427.00586,76245029019.38287,113.88149135919717,646997194.0497912,-565008775.1237569,0.0,0.0,366660000.0,-1.0,0.0,47.17495612438122,80.0,49.95,0.0,68.68802003895041,36.553333333333335,59.25
2043,E_max_drag,util_severe_bottleneck,fcap_partial,3746303.616849905,5974398.0,165329.98260384376,127304.0866049597,73560.570909075,8148.0,36796.61684990488,623910.0601081322,10379217.819488263,3633914.5083444077,2.856208585990368,3614.8934421974827,2317.74644103758,1758146.4961686488,1127263.5969707684,136984.13082310781,90025.29367460482,48042.706634293994,0.3089460323559789,62212.33638215386,0.13344901934501555,69.41601365561357,0.0,332252.527565097,4259394.09663816,513824855834.93475,78318895978.62859,114.12592308801183,719211367.0793347,-567601495.5899918,0.0,0.0,366660000.0,-1.0,0.0,47.16199252205004,80.0,49.95,0.0,68.81071348776477,36.593333333333334,59.25
2044,E_max_drag,util_severe_bottleneck,fcap_partial,3750208.052509685,6347797.875,165329.98260384376,127304.0866049597,78616.02114480117,8148.0,40701.05250968505,694126.0812529335,10397025.59367044,3637701.8109343946,2.858130252022999,3740.3134823615987,2339.66975135512,1832304.3691757773,1146157.1678557883,140403.85003029343,90022.16217965877,48041.28518445497,0.31187916771238633,61946.12516339733,0.13346426988422214,70.2808153512749,0.0,332822.5780337583,4266702.000715808,527564548863.1383,80449070516.24506,114.37073492947061,795704295.6218685,-568839768.0671545,0.0,0.0,366660000.0,-1.0,0.0,47.15580115966423,80.0,49.95,0.0,68.947890411447,36.63333333333333,59.25
2045,E_max_drag,util_severe_bottleneck,fcap_partial,3754107.8028466734,6721197.75,165329.98260384376,127304.0866049597,84018.90719797762,8148.0,44600.80284667341,769744.9884509111,10414853.790101834,3641484.5687612733,2.860057098537881,3870.121664872027,2361.82279739984,1909617.3147120678,1165383.9591488824,143908.91379311838,90019.01421897447,48039.855270867905,0.3148431896827426,61677.140650176385,0.13347954356678607,71.11601931537376,0.0,333393.28224570147,4274018.285618414,541671056294.04803,82637082617.69788,114.61593255501269,876720511.4533801,-568582360.9937217,0.0,0.0,366660000.0,-1.0,0.0,47.15708819503139,80.0,49.95,0.0,69.0962557820207,36.67333333333333,59.25
2026,E_max_drag,util_severe_bottleneck,fcap_high,3705055.5916,74679.975,33065.99652076875,25460.817320991937,0.0,0.0,-4451.408400000073,0.0,10141419.983388092,3593903.923852,2.8218394810394285,2022.8608386219394,1973.522769387258,870073.9380946757,848852.622531391,90065.85729695886,90065.85729695886,48061.022960284165,0.262943960601669,66383.58406431176,0.13324592085275141,56.48489111436993,0.0,324640.30345843616,4161807.292228237,330023427262.5827,50000980743.5128,110.86691960867587,65388815.23073341,-388363332.2999384,0.0,0.0,0.0,-1.0,0.0,48.05818333850031,80.0,69.9,0.0,29.0828370284787,35.913333333333334,59.25
2027,E_max_drag,util_severe_bottleneck,fcap_high,3700609.52489008,224039.92500000002,66131.9930415375,50921.634641983874,3819.1225981487905,0.0,-8897.475109919906,3819.1225981487905,10138591.969245598,3589591.2391433776,2.824441919371599,2094.164752895718,1993.2561598055613,907501.2291789218,863772.7344951071,92317.98357652809,90066.32544051521,48061.233218176545,0.265571775029994,66147.25152284847,0.13324351178011645,57.91136618998981,0.0,324549.77497515595,4160646.7397710816,338180587363.98334,51233141206.15149,110.82827582316045,46859395.25643676,-411067494.1864199,0.0,0.0,0.0,-1.0,0.0,47.9446625290679,80.0,69.9,0.0,100.0,35.95333333333333,59.25
2028,E_max_drag,util_severe_bottleneck,fcap_high,3696359.74959012,448079.85000000003,99197.98956230625,76382.45196297581,15276.490392595162,185.22744601021634,-13147.250409880187,18904.656860836512,10136271.403112438,3585468.957102416,2.827042019993956,2167.965613639257,2013.1715917196857,946527.728760842,878945.0913465257,94626.33648766797,90066.70932794096,48061.40561324049,0.26822406725968606,65908.65022730472,0.13324153509432246,59.25374026184294,0.0,324475.49057564395,4159694.432394905,346556522872.7568,52498945626.779724,110.7965681430354,27881768.49003739,-435234683.9185683,0.0,0.0,8335235.070459736,-1.0,0.0,47.82382658040716,80.0,69.9,0.0,100.0,35.99333333333333,59.25
2029,E_max_drag,util_severe_bottleneck,fcap_high,3693133.5067133587,746799.75,132263.986083075,101843.26928396775,29008.249999999996,1173.1071580647035,-16373.493286641315,46703.518038089394,10136468.360713933,3582339.501511958,2.829566643930802,2244.1996374254763,2033.1341085849867,987121.9116513458,894283.7323565035,96991.95982179786,90066.67675447345,48061.39098596892,0.27088386273570436,65669.06745145361,0.1332417028612214,60.16610798062472,0.0,324481.7954496776,4159775.259299176,355227272106.9011,53812726280.821396,110.79925925577926,14503951.758143544,-458786134.16265297,0.0,0.0,52789822.11291166,-1.0,0.0,47.70606932918673,80.0,69.9,0.0,82.9422074218762,36.03333333333334,59.25
2030,E_max_drag,util_severe_bottleneck,fcap_high,3695117.018382896,1120199.625,165329.98260384376,127304.0866049597,31001.841981249992,6222.813721265625,-14389.981617103796,71290.08814174596,10149356.110862639,3584263.507831409,2.8316434014092104,2322.150487565331,2052.4426649091483,1028816.4633243551,909323.8422724908,99414.40217259093,90064.54175064091,48060.43195897409,0.2734629133749466,65435.22977173113,0.13325268212443883,58.03032211536733,0.0,324894.34942397574,4165064.0978086903,364566440675.06213,55245719948.96106,110.9753782930997,39043556.44535962,-469933249.55901897,0.0,0.0,280026617.4569531,-1.0,0.0,47.65033375220491,80.0,69.9,0.0,72.99069156953416,36.07333333333334,59.25
2031,E_max_drag,util_severe_bottleneck,fcap_high,3699082.8779608365,1493599.5,165329.98260384376,127304.0866049597,33132.44357141139,8148.0,-10424.122039163485,96022.53171315735,10166978.572596189,3588110.3916220115,2.8335188895902914,2402.4409888882137,2071.617335373362,1072025.8577075265,924404.537329822,101896.44632049577,90061.6109725432,48059.1145446756,0.2760266861322207,65202.202948062855,0.1332676999893623,57.44567800228671,0.0,325458.4677953907,4172295.9538870137,374323153223.0846,56749792077.98448,111.21629057444613,76499826.4495165,-479218118.9868431,0.0,0.0,366660000.0,-1.0,0.0,47.603909405065785,80.0,69.9,0.0,68.52671710550716,36.11333333333334,59.25
2032,E_max_drag,util_severe_bottleneck,fcap_high,3703043.9785072836,1866999.375,165329.98260384376,127304.0866049597,35409.47075585664,8148.0,-6463.021492716391,123032.002469014,10184570.671477111,3591952.659152065,2.835385551512623,2485.528489491406,2090.988709018524,1117064.0856289738,939747.1805999033,104440.4493245951,90058.67213210526,48057.79244020868,0.2786168606996063,64966.807623882974,0.1332826977572125,58.492822285411,0.0,326021.61421162507,4179515.3497436247,384338656324.4306,58294376611.991844,111.4568919193834,114607880.16869946,-489687432.43672013,0.0,0.0,366660000.0,-1.0,0.0,47.5515628378164,80.0,69.9,0.0,66.32996690259932,36.153333333333336,59.25
2033,E_max_drag,util_severe_bottleneck,fcap_high,3707000.325733075,2240399.25,165329.98260384376,127304.0866049597,37842.98663355288,8148.0,-2506.6742669250816,152474.98910256688,10202178.782934327,3595790.3159610825,2.837256315433257,2571.511338764772,2110.55911309817,1164009.2725883722,955356.6188715482,107047.94847879953,90055.71754221505,48056.46219224463,0.28123377447196224,64729.008185037004,0.13329771493634424,59.54240487116851,0.0,326585.27321166295,4186741.316796073,394621538188.7424,59880894945.57331,111.69781632681433,155009555.7245356,-499849070.90832675,0.0,0.0,366660000.0,-1.0,0.0,47.500754645458365,80.0,69.9,0.0,65.09956079799886,36.193333333333335,59.25
2034,E_max_drag,util_severe_bottleneck,fcap_high,3710951.925342195,2613799.125,165329.98260384376,127304.0866049597,40443.74588994379,8148.0,1444.9253421952017,184518.73499251067,10219803.247227376,3599623.367581929,2.839131265583654,2660.49138499264,2130.3309082053497,1212942.9189349364,971237.7963979235,109720.52806072433,90052.74715364113,48055.123779279806,0.28387774617079586,64488.776255176934,0.133312751811954,60.59066629389293,0.0,327149.4556876634,4193973.994679109,405178935084.13586,61510485375.02488,111.93906860443576,197841141.45142293,-509638717.23864686,0.0,0.0,366660000.0,-1.0,0.0,47.451806413806764,80.0,69.9,0.0,64.36782599118297,36.233333333333334,59.25
2035,E_max_drag,util_severe_bottleneck,fcap_high,3714898.7830317845,2987199.0,165329.98260384376,127304.0866049597,43223.242326230175,8148.0,5391.783031784464,219341.97731874086,10237444.40927464,3603451.819540831,2.8410104871553807,2752.574101676433,2150.3064888612594,1263950.0476271233,987395.7570674657,112459.81185980763,90049.76091533914,48053.777178911194,0.28654909912081394,64246.083049004024,0.13332780867366775,61.633919600848074,0.0,327714.1726809211,4201213.524939363,416018174166.5626,63184317183.59884,112.1806536317246,243246436.43271703,-518986959.4837114,0.0,0.0,366660000.0,-1.0,0.0,47.40506520258144,80.0,69.9,0.0,63.9254040053747,36.27333333333333,59.25
2036,E_max_drag,util_severe_bottleneck,fcap_high,3718840.9044921463,3360598.875,165329.98260384376,127304.0866049597,46193.75965510033,8148.0,9333.904492146336,257135.73697384118,10255102.618735902,3607275.6773573817,2.8428940663189306,2847.8687185031654,2170.4882841164567,1317119.358567279,1003835.6466290473,115267.46416212116,90046.7587744266,48052.42236782418,0.2892481613318717,64000.89936502912,0.13334288581561607,62.66860016665195,0.0,328279.4353845097,4208460.051069229,427146778614.3114,64903591490.8366,112.4225763611997,291377147.8854339,-527818971.9006237,0.0,0.0,366660000.0,-1.0,0.0,47.36090514049688,80.0,69.9,0.0,63.66460554667081,36.31333333333333,59.25
2037,E_max_drag,util_severe_bottleneck,fcap_high,3722778.295406756,3733998.75,165329.98260384376,127304.0866049597,49368.425787397086,8148.0,13271.295406755991,298104.1627612383,10272778.2300967,3611094.946544553,2.8447820902429313,2946.4883571346836,2190.878758164977,1372543.3898095398,1020562.7149729204,118145.19075970282,90043.74067615709,48051.05932177995,0.29197526558268877,63753.195578177365,0.13335798353651096,63.69131125343623,0.0,328845.25514598115,4215713.718541482,438572472902.05566,66669542125.474915,112.66484181971136,342393309.1168455,-536054177.8733156,0.0,0.0,366660000.0,-1.0,0.0,47.319729110633425,80.0,69.9,0.0,63.52442364162065,36.35333333333334,59.25
2038,E_max_drag,util_severe_bottleneck,fcap_high,3726710.961452268,4107398.625,165329.98260384376,127304.0866049597,52761.27084963594,8148.0,17203.961452268064,342465.4336108742,10290471.602754451,3614909.6326087,2.846674647113746,3048.5501719992894,2211.480410971668,1430318.685953146,1037582.3184690092,121094.73998502114,90040.70656389392,48049.68801560273,0.2947307495063748,63502.94163223391,0.13337310213972428,64.69886435206313,0.0,329411.6434701236,4222974.67484462,450303188218.3019,68483436522.59322,112.90745510975836,396463719.1084045,-543605893.8079209,0.0,0.0,366660000.0,-1.0,0.0,47.28197053096039,80.0,69.9,0.0,63.467748772812314,36.39333333333334,59.25
2039,E_max_drag,util_severe_bottleneck,fcap_high,3730638.9082985255,4480798.5,165329.98260384376,127304.0866049597,56387.289188777155,8148.0,21131.908298525494,390452.7227996513,10308183.101106457,3618719.7410495696,2.8485718261554798,3154.175496274429,2232.295778913084,1490545.9740478473,1054899.9223641823,124117.90377119614,90037.65637908313,48048.30842316662,0.2975149556778123,63250.10703212612,0.13338824193336776,65.68831354846728,0.0,329978.6120217778,4230243.069518976,462347068030.2114,70346576645.6897,113.15042141083438,453766404.8366598,-550380952.9722608,0.0,0.0,366660000.0,-1.0,0.0,47.2480952351387,80.0,69.9,0.0,63.47074102460872,36.43333333333334,59.25
2040,E_max_drag,util_severe_bottleneck,fcap_high,3734562.1416085674,4854198.375,165329.98260384376,127304.0866049597,60262.505638275856,8148.0,25055.141608567443,442315.2284379272,10325913.094639802,3622525.2773603103,2.850473717650403,3263.4899932564663,2253.3274354322853,1553330.3473532721,1072521.1032401728,127216.51873861668,90034.59006122568,48046.92051738206,0.30032823170294465,62994.66083603826,0.13340340323037506,66.65698338693805,0.0,330546.17262871546,4237519.054193618,474712473799.87524,72260299934.39412,113.39374598080362,514489107.49778277,-556279308.1996974,0.0,0.0,366660000.0,-1.0,0.0,47.218603459001514,80.0,69.9,0.0,63.51740976288573,36.473333333333336,59.25
2041,E_max_drag,util_severe_bottleneck,fcap_high,3738480.667038637,5227598.25,165329.98260384376,127304.0866049597,64404.04633826636,8148.0,28973.667038637213,498319.2747761936,10343661.958023196,3626326.247027478,2.852380412959799,3376.6238133211714,2274.5779917078867,1618781.4573100817,1090451.5515338841,130392.46730861043,90031.507547849,48045.524270181966,0.3031709303100163,62736.571647354365,0.1334185863485853,67.60248993771529,0.0,331114.3372845788,4244802.782624031,487407990856.2401,74225980278.54512,113.63743415730659,578829793.862311,-561193612.3204827,0.0,0.0,366660000.0,-1.0,0.0,47.194031938397586,80.0,69.9,0.0,63.59664873741834,36.513333333333335,59.25
2042,E_max_drag,util_severe_bottleneck,fcap_high,3742394.4902381906,5600998.125,165329.98260384376,127304.0866049597,68830.2144228637,8148.0,32887.49023819063,558749.4891990572,10361430.071200827,3630122.6555310446,2.8542920045452487,3493.7117566865018,2296.0500973377357,1687013.7140974174,1108697.0741218606,133647.6788448392,90028.40877447795,48044.11965250761,0.3060434094428167,62475.80760642512,0.13343379161082908,68.52275500828118,0.0,331683.1181518852,4252094.41073064,500442434427.00586,76245029019.38287,113.88149135919717,646997194.0497912,-565008775.1237569,0.0,0.0,366660000.0,-1.0,0.0,47.17495612438122,80.0,69.9,0.0,63.700520038950415,36.553333333333335,59.25
2043,E_max_drag,util_severe_bottleneck,fcap_high,3746303.616849905,5974398.0,165329.98260384376,127304.0866049597,73560.570909075,8148.0,36796.61684990488,623910.0601081322,10379217.819488263,3633914.5083444077,2.856208585990368,3614.8934421974827,2317.74644103758,1758146.4961686488,1127263.5969707684,136984.13082310781,90025.29367460482,48042.706634293994,0.3089460323559789,62212.33638215386,0.13344901934501555,69.41601365561357,0.0,332252.527565097,4259394.09663816,513824855834.93475,78318895978.62859,114.12592308801183,719211367.0793347,-567601495.5899918,0.0,0.0,366660000.0,-1.0,0.0,47.16199252205004,80.0,69.9,0.0,63.82321348776477,36.593333333333334,59.25
2044,E_max_drag,util_severe_bottleneck,fcap_high,3750208.052509685,6347797.875,165329.98260384376,127304.0866049597,78616.02114480117,8148.0,40701.05250968505,694126.0812529335,10397025.59367044,3637701.8109343946,2.858130252022999,3740.3134823615987,2339.66975135512,1832304.3691757773,1146157.1678557883,140403.85003029343,90022.16217965877,48041.28518445497,0.31187916771238633,61946.12516339733,0.13346426988422214,70.2808153512749,0.0,332822.5780337583,4266702.000715808,527564548863.1383,80449070516.24506,114.37073492947061,795704295.6218685,-568839768.0671545,0.0,0.0,366660000.0,-1.0,0.0,47.15580115966423,80.0,69.9,0.0,63.960390411447,36.63333333333333,59.25
2045,E_max_drag,util_severe_bottleneck,fcap_high,3754107.8028466734,6721197.75,165329.98260384376,127304.0866049597,84018.90719797762,8148.0,44600.80284667341,769744.9884509111,10414853.790101834,3641484.5687612733,2.860057098537881,3870.121664872027,2361.82279739984,1909617.3147120678,1165383.9591488824,143908.91379311838,90019.01421897447,48039.855270867905,0.3148431896827426,61677.140650176385,0.13347954356678607,71.11601931537376,0.0,333393.28224570147,4274018.285618414,541671056294.04803,82637082617.69788,114.61593255501269,876720511.4533801,-568582360.9937217,0.0,0.0,366660000.0,-1.0,0.0,47.15708819503139,80.0,69.9,0.0,64.1087557820207,36.67333333333333,59.25
2026,F_legal_collision,util_improved,fcap_none,3705055.5916,63535.999999999985,41258.90602239999,33419.71387814399,0.0,0.0,-4451.408400000073,0.0,10141419.983388092,3593903.923852,2.8218394810394285,2022.8608386219394,1973.522769387258,870073.9380946757,848852.622531391,90065.85729695886,90065.85729695886,48061.022960284165,0.262943960601669,66383.58406431176,0.13324592085275141,56.48489111436993,0.0,321701.5066254187,4145986.0885246904,328768835806.7472,49099813359.501564,108.86876576386157,64134223.7748979,-389617923.75577384,0.0,0.0,0.0,-1.0,0.0,48.051910381221134,80.0,30.0,56.66666666666666,27.0578370284787,28.496666666666663,32.125
2027,F_legal_collision,util_improved,fcap_none,3700609.52489008,190607.99999999994,82517.81204479998,66839.42775628799,5012.957081721599,0.0,-8897.475109919906,5012.957081721599,10138591.969245598,3589591.2391433776,2.824441919371599,2094.164752895718,1993.2561598055613,907501.2291789218,863772.7344951071,92317.98357652809,90066.32544051521,48061.233218176545,0.265571775029994,66147.25152284847,0.13324351178011645,57.91136618998981,0.0,321611.7976485803,4144829.947933714,336894986281.1889,50309766601.31603,108.83081845506689,45573794.17364232,-412353095.26921433,0.0,0.0,0.0,-1.0,0.0,47.938234523653925,80.0,30.0,56.66666666666666,100.0,28.536666666666665,32.125
2028,F_legal_collision,util_improved,fcap_none,3699093.0184245496,381215.9999999999,123776.71806719998,100259.14163443199,20051.828326886396,2836.498215407471,-10413.981575450394,22140.560444270395,10142926.092743622,3588120.227871813,2.826807756873743,2167.4852892747995,2012.7255627978002,946213.1837717727,878653.0050549681,94625.17923680603,90065.60783991056,48060.91090999041,0.2681679203953684,65912.90108633696,0.13324720390854966,57.753321899548574,0.0,321749.2827405595,4146601.811810586,345463563054.959,51595067835.23049,108.88897635945344,46310361.52282065,-429464350.483458,0.0,0.0,127642419.69333619,-1.0,0.0,47.85267824758271,80.0,30.0,56.66666666666666,93.1508650597018,28.576666666666664,32.125
2029,F_legal_collision,util_improved,fcap_none,3708439.7387771746,635359.9999999998,165035.62408959997,133678.85551257597,44550.0,13372.063015492362,-1067.2612228253856,52904.928469536,10173671.893204652,3597186.5466138595,2.828230274235134,2241.4148983390946,2030.6112724140803,985285.1605855331,892619.7265440939,96985.30206386946,90060.49436438308,48058.61233778103,0.27056630591410236,65693.15909541411,0.13327340555750075,49.690279980097515,11846790.761270069,322724.5870221018,4159171.2213410847,355163132031.4724,53085405124.247185,109.30172045856352,125216560.08938943,-408549047.6212408,0.0,0.0,601742835.6971563,-1.0,0.0,47.95725476189379,80.0,30.0,56.66666666666666,63.007594993666935,28.616666666666664,32.125
2030,F_legal_collision,util_improved,fcap_none,3738332.039560178,953039.9999999998,206294.53011199995,167098.56939071996,61746.299999999996,33312.15561544991,28825.03956017783,80308.8,10254217.922533095,3626182.0783733726,2.8278276437604912,2314.0378612173795,2045.2722853277378,1023429.790737066,904562.8086102667,99394.93946073942,90046.90949428949,48052.490409521735,0.27256090810633893,65503.64207035663,0.13334213029770875,40.800762114614265,351870849.11600435,325279.63148629904,4192099.8169054757,366895787207.49335,54951559356.62915,110.38448033678534,357950822.6845753,-7495476.134329144,0.0,0.0,1499047002.695246,-1.0,0.0,49.962522619328354,80.0,30.0,56.66666666666666,53.614904702981335,28.656666666666663,32.125
2031,F_legal_collision,util_improved,fcap_none,3788427.2161127054,1270719.9999999998,206294.53011199995,167098.56939071996,85580.3718,52943.73975,78920.21611270541,111307.9968,10383499.664786212,3674774.399629324,2.8256155441361517,2385.2038428499854,2056.7537983664943,1060509.1454080697,914473.7124078317,101854.50605442401,90024.5418885522,48042.36547356257,0.27415907998679245,65343.49630815427,0.1334526857915605,39.018258136415476,420051626.28210807,329380.6480431631,4244952.406164144,380760456932.5805,57214406765.34818,112.12682645806643,747755888.1640508,172419659.63623407,0.0,0.0,2382468288.75,7.0,0.0,50.862098298181174,80.0,30.0,56.66666666666666,49.257392239789255,28.696666666666665,32.125
2032,F_legal_collision,util_improved,fcap_none,3859530.61200337,1588399.9999999998,206294.53011199995,167098.56939071996,118614.39531479997,73380.0232935,150023.6120033702,154272.88356479997,10563484.228315026,3743744.693643269,2.8216358466567995,2454.6135361378942,2064.9810335179886,1096287.9947417467,922268.9776155457,104363.44851239686,89992.2745730703,48027.671250058745,0.27535444036471857,65212.50217085444,0.13360709495629206,37.680114530825755,471235619.1959149,335090.03640804515,4318533.176683653,396970203938.7022,59918172428.05988,114.5615350305924,1313533634.6086109,394077897.7657988,0.0,0.0,3302101048.2075,7.0,0.0,51.97038948882899,80.0,30.0,56.66666666666666,47.801104672197724,28.736666666666665,32.125
2033,F_legal_collision,util_improved,fcap_none,3959749.3941192664,1906079.9999999998,206294.53011199995,167098.56939071996,163073.8740764089,101704.71228479098,250242.39411926642,212496.53879090887,10813899.645534955,3840956.9122956884,2.8154181086794936,2520.6025068572403,2068.775863885963,1129614.6608170003,927127.3592057471,106916.66288649211,89945.27153753948,48006.10756001063,0.27600461861155745,65119.96117090792,0.13382285043031056,36.051129109204695,533544311.5729205,343033.6002416939,4420907.285816947,416425860124.3524,63241382771.95904,117.96624555355349,2131988988.7705333,713091932.8093241,0.0,0.0,4576712052.815594,7.0,0.0,53.56545966404662,80.0,30.0,56.66666666666666,47.90852304664645,28.776666666666664,32.125
2034,F_legal_collision,util_improved,fcap_none,4067497.694846323,2223759.9999999995,206294.53011199995,167098.56939071996,177900.6576612814,109125.0,357990.6948463232,277897.1964521903,11042259.807444232,3945472.7640009336,2.8093976790526005,2587.4033862387773,2071.807274698204,1163305.526521771,931491.728488451,109534.84985867266,89900.35240603249,47985.35195766191,0.27654716172959276,65038.66510965404,0.13402050058036305,35.97013974115441,536642154.90084374,350277.53730965615,4514264.829040672,435734943402.4574,66538001949.61183,121.08833021928768,3023057615.0554004,1059071553.0539527,0.0,0.0,4910625000.0,7.0,0.0,55.29535776526976,80.0,30.0,56.66666666666666,48.75435565092933,28.816666666666663,32.125
2035,F_legal_collision,util_improved,fcap_none,4175116.6976125077,2541439.9999999995,206294.53011199995,167098.56939071996,182286.13354946434,109125.0,465609.69761250773,347683.3300016546,11095500.78784957,4049863.1966841323,2.8062485249895097,2656.577579186823,2075.314158921148,1198409.2045156553,936195.3551810302,112259.80110837832,89889.606634011,47980.367953243236,0.27704838011418204,64985.83672695722,0.13406670055638026,36.37895864133925,521004831.96877354,351966.4234457857,4536030.653201541,448753276197.69574,68612746658.15543,121.81856369855286,3911714378.1593246,1705588576.5090797,0.0,0.0,4910625000.0,7.0,0.0,58.527942882545396,80.0,30.0,56.66666666666666,48.79939202671631,28.856666666666666,32.125
2036,F_legal_collision,util_improved,fcap_none,4282606.557575372,2859119.9999999995,206294.53011199995,167098.56939071996,178089.2658099799,109125.0,573099.557575372,413272.5958116345,11149366.337447913,4154128.3608481106,2.8032699840822257,2728.1884073758,2079.2745594620806,1234970.8986156436,941226.6265134888,115052.24737089613,89878.63176109707,47975.27079681157,0.27761097632045667,64927.33704755211,0.1341134872775791,36.81194734518425,504443014.0467023,353675.12188144645,4558051.811939794,462175135223.09924,70755102829.13802,122.55825553007121,4848959272.913698,2391918853.48733,0.0,0.0,4910625000.0,7.0,0.0,61.95959426743665,80.0,30.0,56.66666666666666,48.8839836572874,28.896666666666665,32.125
2037,F_legal_collision,util_improved,fcap_none,4389967.429706282,3176799.9999999995,206294.53011199995,167098.56939071996,172499.482048166,109125.0,680460.429706282,473272.07785980054,11203827.613987803,4258268.406815093,2.8004488943809833,2802.3025252623083,2083.668534336119,1273038.434725869,946575.2200292879,117913.85735330528,89867.43112752926,47970.06187232926,0.27823230394280074,64863.408715495825,0.13416083675702364,37.26739381876129,487022186.4323807,355402.71769587137,4580316.514049314,476011951849.2998,72967072540.6607,123.30703682303687,5837653878.861973,3120722309.229038,0.0,0.0,4910625000.0,7.0,0.0,65.60361154614519,80.0,30.0,56.66666666666666,48.96389635329423,28.936666666666664,32.125
2038,F_legal_collision,util_improved,fcap_none,4497199.468790635,3494479.9999999995,206294.53011199995,167098.56939071996,169157.9318047312,109125.0,787692.4687906345,529930.0096645318,11258858.422209676,4362283.484726915,2.7977734114360926,2878.989906047484,2088.477939148924,1312662.2788315515,952231.963416767,120846.34062160898,89856.0077553873,47964.74243067797,0.27890995711730265,64794.27248560021,0.13420872720916474,37.74373864678437,468801996.7604977,357148.3799349651,4602814.050459589,490275545505.9842,75250729246.98395,124.06457336041252,6880786274.4866705,3894767717.228401,0.0,0.0,4910625000.0,7.0,0.0,69.47383858614201,80.0,30.0,56.66666666666666,49.0741014628842,28.976666666666663,32.125
2039,F_legal_collision,util_improved,fcap_none,4604302.829428086,3812159.9999999995,206294.53011199995,167098.56939071996,167098.56939071996,109125.0,894795.829428086,584528.5790552518,11314434.928120984,4466173.744545244,2.795232847910858,2958.3238435356434,2093.6862379353097,1353895.5673416678,958188.7132265597,123851.44862168503,89844.36438442985,47959.313604817384,0.2796417452264572,64720.12952920613,0.13425713881155396,38.23954568605928,449837377.50823253,358911.35254766926,4625534.677426475,504978129929.13556,77608219016.19958,124.83056184604496,7981479058.969706,4716941711.840513,0.0,0.0,4910625000.0,7.0,0.0,73.58470855920257,80.0,30.0,56.66666666666666,49.22208471373588,29.016666666666666,32.125
2040,F_legal_collision,util_improved,fcap_none,4711277.6660327725,4129839.9999999995,206294.53011199995,167098.56939071996,167098.56939071996,109125.0,1001770.6660327725,639127.1484459718,11370535.41051881,4569939.336051789,2.7928175360280445,3040.3809680129734,2099.2783380817336,1396794.148546726,964438.2495657527,126930.97572206841,89832.50350285514,47953.776422752526,0.2804256708283784,64641.163445874336,0.13430605349780084,38.75347688265611,430179509.23840374,360690.9465038762,4648469.514950402,520132320265.8765,80041761932.87209,125.60472664398657,9142997532.398365,5590257762.200005,0.0,0.0,4910625000.0,7.0,0.0,77.95128881100003,80.0,30.0,56.66666666666666,49.42351715684711,29.056666666666665,32.125
2041,F_legal_collision,util_improved,fcap_none,4818124.132833533,4447519.999999999,206294.53011199995,167098.56939071996,167098.56939071996,109125.0,1108617.132833533,693725.7178366918,11427140.044148484,4673580.408848527,2.790518709150074,3125.2412746141927,2105.2404457879725,1441416.6342057646,970974.1843647421,130086.76027955112,89820.42737379998,47948.13181866681,0.281259910335549,64557.54202434431,0.13435545477704386,39.28427099501815,409876634.4405559,362486.5329158849,4671610.458127894,535751140962.651,82553653652.0058,126.38681693553214,10368758074.993166,6517865161.623849,0.0,0.0,4910625000.0,7.0,0.0,82.58932580811924,80.0,30.0,56.66666666666666,49.66484128407416,29.096666666666664,32.125
2042,F_legal_collision,util_improved,fcap_none,4924842.383874132,4765199.999999999,206294.53011199995,167098.56939071996,167098.56939071996,109125.0,1215335.3838741323,748324.2872274118,11484230.709841859,4777097.112357908,2.788328399462122,3212.988162924555,2111.5599391131705,1487824.460478068,977790.8812208483,133320.68572852624,89808.1380582462,47942.38064251313,0.2821427970472375,64469.41878888816,0.13440532757601356,39.83072586992699,388974735.47529274,364297.53701569454,4694950.099532851,551848034377.1246,85146267093.45805,127.1766042322115,11662336762.423214,7503058086.089023,0.0,0.0,4910625000.0,7.0,0.0,87.5152904304451,80.0,30.0,56.66666666666666,49.936940038020516,29.136666666666663,32.125
2043,F_legal_collision,util_improved,fcap_none,5031432.573013484,5082879.999999999,206294.53011199995,167098.56939071996,167098.56939071996,109125.0,1321925.5730134835,802922.8566181315,11541790.827754019,4880489.595823079,2.786239349263303,3303.708486792889,2118.2252561323367,1536081.9575799329,984883.3851541317,136634.68169495973,89795.63743488687,47936.52366830348,0.28307280620419667,64376.93436129883,0.13445565810042234,40.39168388345573,367518091.4578184,366123.4328650144,4718481.661040861,568436870066.1272,87822054268.16974,127.97388019329746,13027478251.598774,8549284773.4469795,0.0,0.0,4910625000.0,7.0,0.0,92.7464238672349,80.0,30.0,56.66666666666666,50.23344786335883,29.176666666666666,32.125
2044,F_legal_collision,util_improved,fcap_none,5137894.853925867,5400559.999999999,206294.53011199995,167098.56939071996,167098.56939071996,109125.0,1428387.853925867,857521.4260088516,11599805.210448608,4983758.008308091,2.784244933802873,3397.492613518915,2125.225796123304,1586256.427682786,992247.360881301,140030.72513584033,89782.92721740896,47930.56160129568,0.28404854178706995,64280.21766392931,0.13450643371294824,40.96602016187645,345549728.80822575,367963.73869490455,4742198.933767964,585531954711.7053,90583548229.42902,128.77845470479278,14468104969.327063,9660156872.448229,0.0,0.0,4910625000.0,7.0,0.0,98.30078436224115,80.0,30.0,56.66666666666666,50.54977913398103,29.216666666666665,32.125
2045,F_legal_collision,util_improved,fcap_none,5244229.380101156,5718239.999999999,206294.53011199995,167098.56939071996,167098.56939071996,109125.0,1534722.3801011564,912119.9953995715,11658259.933099676,5086902.498698122,2.782339093947923,3494.4344917330864,2132.55183202837,1638418.2306818983,999879.0384353396,143510.84150493582,89770.00896957345,47924.495084242524,0.28506872482338835,64179.38698523301,0.13455764282551763,41.552633221842115,323111779.2645391,369818.01278837695,4766096.225006951,603148042655.4408,93433365143.90822,129.59015418374156,15988326634.760265,10839459007.868227,0.0,0.0,4910625000.0,7.0,0.0,100.0,80.0,30.0,56.66666666666666,50.88254185975629,29.256666666666664,32.125
2026,F_legal_collision,util_improved,fcap_partial,3705055.5916,63535.999999999985,41258.90602239999,33419.71387814399,0.0,0.0,-4451.408400000073,0.0,10141419.983388092,3593903.923852,2.8218394810394285,2022.8608386219394,1973.522769387258,870073.9380946757,848852.622531391,90065.85729695886,90065.85729695886,48061.022960284165,0.262943960601669,66383.58406431176,0.13324592085275141,56.48489111436993,0.0,321701.5066254187,4145986.0885246904,328768835806.7472,49099813359.501564,108.86876576386157,64134223.7748979,-389617923.75577384,0.0,0.0,0.0,-1.0,0.0,48.051910381221134,80.0,48.480000000000004,56.66666666666666,22.4378370284787,28.496666666666663,32.125
2027,F_legal_collision,util_improved,fcap_partial,3700609.52489008,190607.99999999994,82517.81204479998,66839.42775628799,5012.957081721599,0.0,-8897.475109919906,5012.957081721599,10138591.969245598,3589591.2391433776,2.824441919371599,2094.164752895718,1993.2561598055613,907501.2291789218,863772.7344951071,92317.98357652809,90066.32544051521,48061.233218176545,0.265571775029994,66147.25152284847,0.13324351178011645,57.91136618998981,0.0,321611.7976485803,4144829.947933714,336894986281.1889,50309766601.31603,108.83081845506689,45573794.17364232,-412353095.26921433,0.0,0.0,0.0,-1.0,0.0,47.938234523653925,80.0,48.480000000000004,56.66666666666666,100.0,28.536666666666665,32.125
2028,F_legal_collision,util_improved,fcap_partial,3699093.0184245496,381215.9999999999,123776.71806719998,100259.14163443199,20051.828326886396,2836.498215407471,-10413.981575450394,22140.560444270395,10142926.092743622,3588120.227871813,2.826807756873743,2167.4852892747995,2012.7255627978002,946213.1837717727,878653.0050549681,94625.17923680603,90065.60783991056,48060.91090999041,0.2681679203953684,65912.90108633696,0.13324720390854966,57.753321899548574,0.0,321749.2827405595,4146601.811810586,345463563054.959,51595067835.23049,108.88897635945344,46310361.52282065,-429464350.483458,0.0,0.0,127642419.69333619,-1.0,0.0,47.85267824758271,80.0,48.480000000000004,56.66666666666666,88.53086505970181,28.576666666666664,32.125
2029,F_legal_collision,util_improved,fcap_partial,3708439.7387771746,635359.9999999998,165035.62408959997,133678.85551257597,44550.0,13372.063015492362,-1067.2612228253856,52904.928469536,10173671.893204652,3597186.5466138595,2.828230274235134,2241.4148983390946,2030.6112724140803,985285.1605855331,892619.7265440939,96985.30206386946,90060.49436438308,48058.61233778103,0.27056630591410236,65693.15909541411,0.13327340555750075,49.690279980097515,11846790.761270069,322724.5870221018,4159171.2213410847,355163132031.4724,53085405124.247185,109.30172045856352,125216560.08938943,-408549047.6212408,0.0,0.0,601742835.6971563,-1.0,0.0,47.95725476189379,80.0,48.480000000000004,56.66666666666666,58.38759499366694,28.616666666666664,32.125
2030,F_legal_collision,util_improved,fcap_partial,3738332.039560178,953039.9999999998,206294.53011199995,167098.56939071996,61746.299999999996,33312.15561544991,28825.03956017783,80308.8,10254217.922533095,3626182.0783733726,2.8278276437604912,2314.0378612173795,2045.2722853277378,1023429.790737066,904562.8086102667,99394.93946073942,90046.90949428949,48052.490409521735,0.27256090810633893,65503.64207035663,0.13334213029770875,40.800762114614265,351870849.11600435,325279.63148629904,4192099.8169054757,366895787207.49335,54951559356.62915,110.38448033678534,357950822.6845753,-7495476.134329144,0.0,0.0,1499047002.695246,-1.0,0.0,49.962522619328354,80.0,48.480000000000004,56.66666666666666,48.99490470298133,28.656666666666663,32.125
2031,F_legal_collision,util_improved,fcap_partial,3788427.2161127054,1270719.9999999998,206294.53011199995,167098.56939071996,85580.3718,52943.73975,78920.21611270541,111307.9968,10383499.664786212,3674774.399629324,2.8256155441361517,2385.2038428499854,2056.7537983664943,1060509.1454080697,914473.7124078317,101854.50605442401,90024.5418885522,48042.36547356257,0.27415907998679245,65343.49630815427,0.1334526857915605,39.018258136415476,420051626.28210807,329380.6480431631,4244952.406164144,380760456932.5805,57214406765.34818,112.12682645806643,747755888.1640508,172419659.63623407,0.0,45518790.143965796,2336949498.6060343,7.0,0.019105727601456537,50.862098298181174,80.0,48.480000000000004,56.66666666666666,44.63739223978925,28.696666666666665,32.125
2032,F_legal_collision,util_improved,fcap_partial,3859530.61200337,1588399.9999999998,206294.53011199995,167098.56939071996,118614.39531479997,73380.0232935,150023.6120033702,154272.88356479997,10563484.228315026,3743744.693643269,2.8216358466567995,2454.6135361378942,2064.9810335179886,1096287.9947417467,922268.9776155457,104363.44851239686,89992.2745730703,48027.671250058745,0.27535444036471857,65212.50217085444,0.13360709495629206,37.680114530825755,471235619.1959149,335090.03640804515,4318533.176683653,396970203938.7022,59918172428.05988,114.5615350305924,1313533634.6086109,394077897.7657988,0.0,104036565.01017089,3198064483.197329,7.0,0.03150617243123002,51.97038948882899,80.0,48.480000000000004,56.66666666666666,43.181104672197726,28.736666666666665,32.125
2033,F_legal_collision,util_improved,fcap_partial,3959749.3941192664,1906079.9999999998,206294.53011199995,167098.56939071996,163073.8740764089,101704.71228479098,250242.39411926642,212496.53879090887,10813899.645534955,3840956.9122956884,2.8154181086794936,2520.6025068572403,2068.775863885963,1129614.6608170003,927127.3592057471,106916.66288649211,89945.27153753948,48006.10756001063,0.27600461861155745,65119.96117090792,0.13382285043031056,36.051129109204695,533544311.5729205,343033.6002416939,4420907.285816947,416425860124.3524,63241382771.95904,117.96624555355349,2131988988.7705333,713091932.8093241,0.0,188256270.2616616,4388455782.553932,7.0,0.04113351858040672,53.56545966404662,80.0,48.480000000000004,56.66666666666666,43.288523046646446,28.776666666666664,32.125
2034,F_legal_collision,util_improved,fcap_partial,4067497.694846323,2223759.9999999995,206294.53011199995,167098.56939071996,177900.6576612814,109125.0,357990.6948463232,277897.1964521903,11042259.807444232,3945472.7640009336,2.8093976790526005,2587.4033862387773,2071.807274698204,1163305.526521771,931491.728488451,109534.84985867266,89900.35240603249,47985.35195766191,0.27654716172959276,65038.66510965404,0.13402050058036305,35.97013974115441,536642154.90084374,350277.53730965615,4514264.829040672,435734943402.4574,66538001949.61183,121.08833021928768,3023057615.0554004,1059071553.0539527,0.0,279594890.0062435,4631030109.993756,7.0,0.05693672190530605,55.29535776526976,80.0,48.480000000000004,56.66666666666666,44.13435565092933,28.816666666666663,32.125
2035,F_legal_collision,util_improved,fcap_partial,4175116.6976125077,2541439.9999999995,206294.53011199995,167098.56939071996,182286.13354946434,109125.0,465609.69761250773,347683.3300016546,11095500.78784957,4049863.1966841323,2.8062485249895097,2656.577579186823,2075.314158921148,1198409.2045156553,936195.3551810302,112259.80110837832,89889.606634011,47980.367953243236,0.27704838011418204,64985.83672695722,0.13406670055638026,36.37895864133925,521004831.96877354,351966.4234457857,4536030.653201541,448753276197.69574,68612746658.15543,121.81856369855286,3911714378.1593246,1705588576.5090797,0.0,450275384.198397,4460349615.801603,7.0,0.091694109038747,58.527942882545396,80.0,48.480000000000004,56.66666666666666,44.17939202671631,28.856666666666666,32.125
2036,F_legal_collision,util_improved,fcap_partial,4282606.557575372,2859119.9999999995,206294.53011199995,167098.56939071996,178089.2658099799,109125.0,573099.557575372,413272.5958116345,11149366.337447913,4154128.3608481106,2.8032699840822257,2728.1884073758,2079.2745594620806,1234970.8986156436,941226.6265134888,115052.24737089613,89878.63176109707,47975.27079681157,0.27761097632045667,64927.33704755211,0.1341134872775791,36.81194734518425,504443014.0467023,353675.12188144645,4558051.811939794,462175135223.09924,70755102829.13802,122.55825553007121,4848959272.913698,2391918853.48733,0.0,631466577.3206551,4279158422.679345,7.0,0.1285918955979443,61.95959426743665,80.0,48.480000000000004,56.66666666666666,44.2639836572874,28.896666666666665,32.125
2037,F_legal_collision,util_improved,fcap_partial,4389967.429706282,3176799.9999999995,206294.53011199995,167098.56939071996,172499.482048166,109125.0,680460.429706282,473272.07785980054,11203827.613987803,4258268.406815093,2.8004488943809833,2802.3025252623083,2083.668534336119,1273038.434725869,946575.2200292879,117913.85735330528,89867.43112752926,47970.06187232926,0.27823230394280074,64863.408715495825,0.13416083675702364,37.26739381876129,487022186.4323807,355402.71769587137,4580316.514049314,476011951849.2998,72967072540.6607,123.30703682303687,5837653878.861973,3120722309.229038,0.0,823870689.636466,4086754310.363534,7.0,0.16777308176382152,65.60361154614519,80.0,48.480000000000004,56.66666666666666,44.34389635329423,28.936666666666664,32.125
2038,F_legal_collision,util_improved,fcap_partial,4497199.468790635,3494479.9999999995,206294.53011199995,167098.56939071996,169157.9318047312,109125.0,787692.4687906345,529930.0096645318,11258858.422209676,4362283.484726915,2.7977734114360926,2878.989906047484,2088.477939148924,1312662.2788315515,952231.963416767,120846.34062160898,89856.0077553873,47964.74243067797,0.27890995711730265,64794.27248560021,0.13420872720916474,37.74373864678437,468801996.7604977,357148.3799349651,4602814.050459589,490275545505.9842,75250729246.98395,124.06457336041252,6880786274.4866705,3894767717.228401,0.0,1028218677.3482978,3882406322.651702,7.0,0.2093865195058262,69.47383858614201,80.0,48.480000000000004,56.66666666666666,44.454101462884196,28.976666666666663,32.125
2039,F_legal_collision,util_improved,fcap_partial,4604302.829428086,3812159.9999999995,206294.53011199995,167098.56939071996,167098.56939071996,109125.0,894795.829428086,584528.5790552518,11314434.928120984,4466173.744545244,2.795232847910858,2958.3238435356434,2093.6862379353097,1353895.5673416678,958188.7132265597,123851.44862168503,89844.36438442985,47959.313604817384,0.2796417452264572,64720.12952920613,0.13425713881155396,38.23954568605928,449837377.50823253,358911.35254766926,4625534.677426475,504978129929.13556,77608219016.19958,124.83056184604496,7981479058.969706,4716941711.840513,0.0,1245272611.9258955,3665352388.0741043,7.0,0.25358739710849343,73.58470855920257,80.0,48.480000000000004,56.66666666666666,44.60208471373588,29.016666666666666,32.125
2040,F_legal_collision,util_improved,fcap_partial,4711277.6660327725,4129839.9999999995,206294.53011199995,167098.56939071996,167098.56939071996,109125.0,1001770.6660327725,639127.1484459718,11370535.41051881,4569939.336051789,2.7928175360280445,3040.3809680129734,2099.2783380817336,1396794.148546726,964438.2495657527,126930.97572206841,89832.50350285514,47953.776422752526,0.2804256708283784,64641.163445874336,0.13430605349780084,38.75347688265611,430179509.23840374,360690.9465038762,4648469.514950402,520132320265.8765,80041761932.87209,125.60472664398657,9142997532.398365,5590257762.200005,0.0,1475828049.220801,3434796950.7791986,7.0,0.30053772161808345,77.95128881100003,80.0,48.480000000000004,56.66666666666666,44.80351715684711,29.056666666666665,32.125
2041,F_legal_collision,util_improved,fcap_partial,4818124.132833533,4447519.999999999,206294.53011199995,167098.56939071996,167098.56939071996,109125.0,1108617.132833533,693725.7178366918,11427140.044148484,4673580.408848527,2.790518709150074,3125.2412746141927,2105.2404457879725,1441416.6342057646,970974.1843647421,130086.76027955112,89820.42737379998,47948.13181866681,0.281259910335549,64557.54202434431,0.13435545477704386,39.28427099501815,409876634.4405559,362486.5329158849,4671610.458127894,535751140962.651,82553653652.0058,126.38681693553214,10368758074.993166,6517865161.623849,0.0,1720716402.668696,3189908597.331304,7.0,0.3504068021216639,82.58932580811924,80.0,48.480000000000004,56.66666666666666,45.04484128407415,29.096666666666664,32.125
2042,F_legal_collision,util_improved,fcap_partial,4924842.383874132,4765199.999999999,206294.53011199995,167098.56939071996,167098.56939071996,109125.0,1215335.3838741323,748324.2872274118,11484230.709841859,4777097.112357908,2.788328399462122,3212.988162924555,2111.5599391131705,1487824.460478068,977790.8812208483,133320.68572852624,89808.1380582462,47942.38064251313,0.2821427970472375,64469.41878888816,0.13440532757601356,39.83072586992699,388974735.47529274,364297.53701569454,4694950.099532851,551848034377.1246,85146267093.45805,127.1766042322115,11662336762.423214,7503058086.089023,0.0,1980807334.727502,2929817665.272498,7.0,0.403371736739723,87.5152904304451,80.0,48.480000000000004,56.66666666666666,45.31694003802051,29.136666666666663,32.125
2043,F_legal_collision,util_improved,fcap_partial,5031432.573013484,5082879.999999999,206294.53011199995,167098.56939071996,167098.56939071996,109125.0,1321925.5730134835,802922.8566181315,11541790.827754019,4880489.595823079,2.786239349263303,3303.708486792889,2118.2252561323367,1536081.9575799329,984883.3851541317,136634.68169495973,89795.63743488687,47936.52366830348,0.28307280620419667,64376.93436129883,0.13445565810042234,40.39168388345573,367518091.4578184,366123.4328650144,4718481.661040861,568436870066.1272,87822054268.16974,127.97388019329746,13027478251.598774,8549284773.4469795,0.0,2257011180.1900024,2653613819.8099976,7.0,0.4596179061097116,92.7464238672349,80.0,48.480000000000004,56.66666666666666,45.61344786335883,29.176666666666666,32.125
2044,F_legal_collision,util_improved,fcap_partial,5137894.853925867,5400559.999999999,206294.53011199995,167098.56939071996,167098.56939071996,109125.0,1428387.853925867,857521.4260088516,11599805.210448608,4983758.008308091,2.784244933802873,3397.492613518915,2125.225796123304,1586256.427682786,992247.360881301,140030.72513584033,89782.92721740896,47930.56160129568,0.28404854178706995,64280.21766392931,0.13450643371294824,40.96602016187645,345549728.80822575,367963.73869490455,4742198.933767964,585531954711.7053,90583548229.42902,128.77845470479278,14468104969.327063,9660156872.448229,0.0,2550281414.326332,2360343585.673668,7.0,0.519339475998744,98.30078436224115,80.0,48.480000000000004,56.66666666666666,45.929779133981036,29.216666666666665,32.125
2045,F_legal_collision,util_improved,fcap_partial,5244229.380101156,5718239.999999999,206294.53011199995,167098.56939071996,167098.56939071996,109125.0,1534722.3801011564,912119.9953995715,11658259.933099676,5086902.498698122,2.782339093947923,3494.4344917330864,2132.55183202837,1638418.2306818983,999879.0384353396,143510.84150493582,89770.00896957345,47924.495084242524,0.28506872482338835,64179.38698523301,0.13455764282551763,41.552633221842115,323111779.2645391,369818.01278837695,4766096.225006951,603148042655.4408,93433365143.90822,129.59015418374156,15988326634.760265,10839459007.868227,0.0,2861617178.077212,2049007821.9227881,7.0,0.5827399115341146,100.0,80.0,48.480000000000004,56.66666666666666,46.2625418597563,29.256666666666664,32.125
2026,F_legal_collision,util_improved,fcap_high,3705055.5916,63535.999999999985,41258.90602239999,33419.71387814399,0.0,0.0,-4451.408400000073,0.0,10141419.983388092,3593903.923852,2.8218394810394285,2022.8608386219394,1973.522769387258,870073.9380946757,848852.622531391,90065.85729695886,90065.85729695886,48061.022960284165,0.262943960601669,66383.58406431176,0.13324592085275141,56.48489111436993,0.0,321701.5066254187,4145986.0885246904,328768835806.7472,49099813359.501564,108.86876576386157,64134223.7748979,-389617923.75577384,0.0,0.0,0.0,-1.0,0.0,48.051910381221134,80.0,66.96000000000001,56.66666666666666,17.8178370284787,28.496666666666663,32.125
2027,F_legal_collision,util_improved,fcap_high,3700609.52489008,190607.99999999994,82517.81204479998,66839.42775628799,5012.957081721599,0.0,-8897.475109919906,5012.957081721599,10138591.969245598,3589591.2391433776,2.824441919371599,2094.164752895718,1993.2561598055613,907501.2291789218,863772.7344951071,92317.98357652809,90066.32544051521,48061.233218176545,0.265571775029994,66147.25152284847,0.13324351178011645,57.91136618998981,0.0,321611.7976485803,4144829.947933714,336894986281.1889,50309766601.31603,108.83081845506689,45573794.17364232,-412353095.26921433,0.0,0.0,0.0,-1.0,0.0,47.938234523653925,80.0,66.96000000000001,56.66666666666666,100.0,28.536666666666665,32.125
2028,F_legal_collision,util_improved,fcap_high,3699093.0184245496,381215.9999999999,123776.71806719998,100259.14163443199,20051.828326886396,2836.498215407471,-10413.981575450394,22140.560444270395,10142926.092743622,3588120.227871813,2.826807756873743,2167.4852892747995,2012.7255627978002,946213.1837717727,878653.0050549681,94625.17923680603,90065.60783991056,48060.91090999041,0.2681679203953684,65912.90108633696,0.13324720390854966,57.753321899548574,0.0,321749.2827405595,4146601.811810586,345463563054.959,51595067835.23049,108.88897635945344,46310361.52282065,-429464350.483458,0.0,0.0,127642419.69333619,-1.0,0.0,47.85267824758271,80.0,66.96000000000001,56.66666666666666,83.9108650597018,28.576666666666664,32.125
2029,F_legal_collision,util_improved,fcap_high,3708439.7387771746,635359.9999999998,165035.62408959997,133678.85551257597,44550.0,13372.063015492362,-1067.2612228253856,52904.928469536,10173671.893204652,3597186.5466138595,2.828230274235134,2241.4148983390946,2030.6112724140803,985285.1605855331,892619.7265440939,96985.30206386946,90060.49436438308,48058.61233778103,0.27056630591410236,65693.15909541411,0.13327340555750075,49.690279980097515,11846790.761270069,322724.5870221018,4159171.2213410847,355163132031.4724,53085405124.247185,109.30172045856352,125216560.08938943,-408549047.6212408,0.0,0.0,601742835.6971563,-1.0,0.0,47.95725476189379,80.0,66.96000000000001,56.66666666666666,53.76759499366693,28.616666666666664,32.125
2030,F_legal_collision,util_improved,fcap_high,3738332.039560178,953039.9999999998,206294.53011199995,167098.56939071996,61746.299999999996,33312.15561544991,28825.03956017783,80308.8,10254217.922533095,3626182.0783733726,2.8278276437604912,2314.0378612173795,2045.2722853277378,1023429.790737066,904562.8086102667,99394.93946073942,90046.90949428949,48052.490409521735,0.27256090810633893,65503.64207035663,0.13334213029770875,40.800762114614265,351870849.11600435,325279.63148629904,4192099.8169054757,366895787207.49335,54951559356.62915,110.38448033678534,357950822.6845753,-7495476.134329144,0.0,0.0,1499047002.695246,-1.0,0.0,49.962522619328354,80.0,66.96000000000001,56.66666666666666,44.37490470298133,28.656666666666663,32.125
2031,F_legal_collision,util_improved,fcap_high,3788427.2161127054,1270719.9999999998,206294.53011199995,167098.56939071996,85580.3718,52943.73975,78920.21611270541,111307.9968,10383499.664786212,3674774.399629324,2.8256155441361517,2385.2038428499854,2056.7537983664943,1060509.1454080697,914473.7124078317,101854.50605442401,90024.5418885522,48042.36547356257,0.27415907998679245,65343.49630815427,0.1334526857915605,39.018258136415476,420051626.28210807,329380.6480431631,4244952.406164144,380760456932.5805,57214406765.34818,112.12682645806643,747755888.1640508,172419659.63623407,0.0,91037580.28793159,2291430708.4620686,7.0,0.038211455202913074,50.862098298181174,80.0,66.96000000000001,56.66666666666666,40.017392239789245,28.696666666666665,32.125
2032,F_legal_collision,util_improved,fcap_high,3859530.61200337,1588399.9999999998,206294.53011199995,167098.56939071996,118614.39531479997,73380.0232935,150023.6120033702,154272.88356479997,10563484.228315026,3743744.693643269,2.8216358466567995,2454.6135361378942,2064.9810335179886,1096287.9947417467,922268.9776155457,104363.44851239686,89992.2745730703,48027.671250058745,0.27535444036471857,65212.50217085444,0.13360709495629206,37.680114530825755,471235619.1959149,335090.03640804515,4318533.176683653,396970203938.7022,59918172428.05988,114.5615350305924,1313533634.6086109,394077897.7657988,0.0,208073130.02034178,3094027918.187158,7.0,0.06301234486246005,51.97038948882899,80.0,66.96000000000001,56.66666666666666,38.56110467219772,28.736666666666665,32.125
2033,F_legal_collision,util_improved,fcap_high,3959749.3941192664,1906079.9999999998,206294.53011199995,167098.56939071996,163073.8740764089,101704.71228479098,250242.39411926642,212496.53879090887,10813899.645534955,3840956.9122956884,2.8154181086794936,2520.6025068572403,2068.775863885963,1129614.6608170003,927127.3592057471,106916.66288649211,89945.27153753948,48006.10756001063,0.27600461861155745,65119.96117090792,0.13382285043031056,36.051129109204695,533544311.5729205,343033.6002416939,4420907.285816947,416425860124.3524,63241382771.95904,117.96624555355349,2131988988.7705333,713091932.8093241,0.0,376512540.5233232,4200199512.2922707,7.0,0.08226703716081343,53.56545966404662,80.0,66.96000000000001,56.66666666666666,38.668523046646456,28.776666666666664,32.125
2034,F_legal_collision,util_improved,fcap_high,4067497.694846323,2223759.9999999995,206294.53011199995,167098.56939071996,177900.6576612814,109125.0,357990.6948463232,277897.1964521903,11042259.807444232,3945472.7640009336,2.8093976790526005,2587.4033862387773,2071.807274698204,1163305.526521771,931491.728488451,109534.84985867266,89900.35240603249,47985.35195766191,0.27654716172959276,65038.66510965404,0.13402050058036305,35.97013974115441,536642154.90084374,350277.53730965615,4514264.829040672,435734943402.4574,66538001949.61183,121.08833021928768,3023057615.0554004,1059071553.0539527,0.0,559189780.012487,4351435219.987513,7.0,0.1138734438106121,55.29535776526976,80.0,66.96000000000001,56.66666666666666,39.514355650929325,28.816666666666663,32.125
2035,F_legal_collision,util_improved,fcap_high,4175116.6976125077,2541439.9999999995,206294.53011199995,167098.56939071996,182286.13354946434,109125.0,465609.69761250773,347683.3300016546,11095500.78784957,4049863.1966841323,2.8062485249895097,2656.577579186823,2075.314158921148,1198409.2045156553,936195.3551810302,112259.80110837832,89889.606634011,47980.367953243236,0.27704838011418204,64985.83672695722,0.13406670055638026,36.37895864133925,521004831.96877354,351966.4234457857,4536030.653201541,448753276197.69574,68612746658.15543,121.81856369855286,3911714378.1593246,1705588576.5090797,0.0,900550768.396794,4010074231.603206,7.0,0.183388218077494,58.527942882545396,80.0,66.96000000000001,56.66666666666666,39.55939202671631,28.856666666666666,32.125
2036,F_legal_collision,util_improved,fcap_high,4282606.557575372,2859119.9999999995,206294.53011199995,167098.56939071996,178089.2658099799,109125.0,573099.557575372,413272.5958116345,11149366.337447913,4154128.3608481106,2.8032699840822257,2728.1884073758,2079.2745594620806,1234970.8986156436,941226.6265134888,115052.24737089613,89878.63176109707,47975.27079681157,0.27761097632045667,64927.33704755211,0.1341134872775791,36.81194734518425,504443014.0467023,353675.12188144645,4558051.811939794,462175135223.09924,70755102829.13802,122.55825553007121,4848959272.913698,2391918853.48733,0.0,1262933154.6413102,3647691845.35869,7.0,0.2571837911958886,61.95959426743665,80.0,66.96000000000001,56.66666666666666,39.64398365728741,28.896666666666665,32.125
2037,F_legal_collision,util_improved,fcap_high,4389967.429706282,3176799.9999999995,206294.53011199995,167098.56939071996,172499.482048166,109125.0,680460.429706282,473272.07785980054,11203827.613987803,4258268.406815093,2.8004488943809833,2802.3025252623083,2083.668534336119,1273038.434725869,946575.2200292879,117913.85735330528,89867.43112752926,47970.06187232926,0.27823230394280074,64863.408715495825,0.13416083675702364,37.26739381876129,487022186.4323807,355402.71769587137,4580316.514049314,476011951849.2998,72967072540.6607,123.30703682303687,5837653878.861973,3120722309.229038,0.0,1647741379.272932,3262883620.727068,7.0,0.33554616352764305,65.60361154614519,80.0,66.96000000000001,56.66666666666666,39.72389635329423,28.936666666666664,32.125
2038,F_legal_collision,util_improved,fcap_high,4497199.468790635,3494479.9999999995,206294.53011199995,167098.56939071996,169157.9318047312,109125.0,787692.4687906345,529930.0096645318,11258858.422209676,4362283.484726915,2.7977734114360926,2878.989906047484,2088.477939148924,1312662.2788315515,952231.963416767,120846.34062160898,89856.0077553873,47964.74243067797,0.27890995711730265,64794.27248560021,0.13420872720916474,37.74373864678437,468801996.7604977,357148.3799349651,4602814.050459589,490275545505.9842,75250729246.98395,124.06457336041252,6880786274.4866705,3894767717.228401,0.0,2056437354.6965957,2854187645.3034043,7.0,0.4187730390116524,69.47383858614201,80.0,66.96000000000001,56.66666666666666,39.8341014628842,28.976666666666663,32.125
2039,F_legal_collision,util_improved,fcap_high,4604302.829428086,3812159.9999999995,206294.53011199995,167098.56939071996,167098.56939071996,109125.0,894795.829428086,584528.5790552518,11314434.928120984,4466173.744545244,2.795232847910858,2958.3238435356434,2093.6862379353097,1353895.5673416678,958188.7132265597,123851.44862168503,89844.36438442985,47959.313604817384,0.2796417452264572,64720.12952920613,0.13425713881155396,38.23954568605928,449837377.50823253,358911.35254766926,4625534.677426475,504978129929.13556,77608219016.19958,124.83056184604496,7981479058.969706,4716941711.840513,0.0,2490545223.851791,2420079776.148209,7.0,0.5071747942169869,73.58470855920257,80.0,66.96000000000001,56.66666666666666,39.98208471373587,29.016666666666666,32.125
2040,F_legal_collision,util_improved,fcap_high,4711277.6660327725,4129839.9999999995,206294.53011199995,167098.56939071996,167098.56939071996,109125.0,1001770.6660327725,639127.1484459718,11370535.41051881,4569939.336051789,2.7928175360280445,3040.3809680129734,2099.2783380817336,1396794.148546726,964438.2495657527,126930.97572206841,89832.50350285514,47953.776422752526,0.2804256708283784,64641.163445874336,0.13430605349780084,38.75347688265611,430179509.23840374,360690.9465038762,4648469.514950402,520132320265.8765,80041761932.87209,125.60472664398657,9142997532.398365,5590257762.200005,0.0,2951656098.441602,1958968901.5583978,7.0,0.6010754432361669,77.95128881100003,80.0,66.96000000000001,56.66666666666666,40.18351715684711,29.056666666666665,32.125
2041,F_legal_collision,util_improved,fcap_high,4818124.132833533,4447519.999999999,206294.53011199995,167098.56939071996,167098.56939071996,109125.0,1108617.132833533,693725.7178366918,11427140.044148484,4673580.408848527,2.790518709150074,3125.2412746141927,2105.2404457879725,1441416.6342057646,970974.1843647421,130086.76027955112,89820.42737379998,47948.13181866681,0.281259910335549,64557.54202434431,0.13435545477704386,39.28427099501815,409876634.4405559,362486.5329158849,4671610.458127894,535751140962.651,82553653652.0058,126.38681693553214,10368758074.993166,6517865161.623849,0.0,3441432805.337392,1469192194.6626081,7.0,0.7008136042433278,82.58932580811924,80.0,66.96000000000001,56.66666666666666,40.42484128407415,29.096666666666664,32.125
2042,F_legal_collision,util_improved,fcap_high,4924842.383874132,4765199.999999999,206294.53011199995,167098.56939071996,167098.56939071996,109125.0,1215335.3838741323,748324.2872274118,11484230.709841859,4777097.112357908,2.788328399462122,3212.988162924555,2111.5599391131705,1487824.460478068,977790.8812208483,133320.68572852624,89808.1380582462,47942.38064251313,0.2821427970472375,64469.41878888816,0.13440532757601356,39.83072586992699,388974735.47529274,364297.53701569454,4694950.099532851,551848034377.1246,85146267093.45805,127.1766042322115,11662336762.423214,7503058086.089023,0.0,3961614669.455004,949010330.5449958,7.0,0.806743473479446,87.5152904304451,80.0,66.96000000000001,56.66666666666666,40.696940038020514,29.136666666666663,32.125
2043,F_legal_collision,util_improved,fcap_high,5031432.573013484,5082879.999999999,206294.53011199995,167098.56939071996,167098.56939071996,109125.0,1321925.5730134835,802922.8566181315,11541790.827754019,4880489.595823079,2.786239349263303,3303.708486792889,2118.2252561323367,1536081.9575799329,984883.3851541317,136634.68169495973,89795.63743488687,47936.52366830348,0.28307280620419667,64376.93436129883,0.13445565810042234,40.39168388345573,367518091.4578184,366123.4328650144,4718481.661040861,568436870066.1272,87822054268.16974,127.97388019329746,13027478251.598774,8549284773.4469795,0.0,4514022360.380005,396602639.6199951,7.0,0.9192358122194232,92.7464238672349,80.0,66.96000000000001,56.66666666666666,40.99344786335883,29.176666666666666,32.125
2044,F_legal_collision,util_improved,fcap_high,5137894.853925867,5400559.999999999,206294.53011199995,167098.56939071996,167098.56939071996,109125.0,1428387.853925867,857521.4260088516,11599805.210448608,4983758.008308091,2.784244933802873,3397.492613518915,2125.225796123304,1586256.427682786,992247.360881301,140030.72513584033,89782.92721740896,47930.56160129568,0.28404854178706995,64280.21766392931,0.13450643371294824,40.96602016187645,345549728.80822575,367963.73869490455,4742198.933767964,585531954711.7053,90583548229.42902,128.77845470479278,14468104969.327063,9660156872.448229,0.0,5100562828.652664,0.0,7.0,1.0,98.30078436224115,80.0,66.96000000000001,56.66666666666666,41.30977913398103,29.216666666666665,32.125
2045,F_legal_collision,util_improved,fcap_high,5244229.380101156,5718239.999999999,206294.53011199995,167098.56939071996,167098.56939071996,109125.0,1534722.3801011564,912119.9953995715,11658259.933099676,5086902.498698122,2.782339093947923,3494.4344917330864,2132.55183202837,1638418.2306818983,999879.0384353396,143510.84150493582,89770.00896957345,47924.495084242524,0.28506872482338835,64179.38698523301,0.13455764282551763,41.552633221842115,323111779.2645391,369818.01278837695,4766096.225006951,603148042655.4408,93433365143.90822,129.59015418374156,15988326634.760265,10839459007.868227,0.0,5723234356.154424,0.0,7.0,1.0,100.0,80.0,66.96000000000001,56.66666666666666,41.64254185975629,29.256666666666664,32.125
2026,F_legal_collision,util_current_drag,fcap_none,3705055.5916,63535.999999999985,41258.90602239999,33419.71387814399,0.0,0.0,-4451.408400000073,0.0,10141419.983388092,3593903.923852,2.8218394810394285,2022.8608386219394,1973.522769387258,870073.9380946757,848852.622531391,90065.85729695886,90065.85729695886,48061.022960284165,0.262943960601669,66383.58406431176,0.13324592085275141,56.48489111436993,0.0,321701.5066254187,4145986.0885246904,328768835806.7472,49099813359.501564,108.86876576386157,64134223.7748979,-389617923.75577384,0.0,0.0,0.0,-1.0,0.0,48.051910381221134,80.0,30.0,27.500000000000004,34.5578370284787,28.496666666666663,39.416666666666664
2027,F_legal_collision,util_current_drag,fcap_none,3700609.52489008,190607.99999999994,82517.81204479998,66839.42775628799,5012.957081721599,0.0,-8897.475109919906,5012.957081721599,10138591.969245598,3589591.2391433776,2.824441919371599,2094.164752895718,1993.2561598055613,907501.2291789218,863772.7344951071,92317.98357652809,90066.32544051521,48061.233218176545,0.265571775029994,66147.25152284847,0.13324351178011645,57.91136618998981,0.0,321611.7976485803,4144829.947933714,336894986281.1889,50309766601.31603,108.83081845506689,45573794.17364232,-412353095.26921433,0.0,0.0,0.0,-1.0,0.0,47.938234523653925,80.0,30.0,27.500000000000004,100.0,28.536666666666665,39.416666666666664
2028,F_legal_collision,util_current_drag,fcap_none,3696419.441314298,381215.9999999999,123776.71806719998,100259.14163443199,20051.828326886396,243.12841846349758,-13087.558685701806,24814.137554521916,10136416.734553294,3585526.858074869,2.8270369002327627,2167.9551227221696,2013.1618498602584,946520.8583115268,878938.7114513388,94626.31123567442,90066.68529272998,48061.39482012696,0.2682228408851312,65908.74309440688,0.13324165888640302,59.22509286144148,0.0,321542.79584420536,4143940.6747561567,345243983024.69653,51553681376.83703,108.80163217562568,26995666.600084856,-436397228.919774,0.0,0.0,10940778.83085739,-1.0,0.0,47.818013855401134,80.0,30.0,27.500000000000004,100.0,28.576666666666664,39.416666666666664
2029,F_legal_collision,util_current_drag,fcap_none,3697748.6386287007,635359.9999999998,165035.62408959997,133678.85551257597,44550.0,5591.953624660444,-11758.361371299252,63599.23691054208,10147703.45619817,3586816.1794698397,2.8291674143440724,2243.3591962074993,2032.3727103216443,986567.4554538277,893781.4224068489,96989.95591365833,90064.81592655553,48060.555148863496,0.2707880127545879,65676.3434026958,0.1332512740297216,57.17459271420408,0.0,321900.8280886017,4148554.879769001,354265331165.8292,52916082670.167755,108.95308912571731,47559389.04596888,-447566994.97924894,0.0,0.0,251637913.10971996,-1.0,0.0,47.762165025103755,80.0,30.0,27.500000000000004,77.54105740223761,28.616666666666664,39.416666666666664
2030,F_legal_collision,util_current_drag,fcap_none,3714588.0771728884,953039.9999999998,206294.53011199995,167098.56939071996,61746.299999999996,20638.434803225813,5081.077172888443,104068.79999999999,10196655.519856486,3603150.434857702,2.8299277824238778,2318.4845341279624,2049.2024962453534,1026381.1532517,907171.3830231159,99405.68644878617,90056.6457350401,48056.88020667279,0.27305513939851705,65466.21578009587,0.1332930037706135,45.257669872871915,181394127.36264923,323453.6631607217,4168567.3213466494,364856586271.1097,54566239732.94466,109.61046578793622,184043896.51027012,-237500637.3487417,0.0,0.0,928729566.1451616,-1.0,0.0,48.81249681325629,80.0,30.0,27.500000000000004,68.32100389214465,28.656666666666663,39.416666666666664
2031,F_legal_collision,util_current_drag,fcap_none,3748130.571480281,1270719.9999999998,206294.53011199995,167098.56939071996,85580.3718,36860.0,38623.571480281185,151649.17179999998,10285940.593521973,3635686.6543358727,2.8291603681673427,2392.9264353215212,2063.41296565179,1065663.7397437221,918918.5029487624,101873.67539179206,90041.48478957557,48050.039842080914,0.27499497199193396,65280.52920175409,0.13336922994744266,41.33839711672329,331306310.28533405,326285.9236098894,4205068.587829684,377219830437.8803,56543244153.06635,110.81150505551986,449082194.90146744,-16870745.614314694,0.0,0.0,1658700000.0,-1.0,0.0,49.91564627192842,80.0,30.0,27.500000000000004,63.48002965828855,28.696666666666665,39.416666666666664
2032,F_legal_collision,util_current_drag,fcap_none,3781632.814794505,1588399.9999999998,206294.53011199995,167098.56939071996,118614.39531479997,36860.0,72125.81479450502,232263.56711479998,10374760.337383145,3668183.8303506696,2.828309816847795,2469.840388172114,2077.790854774137,1106504.8025994787,930864.0228797828,104402.64723194012,90026.07550608212,48043.06136866912,0.27695853803607323,65092.58524879248,0.13344520285259615,41.67745893587476,318337195.7027904,329103.42307890125,4241379.619523267,389954441360.36224,58583075079.16995,112.00887370088071,717521273.7766085,36818395.077113286,0.0,0.0,1658700000.0,8.0,0.0,50.18409197538556,80.0,30.0,27.500000000000004,62.92245405045098,28.736666666666665,39.416666666666664
2033,F_legal_collision,util_current_drag,fcap_none,3815094.8554167515,1906079.9999999998,206294.53011199995,167098.56939071996,163073.8740764089,36860.0,105587.85541675147,357337.4411912089,10463505.67854813,3700642.009754249,2.827483893596881,2549.3098780268588,2092.3373403304863,1148967.4295662378,943011.0777924226,106994.03077976956,90010.35845646543,48035.91853054025,0.27894620702026907,64902.310372499596,0.13352125298765694,42.23291973009891,297090820.32371676,331918.56237946544,4277660.234121034,403085703061.1057,60690393933.06597,113.20780159513544,1003044661.8676127,90877913.27307597,0.0,0.0,1658700000.0,8.0,0.0,50.45438956636538,80.0,30.0,27.500000000000004,63.86326132835757,28.776666666666664,39.416666666666664
2034,F_legal_collision,util_current_drag,fcap_none,3848516.741590251,2223759.9999999995,206294.53011199995,167098.56939071996,177900.6576612814,36860.0,139009.74159025121,497238.0988524903,10552176.899496658,3733061.2393425438,2.8266819703592856,2631.4212615110237,2107.0536358534964,1193117.311474951,955362.8702154167,109649.36419097213,89994.33965157623,48028.614525434554,0.2809581550143538,64709.69602133427,0.13359737774641905,42.938905453068635,270086866.4201247,334731.35047227517,4313910.547105536,416625387932.77545,62867310727.595184,114.40826983573143,1306639068.5739863,148507623.80320543,0.0,0.0,1658700000.0,8.0,0.0,50.742538119016025,80.0,30.0,27.500000000000004,64.82946111142724,28.816666666666663,39.416666666666664
2035,F_legal_collision,util_current_drag,fcap_none,3881898.521500343,2541439.9999999995,206294.53011199995,167098.56939071996,182286.13354946434,36860.0,172391.521500343,641524.2324019547,10640774.287730359,3765441.5658553327,2.8259034436279378,2716.2638668190025,2121.940991424349,1239022.8514773792,967922.6712757818,112370.22345645969,89978.02493989286,48021.152464843064,0.2829945635515136,64514.73304280067,0.13367357460505216,43.74454023408915,239271336.04608998,337541.7964773262,4350130.676012358,430585607076.24524,65115999039.81804,115.61025994699963,1629343304.0895827,212375772.8165763,0.0,0.0,1658700000.0,8.0,0.0,51.06187886408288,80.0,30.0,27.500000000000004,65.69272034814293,28.856666666666666,39.416666666666664
2036,F_legal_collision,util_current_drag,fcap_none,3915240.2432745425,2859119.9999999995,206294.53011199995,167098.56939071996,178089.2658099799,36860.0,205733.2432745425,781613.4982119345,10729298.135735609,3797783.035976306,2.8251477333215798,2803.9300975804017,2137.0006934443636,1286755.2789542992,980693.8217865765,115158.22333266288,89961.4200130506,48013.53537694734,0.28505561959351255,64317.41169171824,0.13374984111935315,44.61301456722021,206052192.8038269,340349.90967273834,4386320.740414939,444978819843.2254,67438697877.45925,116.81375387214052,1972250918.7889142,284657011.5563452,0.0,0.0,1658700000.0,8.0,0.0,51.423285057781726,80.0,30.0,27.500000000000004,66.44194498235227,28.896666666666665,39.416666666666664
2037,F_legal_collision,util_current_drag,fcap_none,3948541.954982613,3176799.9999999995,206294.53011199995,167098.56939071996,172499.482048166,36860.0,239034.9549826132,916112.9802601007,10817748.740951687,3830085.6963331345,2.82441428172441,2894.515540431098,2152.234064442645,1336388.7682983228,993679.7333766693,118015.01829464798,89944.53041113315,48005.766209432775,0.28714151550136896,64117.72163782141,0.13382617492211976,45.518625752215684,171412564.9777501,343155.69949374493,4422480.861911549,459817843644.0967,69837713599.24936,118.01873396552419,2336512973.5478835,367148053.29123145,0.0,0.0,1658700000.0,8.0,0.0,51.835740266456156,80.0,30.0,27.500000000000004,67.12080028448172,28.936666666666664,39.416666666666664
2038,F_legal_collision,util_current_drag,fcap_none,3981803.704636634,3494479.9999999995,206294.53011199995,167098.56939071996,169157.9318047312,36860.0,272296.70463663386,1047270.9120648317,10906126.405743951,3862349.5934975347,2.8237025524838506,2988.1190764239805,2167.642462918247,1388000.5627839344,1006883.8896626292,120942.30351261098,89927.3615277378,47997.847832181775,0.28925244901125824,63915.651972718835,0.1339025737206401,46.443719256359955,136027738.44423172,345959.175531842,4458611.164114319,475115864028.264,72315421890.70299,119.2251829852917,2723340947.4438343,461387247.9897349,0.0,0.0,1658700000.0,8.0,0.0,52.306936239948676,80.0,30.0,27.500000000000004,67.76895183778475,28.976666666666663,39.416666666666664
2039,F_legal_collision,util_current_drag,fcap_none,4015025.5401910697,3812159.9999999995,206294.53011199995,167098.56939071996,167098.56939071996,36860.0,305518.5401910697,1176369.481455552,10994431.437381886,3894574.7739853375,2.8230120296627996,3084.8429964191396,2183.227283215472,1441671.1037468396,1020309.8474629181,123941.81585232355,89909.91861482644,47989.783039852875,0.2913886232154303,63711.191216240775,0.1339790352942923,47.37620359392376,100360212.5324161,348760.3475340923,4494711.772640275,490886445044.54706,74874269796.9195,120.43308408624674,3134009789.597234,568752354.4000806,0.0,0.0,1658700000.0,8.0,0.0,52.843761772000406,80.0,30.0,27.500000000000004,68.40284442040016,29.016666666666666,39.416666666666664
2040,F_legal_collision,util_current_drag,fcap_none,4048207.5095428405,4129839.9999999995,206294.53011199995,167098.56939071996,167098.56939071996,36860.0,338700.50954284053,1305468.0508462717,11082664.148021778,3926761.284256555,2.822342216842966,3184.7931205984914,2198.98995543101,1497484.1653046429,1033961.2380546348,127015.33490011755,89892.20678737247,47981.57455435145,0.2935502465479458,63504.327322200355,0.13405555749224862,48.30773445354828,64729157.15177838,351559.22540257557,4530782.815104253,507143539889.3186,77516777814.03497,121.64242081302643,3569861122.250115,690532854.6643332,0.0,0.0,1658700000.0,8.0,0.0,53.452664273321666,80.0,30.0,27.500000000000004,69.03562169169851,29.056666666666665,39.416666666666664
2041,F_legal_collision,util_current_drag,fcap_none,4081349.660531389,4447519.999999999,206294.53011199995,167098.56939071996,167098.56939071996,36860.0,371842.66053138906,1434566.6202369917,11170824.854693852,3958909.170715447,2.821692636276139,3288.0789222552785,2214.9319453517314,1555526.9948612538,1047841.7684731225,130164.68401301032,89874.23102781386,47973.225027197535,0.29573753277505294,63295.04768359308,0.13413213823127937,49.23246099700845,29358366.864426695,354355.81919398,4566824.421113634,523901501850.3291,80245542041.00238,122.85317709354099,4032306602.526121,827980914.2988065,0.0,0.0,1658700000.0,8.0,0.0,54.139904571494036,80.0,30.0,27.500000000000004,69.66744765121393,29.096666666666664,39.416666666666664
2042,F_legal_collision,util_current_drag,fcap_none,4114452.0409387513,4765199.999999999,206294.53011199995,167098.56939071996,167098.56939071996,36860.0,404945.0409387513,1563665.1896277117,11258913.879293738,3991018.4797105887,2.8210628280804615,3394.8136560145226,2231.0547544220462,1615890.4596482518,1061955.222854811,133391.73139458717,89855.99619032207,47964.73704179559,0.297950700990037,63083.33913725751,0.13420877549365084,50.14618847608709,0.0,357150.1391193322,4602836.722264858,541175095554.36676,83063236393.42432,124.06533723267336,4522831450.683819,987938283.1511271,0.0,0.0,1658700000.0,8.0,0.0,54.93969141575563,80.0,30.0,27.500000000000004,70.29843295265744,29.136666666666663,39.416666666666664
2043,F_legal_collision,util_current_drag,fcap_none,4147514.698489625,5082879.999999999,206294.53011199995,167098.56939071996,167098.56939071996,36860.0,438007.698489625,1692763.7590184314,11346931.54857803,4023089.257534936,2.8204523494789733,3505.1144906463783,2247.359919739808,1678669.1995678227,1076305.4638237308,136698.3911972724,89837.50700489545,47956.113115611035,0.3001899756123924,62869.18796801775,0.1342854673251137,51.04583019005176,0.0,359942.1955438562,4638819.852141621,558979508527.1241,85972614881.21123,125.27888590622831,5042998153.060121,1194905042.4100592,0.0,0.0,1658700000.0,8.0,0.0,55.974525212050295,80.0,30.0,27.500000000000004,70.92865524660573,29.176666666666666,39.416666666666664
2044,F_legal_collision,util_current_drag,fcap_none,4180537.6808514376,5400559.999999999,206294.53011199995,167098.56939071996,167098.56939071996,36860.0,471030.6808514376,1821862.3284091516,11434878.19416391,4055121.5504258946,2.819860774077893,3619.1026466404232,2263.8490140798444,1743961.7866137172,1090896.4339221874,140086.6246516361,89818.76808128589,47947.35570225823,0.3024555863911734,62652.579912327754,0.13436221183297675,51.9290534106265,0.0,362731.99898696115,4674773.946314699,577330363073.8809,88976513951.88966,126.49380815512367,5594450348.305027,1420745006.9608486,0.0,0.0,1658700000.0,8.0,0.0,57.10372503480424,80.0,30.0,27.500000000000004,71.55817087916827,29.216666666666665,39.416666666666664
2045,F_legal_collision,util_current_drag,fcap_none,4213521.035634415,5718239.999999999,206294.53011199995,167098.56939071996,167098.56939071996,36860.0,504014.0356344152,1950960.8977998714,11522754.152532589,4087115.4045653827,2.8192876911822604,3736.903538715252,2280.5236459442585,1811870.8911591216,1105732.1570861472,143558.4412233988,89799.78391276632,47938.467193503755,0.3047477684123981,62433.500161435215,0.1344390071842624,52.794052480243366,0.0,365519.56012235075,4710699.142343371,596243728489.8417,92077854901.43639,127.7100893798141,6178916905.933319,1666752081.1363878,0.0,0.0,1658700000.0,8.0,0.0,58.33376040568194,80.0,30.0,27.500000000000004,72.1870219484348,29.256666666666664,39.416666666666664
2026,F_legal_collision,util_current_drag,fcap_partial,3705055.5916,63535.999999999985,41258.90602239999,33419.71387814399,0.0,0.0,-4451.408400000073,0.0,10141419.983388092,3593903.923852,2.8218394810394285,2022.8608386219394,1973.522769387258,870073.9380946757,848852.622531391,90065.85729695886,90065.85729695886,48061.022960284165,0.262943960601669,66383.58406431176,0.13324592085275141,56.48489111436993,0.0,321701.5066254187,4145986.0885246904,328768835806.7472,49099813359.501564,108.86876576386157,64134223.7748979,-389617923.75577384,0.0,0.0,0.0,-1.0,0.0,48.051910381221134,80.0,48.480000000000004,27.500000000000004,29.9378370284787,28.496666666666663,39.416666666666664
2027,F_legal_collision,util_current_drag,fcap_partial,3700609.52489008,190607.99999999994,82517.81204479998,66839.42775628799,5012.957081721599,0.0,-8897.475109919906,5012.957081721599,10138591.969245598,3589591.2391433776,2.824441919371599,2094.164752895718,1993.2561598055613,907501.2291789218,863772.7344951071,92317.98357652809,90066.32544051521,48061.233218176545,0.265571775029994,66147.25152284847,0.13324351178011645,57.91136618998981,0.0,321611.7976485803,4144829.947933714,336894986281.1889,50309766601.31603,108.83081845506689,45573794.17364232,-412353095.26921433,0.0,0.0,0.0,-1.0,0.0,47.938234523653925,80.0,48.480000000000004,27.500000000000004,100.0,28.536666666666665,39.416666666666664
2028,F_legal_collision,util_current_drag,fcap_partial,3696419.441314298,381215.9999999999,123776.71806719998,100259.14163443199,20051.828326886396,243.12841846349758,-13087.558685701806,24814.137554521916,10136416.734553294,3585526.858074869,2.8270369002327627,2167.9551227221696,2013.1618498602584,946520.8583115268,878938.7114513388,94626.31123567442,90066.68529272998,48061.39482012696,0.2682228408851312,65908.74309440688,0.13324165888640302,59.22509286144148,0.0,321542.79584420536,4143940.6747561567,345243983024.69653,51553681376.83703,108.80163217562568,26995666.600084856,-436397228.919774,0.0,0.0,10940778.83085739,-1.0,0.0,47.818013855401134,80.0,48.480000000000004,27.500000000000004,100.0,28.576666666666664,39.416666666666664
2029,F_legal_collision,util_current_drag,fcap_partial,3697748.6386287007,635359.9999999998,165035.62408959997,133678.85551257597,44550.0,5591.953624660444,-11758.361371299252,63599.23691054208,10147703.45619817,3586816.1794698397,2.8291674143440724,2243.3591962074993,2032.3727103216443,986567.4554538277,893781.4224068489,96989.95591365833,90064.81592655553,48060.555148863496,0.2707880127545879,65676.3434026958,0.1332512740297216,57.17459271420408,0.0,321900.8280886017,4148554.879769001,354265331165.8292,52916082670.167755,108.95308912571731,47559389.04596888,-447566994.97924894,0.0,0.0,251637913.10971996,-1.0,0.0,47.762165025103755,80.0,48.480000000000004,27.500000000000004,72.92105740223762,28.616666666666664,39.416666666666664
2030,F_legal_collision,util_current_drag,fcap_partial,3714588.0771728884,953039.9999999998,206294.53011199995,167098.56939071996,61746.299999999996,20638.434803225813,5081.077172888443,104068.79999999999,10196655.519856486,3603150.434857702,2.8299277824238778,2318.4845341279624,2049.2024962453534,1026381.1532517,907171.3830231159,99405.68644878617,90056.6457350401,48056.88020667279,0.27305513939851705,65466.21578009587,0.1332930037706135,45.257669872871915,181394127.36264923,323453.6631607217,4168567.3213466494,364856586271.1097,54566239732.94466,109.61046578793622,184043896.51027012,-237500637.3487417,0.0,0.0,928729566.1451616,-1.0,0.0,48.81249681325629,80.0,48.480000000000004,27.500000000000004,63.70100389214464,28.656666666666663,39.416666666666664
2031,F_legal_collision,util_current_drag,fcap_partial,3748130.571480281,1270719.9999999998,206294.53011199995,167098.56939071996,85580.3718,36860.0,38623.571480281185,151649.17179999998,10285940.593521973,3635686.6543358727,2.8291603681673427,2392.9264353215212,2063.41296565179,1065663.7397437221,918918.5029487624,101873.67539179206,90041.48478957557,48050.039842080914,0.27499497199193396,65280.52920175409,0.13336922994744266,41.33839711672329,331306310.28533405,326285.9236098894,4205068.587829684,377219830437.8803,56543244153.06635,110.81150505551986,449082194.90146744,-16870745.614314694,0.0,0.0,1658700000.0,-1.0,0.0,49.91564627192842,80.0,48.480000000000004,27.500000000000004,58.86002965828855,28.696666666666665,39.416666666666664
2032,F_legal_collision,util_current_drag,fcap_partial,3781632.814794505,1588399.9999999998,206294.53011199995,167098.56939071996,118614.39531479997,36860.0,72125.81479450502,232263.56711479998,10374760.337383145,3668183.8303506696,2.828309816847795,2469.840388172114,2077.790854774137,1106504.8025994787,930864.0228797828,104402.64723194012,90026.07550608212,48043.06136866912,0.27695853803607323,65092.58524879248,0.13344520285259615,41.67745893587476,318337195.7027904,329103.42307890125,4241379.619523267,389954441360.36224,58583075079.16995,112.00887370088071,717521273.7766085,36818395.077113286,0.0,9720056.300357908,1648979943.6996422,8.0,0.00586004479433165,50.18409197538556,80.0,48.480000000000004,27.500000000000004,58.302454050450976,28.736666666666665,39.416666666666664
2033,F_legal_collision,util_current_drag,fcap_partial,3815904.860108448,1906079.9999999998,206294.53011199995,167098.56939071996,163073.8740764089,37645.7045509456,106397.86010844819,356527.4364995124,10465477.796971004,3701427.7143051946,2.827416501077209,2549.146068895794,2092.202894547897,1148856.6888118028,942920.1876979708,106993.61133076825,90010.00558860274,48035.757889935565,0.2789293764664958,64903.570854027974,0.13352294457052008,42.14200938797218,300568140.9100641,331981.1210220344,4278466.469890734,403160850643.41534,60704692614.03796,113.23447339826018,1009788287.801691,96918498.47246294,0.0,25586483.596730214,1668470221.1958218,8.0,0.01510367600113093,50.48459249236232,80.0,48.480000000000004,27.500000000000004,59.196032485234355,28.776666666666664,39.416666666666664
2034,F_legal_collision,util_current_drag,fcap_partial,3851457.981242712,2223759.9999999995,206294.53011199995,167098.56939071996,177900.6576612814,38928.24075740236,141950.98124271212,494295.8871943996,10559319.081116783,3735914.2418054305,2.826435083267289,2630.812662246936,2106.5663131617894,1192703.4163254392,955031.452630404,109647.7756313552,89993.03584671809,48028.019023802815,0.2808972441045098,64714.24008877662,0.13360351528613168,42.70311975028301,279105669.5516749,334957.91150530113,4316830.393210643,416904218101.27936,62920504459.295265,114.50507376673274,1331181142.0848145,166589862.19845974,0.0,43979723.620393366,1707791110.462713,8.0,0.025105865884228386,50.8329493109923,80.0,48.480000000000004,27.500000000000004,60.09839890653073,28.816666666666663,39.416666666666664
2035,F_legal_collision,util_current_drag,fcap_partial,3888501.208633587,2541439.9999999995,206294.53011199995,167098.56939071996,182286.13354946434,40415.02765931513,178994.20863358723,634917.0437754978,10656781.508375602,3771846.1723745796,2.825348919695361,2714.866123062535,2120.849076235774,1238066.6040026797,967175.6522768924,112366.5015682887,89975.04471847502,48019.786973519804,0.2828583080393121,64524.85580364573,0.1336873556363675,43.346143554976514,254510009.0221483,338049.5702414437,4356674.7018213505,431225852780.5071,65238466877.03068,115.82769558039358,1685137990.464094,247943228.9315427,0.0,65457012.43792727,1753219232.2312536,8.0,0.0359915694889576,51.23971614465771,80.0,48.480000000000004,27.500000000000004,60.90248518200515,28.856666666666666,39.416666666666664
2036,F_legal_collision,util_current_drag,fcap_partial,3927289.758219721,2859119.9999999995,206294.53011199995,167098.56939071996,178089.2658099799,42151.10850539912,217782.7582197208,769551.5585489838,10758481.960519185,3809471.065473129,2.8241406157479245,2801.3208453119532,2135.0120654425964,1284959.5737461674,979325.2344318809,115151.13179450757,89955.8801147779,48010.98935605983,0.28480789418792307,64335.73532946674,0.13377501277039436,44.03296066187264,228239254.6833714,341275.66567311576,4398251.587550828,446174704011.5465,67668068408.81489,117.21105740317822,2076060101.533969,344550047.51354605,0.0,90961212.54357615,1805838670.1993842,8.0,0.04795509182130338,51.72275023756773,80.0,48.480000000000004,27.500000000000004,61.6020699715545,28.896666666666665,39.416666666666664
2037,F_legal_collision,util_current_drag,fcap_partial,3968157.111555155,3176799.9999999995,206294.53011199995,167098.56939071996,172499.482048166,44212.69801393907,258650.1115551549,896470.9395518518,10865226.87916636,3849112.3982085004,2.822787633903178,2890.1715368122427,2149.004054987187,1333381.4779994197,991443.6449768803,118002.9637500769,89935.34310288685,48001.53148811524,0.2867398707796609,64147.294443040606,0.13386720203072294,44.73214246385405,201495550.7575825,344661.7793741216,4441890.7375374,461811040054.93024,70221062965.73203,118.66655595978912,2509419168.4450054,460194433.1477257,0.0,121491330.35099958,1868080080.2762587,8.0,0.06106407123768261,52.30097216573863,80.0,48.480000000000004,27.500000000000004,62.24364177005235,28.936666666666664,39.416666666666664
2038,F_legal_collision,util_current_drag,fcap_partial,4011519.6005505384,3494479.9999999995,206294.53011199995,167098.56939071996,169157.9318047312,46680.549203372466,302012.6005505384,1017504.5938273331,10978022.72375823,3891174.0125340223,2.821262346118797,2981.3904501002603,2162.7613802828587,1383314.9675918617,1003484.8634382335,120923.23283472945,89913.18141296718,47991.29308147082,0.2886466272858561,63960.04484957288,0.13396481791808848,45.419455128234894,175205841.34501532,348239.8377925412,4488003.609629011,478208043714.71533,72911817172.72586,120.20844955239005,2991895421.597295,598908864.7277653,0.0,158111940.28813004,1942512773.863631,8.0,0.07526900889194582,52.99454432363883,80.0,48.480000000000004,27.500000000000004,62.871311020695124,28.976666666666663,39.416666666666664
2039,F_legal_collision,util_current_drag,fcap_partial,4057881.7720538885,3812159.9999999995,206294.53011199995,167098.56939071996,167098.56939071996,49640.71517329051,348374.77205388853,1133427.168194042,11098088.986238401,3936145.3188922717,2.8195323310272693,3074.9244292257226,2176.2076434697187,1434723.6781074603,1015392.9653974095,123913.09188327903,89889.0816624119,47980.12429263042,0.2905190623674675,63774.58994077528,0.134068947596168,46.07567982328439,150105246.75937212,352048.52509649115,4537088.75300729,495453658958.8752,75757718011.80812,121.8540848310701,3531556223.24578,765139526.229022,0.0,201996834.9244618,2031835347.873611,8.0,0.09042614592088241,53.82569763114511,80.0,48.480000000000004,27.500000000000004,63.50668375497651,29.016666666666666,39.416666666666664
2040,F_legal_collision,util_current_drag,fcap_partial,4107845.383504462,4129839.9999999995,206294.53011199995,167098.56939071996,167098.56939071996,53188.07748972733,398338.38350446196,1245692.6680077235,11226880.051473616,3984610.021999328,2.817560561633178,3170.6911771888613,2189.2530492221676,1487549.1197275922,1027101.4312780557,126973.58427295861,89862.65873309206,47967.84038121917,0.2923465314852927,63591.622142426044,0.13418089251746182,46.684686342687755,126810747.39219338,356133.9766204324,4589740.745101703,513652998143.98535,78779704885.19011,123.62425636628136,4138081988.3256516,963918607.7089713,0.0,254474512.43516842,2138988974.6025612,8.0,0.10632061605005674,54.81959303854486,80.0,48.480000000000004,27.500000000000004,64.17007718738135,29.056666666666665,39.416666666666664
2041,F_legal_collision,util_current_drag,fcap_partial,4159915.9690442565,4447519.999999999,206294.53011199995,167098.56939071996,167098.56939071996,55290.0,450408.9690442565,1355791.2373984437,11360744.750619622,4035118.4899729285,2.815467446334108,3269.1014090209424,2202.148219261229,1542079.5993336197,1038783.2675550522,130107.25926367244,89834.58121628594,47954.74688567506,0.29416042545478094,63408.80258515119,0.13429751354822309,47.37389878812037,100448371.35439579,360380.3716489165,4644466.925588557,532683155797.0166,81954511245.36552,125.46955042682544,4800365743.513527,1186511901.9662101,0.0,313239142.1190795,2174810857.8809204,8.0,0.12589744664258334,55.93255950983105,80.0,48.480000000000004,27.500000000000004,64.87361752487581,29.096666666666664,39.416666666666664
2042,F_legal_collision,util_current_drag,fcap_partial,4211924.069881404,4765199.999999999,206294.53011199995,167098.56939071996,167098.56939071996,55290.0,502417.0698814038,1465889.8067891635,11494436.249331966,4085566.3477849616,2.813425427680011,3370.7590641923775,2215.2461955765857,1598746.374555027,1050688.2148734776,133317.40742742826,89805.92971288708,47941.34645600399,0.2960044446052252,63222.97536596806,0.1344142478188829,48.187101630298976,69343362.64106417,364621.2724921141,4699122.298773311,552331158427.9308,85240859857.01326,127.31789036094675,5500428682.797543,1425393884.0727937,0.0,376303985.39521754,2111746014.6047826,8.0,0.15124454307398064,57.12696942036397,80.0,48.480000000000004,27.500000000000004,65.61755441046463,29.136666666666663,39.416666666666664
2043,F_legal_collision,util_current_drag,fcap_partial,4263869.760997546,5082879.999999999,206294.53011199995,167098.56939071996,167098.56939071996,55290.0,554362.7609975459,1575988.3761798835,11628004.240475548,4135953.6681676195,2.811444511569489,3475.7725450191474,2228.546864489889,1657634.7106503139,1062818.8666094118,136605.88024368478,89776.70926347241,47927.642447297185,0.2978786212289857,63034.14688959374,0.13453113140547834,48.99515031353466,38435500.50729931,368858.25548445684,4753727.179949771,572618087393.717,88642821110.96825,129.16989773675178,6242103744.25533,1688627729.9834971,0.0,445797720.7156432,2042252279.2843568,8.0,0.1791755474028429,58.443138649917486,80.0,48.480000000000004,27.500000000000004,66.39271916825702,29.176666666666666,39.416666666666664
2044,F_legal_collision,util_current_drag,fcap_partial,4315753.117284349,5400559.999999999,206294.53011199995,167098.56939071996,167098.56939071996,55290.0,606246.1172843492,1686086.9455706037,11744720.733277531,4186280.5237658187,2.8097611983569135,3584.2539862978037,2242.0502111550704,1718833.377347302,1075177.9174562406,139980.45931770856,89750.69848841774,47915.4143327824,0.29977039718897414,62846.09595455689,0.13463347403903914,49.789202856171734,8062990.751431176,372560.68292005634,4801442.880142748,592732507358.0885,92000317477.86575,130.79261023361846,7023460894.569104,2015119664.377259,0.0,531991591.3955964,1956058408.6044035,8.0,0.21381868989594116,60.0755983218863,80.0,48.480000000000004,27.500000000000004,67.07343078674742,29.216666666666665,39.416666666666664
2045,F_legal_collision,util_current_drag,fcap_partial,4367574.213543608,5718239.999999999,206294.53011199995,167098.56939071996,167098.56939071996,55290.0,658067.2135436079,1796185.5149613235,11811717.36936767,4236546.9871373,2.8088284498434897,3696.319384086061,2255.756315633573,1782434.7944436227,1087768.162589496,143455.78654165164,89735.57056411213,47908.29048811739,0.3016537992396584,62666.49477650925,0.1346923048793987,50.554608328631936,0.0,374685.91970192094,4828832.251814827,610961046071.9498,94973213177.97165,131.7258917101216,7838520746.306067,2505917952.730433,0.0,661562339.5208342,1826487660.4791658,8.0,0.26589591829779713,62.52958976365217,80.0,48.480000000000004,27.500000000000004,67.42113175873735,29.256666666666664,39.416666666666664
2026,F_legal_collision,util_current_drag,fcap_high,3705055.5916,63535.999999999985,41258.90602239999,33419.71387814399,0.0,0.0,-4451.408400000073,0.0,10141419.983388092,3593903.923852,2.8218394810394285,2022.8608386219394,1973.522769387258,870073.9380946757,848852.622531391,90065.85729695886,90065.85729695886,48061.022960284165,0.262943960601669,66383.58406431176,0.13324592085275141,56.48489111436993,0.0,321701.5066254187,4145986.0885246904,328768835806.7472,49099813359.501564,108.86876576386157,64134223.7748979,-389617923.75577384,0.0,0.0,0.0,-1.0,0.0,48.051910381221134,80.0,66.96000000000001,27.500000000000004,25.3178370284787,28.496666666666663,39.416666666666664
2027,F_legal_collision,util_current_drag,fcap_high,3700609.52489008,190607.99999999994,82517.81204479998,66839.42775628799,5012.957081721599,0.0,-8897.475109919906,5012.957081721599,10138591.969245598,3589591.2391433776,2.824441919371599,2094.164752895718,1993.2561598055613,907501.2291789218,863772.7344951071,92317.98357652809,90066.32544051521,48061.233218176545,0.265571775029994,66147.25152284847,0.13324351178011645,57.91136618998981,0.0,321611.7976485803,4144829.947933714,336894986281.1889,50309766601.31603,108.83081845506689,45573794.17364232,-412353095.26921433,0.0,0.0,0.0,-1.0,0.0,47.938234523653925,80.0,66.96000000000001,27.500000000000004,100.0,28.536666666666665,39.416666666666664
2028,F_legal_collision,util_current_drag,fcap_high,3696419.441314298,381215.9999999999,123776.71806719998,100259.14163443199,20051.828326886396,243.12841846349758,-13087.558685701806,24814.137554521916,10136416.734553294,3585526.858074869,2.8270369002327627,2167.9551227221696,2013.1618498602584,946520.8583115268,878938.7114513388,94626.31123567442,90066.68529272998,48061.39482012696,0.2682228408851312,65908.74309440688,0.13324165888640302,59.22509286144148,0.0,321542.79584420536,4143940.6747561567,345243983024.69653,51553681376.83703,108.80163217562568,26995666.600084856,-436397228.919774,0.0,0.0,10940778.83085739,-1.0,0.0,47.818013855401134,80.0,66.96000000000001,27.500000000000004,99.34436676802571,28.576666666666664,39.416666666666664
2029,F_legal_collision,util_current_drag,fcap_high,3697748.6386287007,635359.9999999998,165035.62408959997,133678.85551257597,44550.0,5591.953624660444,-11758.361371299252,63599.23691054208,10147703.45619817,3586816.1794698397,2.8291674143440724,2243.3591962074993,2032.3727103216443,986567.4554538277,893781.4224068489,96989.95591365833,90064.81592655553,48060.555148863496,0.2707880127545879,65676.3434026958,0.1332512740297216,57.17459271420408,0.0,321900.8280886017,4148554.879769001,354265331165.8292,52916082670.167755,108.95308912571731,47559389.04596888,-447566994.97924894,0.0,0.0,251637913.10971996,-1.0,0.0,47.762165025103755,80.0,66.96000000000001,27.500000000000004,68.30105740223762,28.616666666666664,39.416666666666664
2030,F_legal_collision,util_current_drag,fcap_high,3714588.0771728884,953039.9999999998,206294.53011199995,167098.56939071996,61746.299999999996,20638.434803225813,5081.077172888443,104068.79999999999,10196655.519856486,3603150.434857702,2.8299277824238778,2318.4845341279624,2049.2024962453534,1026381.1532517,907171.3830231159,99405.68644878617,90056.6457350401,48056.88020667279,0.27305513939851705,65466.21578009587,0.1332930037706135,45.257669872871915,181394127.36264923,323453.6631607217,4168567.3213466494,364856586271.1097,54566239732.94466,109.61046578793622,184043896.51027012,-237500637.3487417,0.0,0.0,928729566.1451616,-1.0,0.0,48.81249681325629,80.0,66.96000000000001,27.500000000000004,59.08100389214464,28.656666666666663,39.416666666666664
2031,F_legal_collision,util_current_drag,fcap_high,3748130.571480281,1270719.9999999998,206294.53011199995,167098.56939071996,85580.3718,36860.0,38623.571480281185,151649.17179999998,10285940.593521973,3635686.6543358727,2.8291603681673427,2392.9264353215212,2063.41296565179,1065663.7397437221,918918.5029487624,101873.67539179206,90041.48478957557,48050.039842080914,0.27499497199193396,65280.52920175409,0.13336922994744266,41.33839711672329,331306310.28533405,326285.9236098894,4205068.587829684,377219830437.8803,56543244153.06635,110.81150505551986,449082194.90146744,-16870745.614314694,0.0,0.0,1658700000.0,-1.0,0.0,49.91564627192842,80.0,66.96000000000001,27.500000000000004,54.24002965828855,28.696666666666665,39.416666666666664
2032,F_legal_collision,util_current_drag,fcap_high,3781632.814794505,1588399.9999999998,206294.53011199995,167098.56939071996,118614.39531479997,36860.0,72125.81479450502,232263.56711479998,10374760.337383145,3668183.8303506696,2.828309816847795,2469.840388172114,2077.790854774137,1106504.8025994787,930864.0228797828,104402.64723194012,90026.07550608212,48043.06136866912,0.27695853803607323,65092.58524879248,0.13344520285259615,41.67745893587476,318337195.7027904,329103.42307890125,4241379.619523267,389954441360.36224,58583075079.16995,112.00887370088071,717521273.7766085,36818395.077113286,0.0,19440112.600715816,1639259887.3992841,8.0,0.0117200895886633,50.18409197538556,80.0,66.96000000000001,27.500000000000004,53.68245405045097,28.736666666666665,39.416666666666664
2033,F_legal_collision,util_current_drag,fcap_high,3816714.8648001445,1906079.9999999998,206294.53011199995,167098.56939071996,163073.8740764089,38431.40910189119,107207.86480014445,355717.4318078159,10467449.915393878,3702213.41885614,2.827349137162376,2548.982270290491,2092.0684574042907,1148745.9587308774,942829.3063637654,106993.1916967727,90009.65256511082,48035.59716672628,0.27891254741474825,64904.83107625933,0.13352463622165645,42.054564793905904,303912896.6330992,332043.67966460326,4279272.7056604335,403235997491.06635,60718991968.63794,113.2611464579256,1016530868.4041103,102825473.47688244,0.0,54291849.99579393,1675121559.58931,8.0,0.03139321673747104,50.51412736738441,80.0,66.96000000000001,27.500000000000004,54.52880364211115,28.776666666666664,39.416666666666664
2034,F_legal_collision,util_current_drag,fcap_high,3854659.127795367,2223759.9999999995,206294.53011199995,167098.56939071996,177900.6576612814,41248.59120799334,145152.12779536704,491093.76863611443,10567094.059278334,3739019.353961506,2.8261672537432725,2630.150658009506,2106.0362275932684,1192253.2559698306,954670.9964663241,109646.04354695036,89991.61424438246,48027.369550373456,0.2808309967914238,64719.17951326324,0.13361019761023205,42.46323552635208,288281241.11703295,335204.54582205834,4320008.937374002,417207741304.66223,62978421376.35378,114.61047312608493,1357930443.6419451,185665103.32525694,0.0,98031174.55573566,1758155429.8039649,8.0,0.05281321087302639,50.92832551662629,80.0,66.96000000000001,27.500000000000004,55.35753489201414,28.816666666666663,39.416666666666664
2035,F_legal_collision,util_current_drag,fcap_high,3896202.8013883242,2541439.9999999995,206294.53011199995,167098.56939071996,182286.13354946434,44784.18660992197,186695.80138832424,627210.6376392675,10675458.237508172,3779316.7173466743,2.8247059021301175,2713.2383902926385,2119.5774939974945,1236953.322871045,966305.958836188,112362.1433607206,89971.55497806876,48018.18712060201,0.28269968140675006,64536.625050098824,0.13370344038900328,42.92309643602245,270691561.32214135,338642.0249381848,4364310.068396212,431972806648.5034,65381416695.19586,116.08149596556999,1750302336.6617007,287909941.1169797,0.0,152016448.9097653,1863271948.5367234,8.0,0.07543161023622266,51.4395497055849,80.0,66.96000000000001,27.500000000000004,56.08395580324153,28.856666666666666,39.416666666666664
2036,F_legal_collision,util_current_drag,fcap_high,3942195.3954358054,2859119.9999999995,206294.53011199995,167098.56939071996,178089.2658099799,49147.996286872694,232688.39543580543,754631.8660401002,10794594.389842138,3823929.533572731,2.822906200302455,2798.103883117366,2132.560274491549,1282746.7893366695,977638.7723401117,115142.29942226794,89948.98027970086,48007.81515609262,0.2845026504394264,64358.25698580227,0.1338061800059226,43.39152790728704,252774057.54627064,342421.2077116201,4413014.966825234,447654262178.37537,67952109735.46953,117.70305880097568,2204490896.664901,415721459.25849193,0.0,219500930.48848373,1992158902.4207876,8.0,0.09924714787614823,52.07860729629246,80.0,66.96000000000001,27.500000000000004,56.71015249131544,28.896666666666665,39.416666666666664
2037,F_legal_collision,util_current_drag,fcap_high,3993756.5051686564,3176799.9999999995,206294.53011199995,167098.56939071996,172499.482048166,54602.99188115243,284249.50516865635,870839.6038808926,10927209.88572823,3873943.8100135964,2.8206939546936485,2884.535418160364,2144.813285794769,1329483.0426625763,988544.9404397018,117987.0610036789,89923.22290769742,47995.9361044399,0.28621927236700584,64185.46347816019,0.13392081816159127,43.81830984806476,236449648.31152305,346627.9760831415,4467230.45163576,464412447075.1912,70722158337.37616,119.51335689741403,2734703690.7559943,576907028.136501,0.0,304606910.8560725,2152527723.795787,8.0,0.12396834367980447,52.8845351406825,80.0,66.96000000000001,27.500000000000004,57.288153583909335,28.936666666666664,39.416666666666664
2038,F_legal_collision,util_current_drag,fcap_high,4045963.997362454,3494479.9999999995,206294.53011199995,167098.56939071996,169157.9318047312,55290.0,336456.99736245396,982997.5356856239,11061296.78678396,3924585.07744158,2.8184627338986803,2973.657593728045,2157.1518087084482,1377936.5861295678,999583.2759374459,120900.82752097893,89896.5218100717,47983.57606808636,0.28795131539339736,64010.70010557032,0.1340370148788685,44.580196213524104,207307494.832703,350881.419699422,4522047.472066929,481788147028.2198,73603814450.3678,121.34933347306853,3299064657.520528,741017009.5193233,0.0,391256981.02620274,2096793018.9737973,8.0,0.15725446877120747,53.70508504759662,80.0,66.96000000000001,27.500000000000004,57.92894186848703,28.976666666666663,39.416666666666664
2039,F_legal_collision,util_current_drag,fcap_high,4098108.840565619,3812159.9999999995,206294.53011199995,167098.56939071996,167098.56939071996,55290.0,388601.84056561906,1093096.1050763438,11195243.14841741,3975165.5753486506,2.8162960601799605,3065.7178397427047,2169.691889712389,1428284.973611943,1010836.11912047,123885.68969506997,89869.20355674754,47970.88660630068,0.2897132904945369,63832.90088019887,0.13415337028302357,45.40243316595855,175856931.4020855,355130.4051881462,4576807.037576536,499732118784.04944,76587614725.31987,123.18894954430661,3896737388.4744544,920873842.5660951,0.0,486221388.87489814,2001828611.1251018,8.0,0.19542267594095702,54.60436921283048,80.0,66.96000000000001,27.500000000000004,58.62619009282069,29.016666666666666,39.416666666666664
2040,F_legal_collision,util_current_drag,fcap_high,4150191.10995694,4129839.9999999995,206294.53011199995,167098.56939071996,167098.56939071996,55290.0,440684.10995694017,1203194.6744670637,11329065.427925592,4025685.376658232,2.814195439517924,3160.813971651899,2182.433179001076,1480603.6089487437,1022305.795310607,126943.37889422319,89841.28156510276,47957.87507221092,0.2915051710280326,63652.08341708985,0.13426989082177843,46.23144843931047,144147097.19637454,359375.45460019587,4631515.876189313,518262387111.0012,79677023629.80368,125.03236474505788,4530150396.023635,1120373780.8012366,0.0,591557356.2630529,1896492643.736947,8.0,0.2377594325930158,55.60186890400618,80.0,66.96000000000001,27.500000000000004,59.373762082644404,29.056666666666665,39.416666666666664
2041,F_legal_collision,util_current_drag,fcap_high,4202210.880624993,4447519.999999999,206294.53011199995,167098.56939071996,167098.56939071996,55290.0,492703.8806249928,1313293.2438577837,11462763.759070236,4076144.554206243,2.812158304651295,3259.0471718105928,2195.375434388999,1534970.991375144,1033994.7319917362,130075.67281188513,89812.77185926404,47944.54998142996,0.29332693632871765,63468.26664659606,0.13438656910629618,47.06082040254722,112423619.60256873,363616.57217869966,4686174.042589349,537396797477.3976,82875476624.2115,126.87951688610329,5201289375.528155,1341182855.9121199,0.0,708144547.9215993,1779905452.0784006,8.0,0.2846182946169085,56.7059142795606,80.0,66.96000000000001,27.500000000000004,60.157841668619014,29.096666666666664,39.416666666666664
2042,F_legal_collision,util_current_drag,fcap_high,4254168.227568243,4765199.999999999,206294.53011199995,167098.56939071996,167098.56939071996,55290.0,544661.2275682427,1423391.8132485037,11596338.290486215,4126543.180741195,2.8101822233696634,3360.5221051360018,2208.5185166852607,1591468.8436638892,1045905.4575441142,133284.39227816294,89783.68988515869,47930.91954241018,0.2951785812559255,63281.46768493556,0.13450339803823982,47.886684968837024,80834299.94198385,367853.7626385851,4740781.597541119,557153716047.9198,86186515427.76237,128.73034528547257,5912241936.922926,1584952970.6295285,0.0,836855168.4923911,1651194831.507609,8.0,0.3363498195343305,57.92476485314764,80.0,66.96000000000001,27.500000000000004,60.96917355913192,29.136666666666663,39.416666666666664
2043,F_legal_collision,util_current_drag,fcap_high,4306063.225695161,5082879.999999999,206294.53011199995,167098.56939071996,167098.56939071996,55290.0,596556.2256951611,1533490.3826392237,11669153.029690647,4176881.328924306,2.8091324449184203,3465.347038958461,2221.862385416148,1650182.2457647943,1058040.6001842553,136592.00321737956,89767.58935037772,47923.3580608068,0.2970153127419544,63105.24072538395,0.1345671909916754,48.682468497095584,50395579.98609389,370163.55863805796,4770549.509359743,574613068192.3885,89035102186.96846,129.74152785677668,6649964506.791706,1984458713.9031634,0.0,1047794200.9408702,1440255799.0591297,8.0,0.42113068505089135,59.922293569515816,80.0,66.96000000000001,27.500000000000004,61.3704868937558,29.176666666666666,39.416666666666664
2044,F_legal_collision,util_current_drag,fcap_high,4357895.949824327,5400559.999999999,206294.53011199995,167098.56939071996,167098.56939071996,55290.0,648388.9498243267,1643588.9520299437,11735940.17981904,4227159.071329596,2.8082020582874017,3573.633967212747,2235.407094868349,1711199.7741761843,1070402.8870964763,139983.53504310356,89752.6705386875,47916.34235141704,0.29887562094163467,62927.78540026731,0.13462576825512845,49.46769241399385,20360765.164735157,372282.15020163736,4797853.23958471,592296377462.7073,91914349256.68263,130.67039317661335,7430380955.88051,2430633739.455881,0.0,1283374614.4327052,1204675385.5672948,8.0,0.5158154435934588,62.153168697279405,80.0,66.96000000000001,27.500000000000004,61.74605938224033,29.216666666666665,39.416666666666664
2045,F_legal_collision,util_current_drag,fcap_high,4409666.474684537,5718239.999999999,206294.53011199995,167098.56939071996,167098.56939071996,55290.0,700159.4746845374,1753687.5214206637,11802991.148963202,4277376.480444001,2.8072989135252,3685.4987391203636,2249.1527904280165,1774613.6472929341,1082995.1437436077,143458.94942274588,89737.54903390036,47909.22264564663,0.30076410349629884,62747.71554876416,0.13468463876925366,50.24372733914587,0.0,374409.11051190004,4825264.82353934,610516937805.0999,94885516294.30147,131.6042579376598,8257486475.922975,2921612927.795435,0.0,1542611625.8759897,945438374.1240103,8.0,0.6200082899764835,64.60806463897717,80.0,66.96000000000001,27.500000000000004,62.13720232218171,29.256666666666664,39.416666666666664
2026,F_legal_collision,util_severe_bottleneck,fcap_none,3705055.5916,63535.999999999985,41258.90602239999,33419.71387814399,0.0,0.0,-4451.408400000073,0.0,10141419.983388092,3593903.923852,2.8218394810394285,2022.8608386219394,1973.522769387258,870073.9380946757,848852.622531391,90065.85729695886,90065.85729695886,48061.022960284165,0.262943960601669,66383.58406431176,0.13324592085275141,56.48489111436993,0.0,321701.5066254187,4145986.0885246904,328768835806.7472,49099813359.501564,108.86876576386157,64134223.7748979,-389617923.75577384,0.0,0.0,0.0,-1.0,0.0,48.051910381221134,80.0,30.0,0.0,39.0578370284787,28.496666666666663,49.83333333333333
2027,F_legal_collision,util_severe_bottleneck,fcap_none,3700609.52489008,190607.99999999994,82517.81204479998,66839.42775628799,5012.957081721599,0.0,-8897.475109919906,5012.957081721599,10138591.969245598,3589591.2391433776,2.824441919371599,2094.164752895718,1993.2561598055613,907501.2291789218,863772.7344951071,92317.98357652809,90066.32544051521,48061.233218176545,0.265571775029994,66147.25152284847,0.13324351178011645,57.91136618998981,0.0,321611.7976485803,4144829.947933714,336894986281.1889,50309766601.31603,108.83081845506689,45573794.17364232,-412353095.26921433,0.0,0.0,0.0,-1.0,0.0,47.938234523653925,80.0,30.0,0.0,100.0,28.536666666666665,49.83333333333333
2028,F_legal_collision,util_severe_bottleneck,fcap_none,3696419.441314298,381215.9999999999,123776.71806719998,100259.14163443199,20051.828326886396,243.12841846349758,-13087.558685701806,24814.137554521916,10136416.734553294,3585526.858074869,2.8270369002327627,2167.9551227221696,2013.1618498602584,946520.8583115268,878938.7114513388,94626.31123567442,90066.68529272998,48061.39482012696,0.2682228408851312,65908.74309440688,0.13324165888640302,59.22509286144148,0.0,321542.79584420536,4143940.6747561567,345243983024.69653,51553681376.83703,108.80163217562568,26995666.600084856,-436397228.919774,0.0,0.0,10940778.83085739,-1.0,0.0,47.818013855401134,80.0,30.0,0.0,100.0,28.576666666666664,49.83333333333333
2029,F_legal_collision,util_severe_bottleneck,fcap_none,3693571.174393933,635359.9999999998,165035.62408959997,133678.85551257597,44550.0,1539.8133169354842,-15935.8256060672,67776.70114531007,10137532.584025782,3582764.0391621147,2.8295283957345405,2244.1199168298626,2033.0618856599865,987069.3138922848,894236.0813827672,96991.77025332661,90066.50072130271,48061.31193509443,0.27087476955957135,65669.75809338287,0.1332426093706657,59.95911737581665,0.0,321578.1923130484,4144396.853121455,353913665052.9297,52849794855.73974,108.81660392520955,16376526.686415642,-458982266.3357886,0.0,0.0,69291599.26209679,-1.0,0.0,47.70508866832105,80.0,30.0,0.0,84.78917569320677,28.616666666666664,49.83333333333333
2030,F_legal_collision,util_severe_bottleneck,fcap_none,3697538.88898466,953039.9999999998,206294.53011199995,167098.56939071996,61746.299999999996,8148.0,-11968.111015339848,121123.00114531006,10155242.510735437,3586612.72231512,2.831429902523832,2321.6937777461376,2052.038999977261,1028512.9639518681,909055.5930508315,99413.32319799,90063.56425290549,48059.99268299463,0.2734120973780219,65439.09625317836,0.1332576978697732,56.29267806548333,0.0,322139.9785435816,4151636.9743162473,363389138575.2125,54289359266.58757,109.05427945306111,55999760.891360946,-464669796.2582563,0.0,0.0,366660000.0,-1.0,0.0,47.67665101870872,80.0,30.0,0.0,77.99356851339509,28.656666666666663,49.83333333333333
2031,F_legal_collision,util_severe_bottleneck,fcap_none,3701501.8423178787,1270719.9999999998,206294.53011199995,167098.56939071996,85580.3718,8148.0,-8005.157682121266,198303.37294531005,10172811.415490998,3590456.787048342,2.833291700428431,2401.969173014366,2071.210490024033,1071710.0701492354,924132.2347079983,101895.34551294922,90060.63801907335,48058.6769566734,0.2759754586129472,65206.112138784956,0.1332726720161721,57.33884661260982,0.0,322697.29133990407,4158819.443322214,373112012349.39044,55766957314.53684,109.2901648101781,92495400.25307932,-475074049.6761727,0.0,0.0,366660000.0,-1.0,0.0,47.62462975161914,80.0,30.0,0.0,75.75320600712561,28.696666666666665,49.83333333333333
2032,F_legal_collision,util_severe_bottleneck,fcap_none,3705460.0401070975,1588399.9999999998,206294.53011199995,167098.56939071996,118614.39531479997,8148.0,-4046.9598929025233,308517.76826011005,10190396.00100987,3594296.2389038843,2.8351575172661705,2485.0410579828476,2090.5786498358893,1116735.5042795432,939470.7565337307,104439.31743178466,90057.69610448221,48057.353118812825,0.27856524076438244,64970.75230645154,0.1332876652861531,58.39118194493374,0.0,323255.1015542597,4166008.322892642,383094439439.09674,57284667880.129776,109.52636270648405,131178460.61534274,-485212886.52246106,0.0,0.0,366660000.0,-1.0,0.0,47.57393556738769,80.0,30.0,0.0,74.87103875612976,28.736666666666665,49.83333333333333
2033,F_legal_collision,util_severe_bottleneck,fcap_none,3709413.488058969,1906079.9999999998,206294.53011199995,167098.56939071996,163073.8740764089,8148.0,-93.51194103108719,463191.6423365189,10207996.602899637,3598131.0834171996,2.837027436255865,2571.007764446816,2110.145806203558,1163667.370647952,955076.0040263939,107046.78465954195,90054.73846153372,48056.021148713255,0.2811817579733321,64732.988787091024,0.1333026779605715,59.445879835912855,0.0,323813.41983263957,4173203.7502296586,393343346497.91187,58843579670.77621,109.7628777935376,172179050.99881965,-495025962.9103265,0.0,0.0,366660000.0,-1.0,0.0,47.524870185448364,80.0,30.0,0.0,74.53795135931242,28.776666666666664,49.83333333333333
2034,F_legal_collision,util_severe_bottleneck,fcap_none,3713362.191873298,2223759.9999999995,206294.53011199995,167098.56939071996,177900.6576612814,8148.0,3855.1918732980266,632692.2999978005,10225613.561344754,3601961.326117099,2.838901541557618,2659.9711224714806,2129.914319249092,1212587.1475013304,970952.9201207279,109719.33145164467,90051.7650408424,48054.68102478813,0.2838253289027372,64492.79320985329,0.13331771032463707,60.499159085269724,0.0,324372.25696622,4180405.864406491,403865845424.7558,60444811023.840385,109.99971479215606,215634453.28348,-504448105.27312315,0.0,0.0,366660000.0,-1.0,0.0,47.477759473634386,80.0,30.0,0.0,74.44408339429089,28.816666666666663,49.83333333333333
2035,F_legal_collision,util_severe_bottleneck,fcap_none,3717306.15724305,2541439.9999999995,206294.53011199995,167098.56939071996,182286.13354946434,8148.0,7799.157243050169,806578.4335472647,10243247.221187387,3605786.9725257587,2.8407799182912523,2752.0365866917605,2149.8865830143295,1263579.8347480933,987106.5473580691,112458.58157476297,90048.77579121082,48053.33272455211,0.2864962768176802,64250.13679503887,0.13333276266798777,61.547314254345245,0.0,324931.62389392714,4187614.8064005207,414669238345.05,62089510718.4639,110.23687849362818,261689501.71595675,-513409006.8598997,0.0,0.0,366660000.0,-1.0,0.0,47.4329549657005,80.0,30.0,0.0,74.44616104317126,28.856666666666666,49.83333333333333
2036,F_legal_collision,util_severe_bottleneck,fcap_none,3721245.3898543585,2859119.9999999995,206294.53011199995,167098.56939071996,178089.2658099799,8148.0,11738.38985435851,976267.6993572445,10260897.932009945,3609608.0281587276,2.84266265255512,2847.313367257013,2170.065026061929,1316734.1082511798,1003542.0301108025,115266.19929160968,90045.77065960465,48051.97622460885,0.2891949296673106,64004.9903468615,0.13334783528476488,62.586765254639985,0.0,325491.53170505486,4194830.719127019,425761022727.18286,63778858809.906555,110.47437376095307,310496982.0575236,-521832907.0287606,0.0,0.0,366660000.0,-1.0,0.0,47.390835464856195,80.0,30.0,0.0,74.49093267718857,28.896666666666665,49.83333333333333
2037,F_legal_collision,util_severe_bottleneck,fcap_none,3725179.8953865333,3176799.9999999995,206294.53011199995,167098.56939071996,172499.482048166,8148.0,15672.895386533346,1140367.1814054106,10278566.0482194,3613424.4985249373,2.844549831445292,2945.9145655955945,2190.452112089298,1372142.4809924015,1020264.6168625706,118143.89037025782,90042.74959112679,48050.611500638435,0.2919216201685367,63757.324246055214,0.1333629284736894,63.614102661732325,0.0,326051.9916419399,4202053.747473624,437148896638.0246,65514067487.043335,110.7122055301059,362218051.3798242,-529638252.4098118,0.0,0.0,366660000.0,-1.0,0.0,47.35180873795094,80.0,30.0,0.0,74.55779211009796,28.936666666666664,49.83333333333333
2038,F_legal_collision,util_severe_bottleneck,fcap_none,3729109.6795120696,3494479.9999999995,206294.53011199995,167098.56939071996,169157.9318047312,8148.0,19602.67951206956,1301125.1132101417,10296251.929133393,3617236.3891267073,2.8464415430751457,3047.9573151808713,2211.050340555742,1429901.4714202287,1037279.662545812,121093.40311858941,90039.71252899109,48049.238527384594,0.29467668589152707,63507.10844232219,0.13337804253814067,64.62612780309652,0.0,326613.0151026929,4209284.038335538,448840764141.3334,67296381953.672844,110.95037881133116,417022679.56708467,-536737338.9603142,0.0,0.0,366660000.0,-1.0,0.0,47.31631330519843,80.0,30.0,0.0,74.63848294142542,28.976666666666663,49.83333333333333
2039,F_legal_collision,util_severe_bottleneck,fcap_none,3733034.747896655,3812159.9999999995,206294.53011199995,167098.56939071996,167098.56939071996,8148.0,23527.747896654997,1459823.6826008619,10313955.939068215,3621043.7054597554,2.848337876595355,3153.5629274873054,2231.862247323163,1490111.7793076022,1054592.6309382548,124116.5294445004,90036.65941449523,48047.85727864149,0.2974604693470691,63254.31244661727,0.1333931777862365,65.61988687403712,0.0,327174.61364398914,4216521.740651496,460844740843.00726,69127081334.31343,111.18889869046447,475090113.63794845,-543035933.8831062,0.0,0.0,366660000.0,-1.0,0.0,47.284820330584466,80.0,30.0,0.0,74.72861451524322,29.016666666666666,49.83333333333333
2040,F_legal_collision,util_severe_bottleneck,fcap_none,3736955.106199179,4129839.9999999995,206294.53011199995,167098.56939071996,167098.56939071996,8148.0,27448.106199178845,1618522.2519915819,10331678.44742867,3624846.4530132036,2.8502389222142965,3262.857043332612,2252.8904053106603,1552878.4694615486,1072209.0971200408,127215.10594250148,90033.5901869929,48046.46772724023,0.3002733180758309,62998.90532326497,0.13340833453091488,66.59269856083141,0.0,327736.7989839197,4223767.005440506,473169159587.25085,71007479605.18127,111.42777033028284,536609366.0571964,-548432876.3248975,0.0,0.0,366660000.0,-1.0,0.0,47.25783561837551,80.0,30.0,0.0,74.82602262905965,29.056666666666665,49.83333333333333
2041,F_legal_collision,util_severe_bottleneck,fcap_none,3740870.76007174,4447519.999999999,206294.53011199995,167098.56939071996,167098.56939071996,8148.0,31363.76007174002,1777220.8213823019,10349419.828799898,3628644.6372695877,2.852144771218884,3375.969789809571,2274.1374251633765,1618311.1636423122,1090134.7499932067,130391.0150073717,90030.5047838655,48045.06984503505,0.30311558473957523,62740.855681904985,0.133423513090018,67.54217488314762,0.0,328299.58300490386,4231019.985839386,485822576307.83844,72938926551.06676,111.66699897188519,601779728.2677467,-552819655.7138995,0.0,0.0,366660000.0,-1.0,0.0,47.2359017214305,80.0,30.0,0.0,74.92878225775983,29.096666666666664,49.83333333333333
2042,F_legal_collision,util_severe_bottleneck,fcap_none,3744781.715159654,4765199.999999999,206294.53011199995,167098.56939071996,167098.56939071996,8148.0,35274.71515965415,1935919.3907730216,10367180.463041196,3632438.2637048643,2.8540555159958334,3493.0359430190206,2295.6059559359637,1686524.24106641,1108375.3948653112,133646.1859755361,90027.40314049293,48043.66360288901,0.3059876272143768,62480.13166926136,0.1334387137863776,68.46623519766945,0.0,328862.9777566653,4238280.837141119,498813776038.7753,74922808748.8449,111.9065899361031,670811310.7365519,-556079966.5359629,0.0,0.0,366660000.0,-1.0,0.0,47.21960016732019,80.0,30.0,0.0,75.0356045982964,29.136666666666663,49.83333333333333
2043,F_legal_collision,util_severe_bottleneck,fcap_none,3748687.9771014624,5082879.999999999,206294.53011199995,167098.56939071996,167098.56939071996,8148.0,39180.97710146243,2094617.9601637416,10384960.735381883,3636227.3377884184,2.8559712500533854,3614.1950968238157,2317.2986857910387,1757637.0478855076,1126936.956099046,136982.59629485733,90024.28519022366,48042.24897065959,0.3088898086858931,62216.70096073119,0.1334539369479025,69.36311352104386,0.0,329426.9954592728,4245549.716834042,512151779088.78516,76960550578.37881,112.14654862494277,743925610.8745856,-558089238.2849301,0.0,0.0,366660000.0,-1.0,0.0,47.20955380857535,80.0,30.0,0.0,75.14559462751126,29.176666666666666,49.83333333333333
2044,F_legal_collision,util_severe_bottleneck,fcap_none,3752589.5515289404,5400559.999999999,206294.53011199995,167098.56939071996,167098.56939071996,8148.0,43082.55152894044,2253316.5295544616,10402761.03651927,3640011.864983072,2.8578920680434785,3739.5918378520923,2339.218342713014,1831774.1160513447,1145825.4798297319,140402.27272354663,90021.15086434415,48040.82591718359,0.31182249774674303,61950.530751787985,0.13346918290766835,70.23135952364088,0.0,329991.6485062489,4252826.7846419085,525845847384.1742,79053615261.59645,112.38688052305923,821356110.2610424,-558714139.2561911,0.0,0.0,366660000.0,-1.0,0.0,47.20642930371904,80.0,30.0,0.0,75.25811167883103,29.216666666666665,49.83333333333333
2045,F_legal_collision,util_severe_bottleneck,fcap_none,3756486.4440671057,5718239.999999999,206294.53011199995,167098.56939071996,167098.56939071996,8148.0,46979.44406710565,2412015.098945182,10420581.762718797,3643791.8507450926,2.8598180657844017,3869.3759269871407,2361.367695237705,1909065.3919961688,1165047.1367526655,143907.2925589183,90018.00009204748,48039.39441026199,0.3147860684960474,61681.58774919502,0.13348445200400866,71.06983370896583,0.0,330556.9494677451,4260112.2025648095,539905490984.7534,81203505930.54431,112.62759119926349,903348902.6755023,-557812052.7821306,0.0,0.0,366660000.0,-1.0,0.0,47.210939736089344,80.0,30.0,0.0,75.37268534486569,29.256666666666664,49.83333333333333
2026,F_legal_collision,util_severe_bottleneck,fcap_partial,3705055.5916,63535.999999999985,41258.90602239999,33419.71387814399,0.0,0.0,-4451.408400000073,0.0,10141419.983388092,3593903.923852,2.8218394810394285,2022.8608386219394,1973.522769387258,870073.9380946757,848852.622531391,90065.85729695886,90065.85729695886,48061.022960284165,0.262943960601669,66383.58406431176,0.13324592085275141,56.48489111436993,0.0,321701.5066254187,4145986.0885246904,328768835806.7472,49099813359.501564,108.86876576386157,64134223.7748979,-389617923.75577384,0.0,0.0,0.0,-1.0,0.0,48.051910381221134,80.0,48.480000000000004,0.0,34.437837028478704,28.496666666666663,49.83333333333333
2027,F_legal_collision,util_severe_bottleneck,fcap_partial,3700609.52489008,190607.99999999994,82517.81204479998,66839.42775628799,5012.957081721599,0.0,-8897.475109919906,5012.957081721599,10138591.969245598,3589591.2391433776,2.824441919371599,2094.164752895718,1993.2561598055613,907501.2291789218,863772.7344951071,92317.98357652809,90066.32544051521,48061.233218176545,0.265571775029994,66147.25152284847,0.13324351178011645,57.91136618998981,0.0,321611.7976485803,4144829.947933714,336894986281.1889,50309766601.31603,108.83081845506689,45573794.17364232,-412353095.26921433,0.0,0.0,0.0,-1.0,0.0,47.938234523653925,80.0,48.480000000000004,0.0,100.0,28.536666666666665,49.83333333333333
2028,F_legal_collision,util_severe_bottleneck,fcap_partial,3696419.441314298,381215.9999999999,123776.71806719998,100259.14163443199,20051.828326886396,243.12841846349758,-13087.558685701806,24814.137554521916,10136416.734553294,3585526.858074869,2.8270369002327627,2167.9551227221696,2013.1618498602584,946520.8583115268,878938.7114513388,94626.31123567442,90066.68529272998,48061.39482012696,0.2682228408851312,65908.74309440688,0.13324165888640302,59.22509286144148,0.0,321542.79584420536,4143940.6747561567,345243983024.69653,51553681376.83703,108.80163217562568,26995666.600084856,-436397228.919774,0.0,0.0,10940778.83085739,-1.0,0.0,47.818013855401134,80.0,48.480000000000004,0.0,100.0,28.576666666666664,49.83333333333333
2029,F_legal_collision,util_severe_bottleneck,fcap_partial,3693571.174393933,635359.9999999998,165035.62408959997,133678.85551257597,44550.0,1539.8133169354842,-15935.8256060672,67776.70114531007,10137532.584025782,3582764.0391621147,2.8295283957345405,2244.1199168298626,2033.0618856599865,987069.3138922848,894236.0813827672,96991.77025332661,90066.50072130271,48061.31193509443,0.27087476955957135,65669.75809338287,0.1332426093706657,59.95911737581665,0.0,321578.1923130484,4144396.853121455,353913665052.9297,52849794855.73974,108.81660392520955,16376526.686415642,-458982266.3357886,0.0,0.0,69291599.26209679,-1.0,0.0,47.70508866832105,80.0,48.480000000000004,0.0,80.16917569320678,28.616666666666664,49.83333333333333
2030,F_legal_collision,util_severe_bottleneck,fcap_partial,3697538.88898466,953039.9999999998,206294.53011199995,167098.56939071996,61746.299999999996,8148.0,-11968.111015339848,121123.00114531006,10155242.510735437,3586612.72231512,2.831429902523832,2321.6937777461376,2052.038999977261,1028512.9639518681,909055.5930508315,99413.32319799,90063.56425290549,48059.99268299463,0.2734120973780219,65439.09625317836,0.1332576978697732,56.29267806548333,0.0,322139.9785435816,4151636.9743162473,363389138575.2125,54289359266.58757,109.05427945306111,55999760.891360946,-464669796.2582563,0.0,0.0,366660000.0,-1.0,0.0,47.67665101870872,80.0,48.480000000000004,0.0,73.3735685133951,28.656666666666663,49.83333333333333
2031,F_legal_collision,util_severe_bottleneck,fcap_partial,3701501.8423178787,1270719.9999999998,206294.53011199995,167098.56939071996,85580.3718,8148.0,-8005.157682121266,198303.37294531005,10172811.415490998,3590456.787048342,2.833291700428431,2401.969173014366,2071.210490024033,1071710.0701492354,924132.2347079983,101895.34551294922,90060.63801907335,48058.6769566734,0.2759754586129472,65206.112138784956,0.1332726720161721,57.33884661260982,0.0,322697.29133990407,4158819.443322214,373112012349.39044,55766957314.53684,109.2901648101781,92495400.25307932,-475074049.6761727,0.0,0.0,366660000.0,-1.0,0.0,47.62462975161914,80.0,48.480000000000004,0.0,71.13320600712561,28.696666666666665,49.83333333333333
2032,F_legal_collision,util_severe_bottleneck,fcap_partial,3705460.0401070975,1588399.9999999998,206294.53011199995,167098.56939071996,118614.39531479997,8148.0,-4046.9598929025233,308517.76826011005,10190396.00100987,3594296.2389038843,2.8351575172661705,2485.0410579828476,2090.5786498358893,1116735.5042795432,939470.7565337307,104439.31743178466,90057.69610448221,48057.353118812825,0.27856524076438244,64970.75230645154,0.1332876652861531,58.39118194493374,0.0,323255.1015542597,4166008.322892642,383094439439.09674,57284667880.129776,109.52636270648405,131178460.61534274,-485212886.52246106,0.0,0.0,366660000.0,-1.0,0.0,47.57393556738769,80.0,48.480000000000004,0.0,70.25103875612976,28.736666666666665,49.83333333333333
2033,F_legal_collision,util_severe_bottleneck,fcap_partial,3709413.488058969,1906079.9999999998,206294.53011199995,167098.56939071996,163073.8740764089,8148.0,-93.51194103108719,463191.6423365189,10207996.602899637,3598131.0834171996,2.837027436255865,2571.007764446816,2110.145806203558,1163667.370647952,955076.0040263939,107046.78465954195,90054.73846153372,48056.021148713255,0.2811817579733321,64732.988787091024,0.1333026779605715,59.445879835912855,0.0,323813.41983263957,4173203.7502296586,393343346497.91187,58843579670.77621,109.7628777935376,172179050.99881965,-495025962.9103265,0.0,0.0,366660000.0,-1.0,0.0,47.524870185448364,80.0,48.480000000000004,0.0,69.91795135931241,28.776666666666664,49.83333333333333
2034,F_legal_collision,util_severe_bottleneck,fcap_partial,3713362.191873298,2223759.9999999995,206294.53011199995,167098.56939071996,177900.6576612814,8148.0,3855.1918732980266,632692.2999978005,10225613.561344754,3601961.326117099,2.838901541557618,2659.9711224714806,2129.914319249092,1212587.1475013304,970952.9201207279,109719.33145164467,90051.7650408424,48054.68102478813,0.2838253289027372,64492.79320985329,0.13331771032463707,60.499159085269724,0.0,324372.25696622,4180405.864406491,403865845424.7558,60444811023.840385,109.99971479215606,215634453.28348,-504448105.27312315,0.0,0.0,366660000.0,-1.0,0.0,47.477759473634386,80.0,48.480000000000004,0.0,69.8240833942909,28.816666666666663,49.83333333333333
2035,F_legal_collision,util_severe_bottleneck,fcap_partial,3717306.15724305,2541439.9999999995,206294.53011199995,167098.56939071996,182286.13354946434,8148.0,7799.157243050169,806578.4335472647,10243247.221187387,3605786.9725257587,2.8407799182912523,2752.0365866917605,2149.8865830143295,1263579.8347480933,987106.5473580691,112458.58157476297,90048.77579121082,48053.33272455211,0.2864962768176802,64250.13679503887,0.13333276266798777,61.547314254345245,0.0,324931.62389392714,4187614.8064005207,414669238345.05,62089510718.4639,110.23687849362818,261689501.71595675,-513409006.8598997,0.0,0.0,366660000.0,-1.0,0.0,47.4329549657005,80.0,48.480000000000004,0.0,69.82616104317125,28.856666666666666,49.83333333333333
2036,F_legal_collision,util_severe_bottleneck,fcap_partial,3721245.3898543585,2859119.9999999995,206294.53011199995,167098.56939071996,178089.2658099799,8148.0,11738.38985435851,976267.6993572445,10260897.932009945,3609608.0281587276,2.84266265255512,2847.313367257013,2170.065026061929,1316734.1082511798,1003542.0301108025,115266.19929160968,90045.77065960465,48051.97622460885,0.2891949296673106,64004.9903468615,0.13334783528476488,62.586765254639985,0.0,325491.53170505486,4194830.719127019,425761022727.18286,63778858809.906555,110.47437376095307,310496982.0575236,-521832907.0287606,0.0,0.0,366660000.0,-1.0,0.0,47.390835464856195,80.0,48.480000000000004,0.0,69.87093267718856,28.896666666666665,49.83333333333333
2037,F_legal_collision,util_severe_bottleneck,fcap_partial,3725179.8953865333,3176799.9999999995,206294.53011199995,167098.56939071996,172499.482048166,8148.0,15672.895386533346,1140367.1814054106,10278566.0482194,3613424.4985249373,2.844549831445292,2945.9145655955945,2190.452112089298,1372142.4809924015,1020264.6168625706,118143.89037025782,90042.74959112679,48050.611500638435,0.2919216201685367,63757.324246055214,0.1333629284736894,63.614102661732325,0.0,326051.9916419399,4202053.747473624,437148896638.0246,65514067487.043335,110.7122055301059,362218051.3798242,-529638252.4098118,0.0,0.0,366660000.0,-1.0,0.0,47.35180873795094,80.0,48.480000000000004,0.0,69.93779211009797,28.936666666666664,49.83333333333333
2038,F_legal_collision,util_severe_bottleneck,fcap_partial,3729109.6795120696,3494479.9999999995,206294.53011199995,167098.56939071996,169157.9318047312,8148.0,19602.67951206956,1301125.1132101417,10296251.929133393,3617236.3891267073,2.8464415430751457,3047.9573151808713,2211.050340555742,1429901.4714202287,1037279.662545812,121093.40311858941,90039.71252899109,48049.238527384594,0.29467668589152707,63507.10844232219,0.13337804253814067,64.62612780309652,0.0,326613.0151026929,4209284.038335538,448840764141.3334,67296381953.672844,110.95037881133116,417022679.56708467,-536737338.9603142,0.0,0.0,366660000.0,-1.0,0.0,47.31631330519843,80.0,48.480000000000004,0.0,70.01848294142543,28.976666666666663,49.83333333333333
2039,F_legal_collision,util_severe_bottleneck,fcap_partial,3733034.747896655,3812159.9999999995,206294.53011199995,167098.56939071996,167098.56939071996,8148.0,23527.747896654997,1459823.6826008619,10313955.939068215,3621043.7054597554,2.848337876595355,3153.5629274873054,2231.862247323163,1490111.7793076022,1054592.6309382548,124116.5294445004,90036.65941449523,48047.85727864149,0.2974604693470691,63254.31244661727,0.1333931777862365,65.61988687403712,0.0,327174.61364398914,4216521.740651496,460844740843.00726,69127081334.31343,111.18889869046447,475090113.63794845,-543035933.8831062,0.0,0.0,366660000.0,-1.0,0.0,47.284820330584466,80.0,48.480000000000004,0.0,70.10861451524323,29.016666666666666,49.83333333333333
2040,F_legal_collision,util_severe_bottleneck,fcap_partial,3736955.106199179,4129839.9999999995,206294.53011199995,167098.56939071996,167098.56939071996,8148.0,27448.106199178845,1618522.2519915819,10331678.44742867,3624846.4530132036,2.8502389222142965,3262.857043332612,2252.8904053106603,1552878.4694615486,1072209.0971200408,127215.10594250148,90033.5901869929,48046.46772724023,0.3002733180758309,62998.90532326497,0.13340833453091488,66.59269856083141,0.0,327736.7989839197,4223767.005440506,473169159587.25085,71007479605.18127,111.42777033028284,536609366.0571964,-548432876.3248975,0.0,0.0,366660000.0,-1.0,0.0,47.25783561837551,80.0,48.480000000000004,0.0,70.20602262905965,29.056666666666665,49.83333333333333
2041,F_legal_collision,util_severe_bottleneck,fcap_partial,3740870.76007174,4447519.999999999,206294.53011199995,167098.56939071996,167098.56939071996,8148.0,31363.76007174002,1777220.8213823019,10349419.828799898,3628644.6372695877,2.852144771218884,3375.969789809571,2274.1374251633765,1618311.1636423122,1090134.7499932067,130391.0150073717,90030.5047838655,48045.06984503505,0.30311558473957523,62740.855681904985,0.133423513090018,67.54217488314762,0.0,328299.58300490386,4231019.985839386,485822576307.83844,72938926551.06676,111.66699897188519,601779728.2677467,-552819655.7138995,0.0,0.0,366660000.0,-1.0,0.0,47.2359017214305,80.0,48.480000000000004,0.0,70.30878225775984,29.096666666666664,49.83333333333333
2042,F_legal_collision,util_severe_bottleneck,fcap_partial,3744781.715159654,4765199.999999999,206294.53011199995,167098.56939071996,167098.56939071996,8148.0,35274.71515965415,1935919.3907730216,10367180.463041196,3632438.2637048643,2.8540555159958334,3493.0359430190206,2295.6059559359637,1686524.24106641,1108375.3948653112,133646.1859755361,90027.40314049293,48043.66360288901,0.3059876272143768,62480.13166926136,0.1334387137863776,68.46623519766945,0.0,328862.9777566653,4238280.837141119,498813776038.7753,74922808748.8449,111.9065899361031,670811310.7365519,-556079966.5359629,0.0,0.0,366660000.0,-1.0,0.0,47.21960016732019,80.0,48.480000000000004,0.0,70.41560459829641,29.136666666666663,49.83333333333333
2043,F_legal_collision,util_severe_bottleneck,fcap_partial,3748687.9771014624,5082879.999999999,206294.53011199995,167098.56939071996,167098.56939071996,8148.0,39180.97710146243,2094617.9601637416,10384960.735381883,3636227.3377884184,2.8559712500533854,3614.1950968238157,2317.2986857910387,1757637.0478855076,1126936.956099046,136982.59629485733,90024.28519022366,48042.24897065959,0.3088898086858931,62216.70096073119,0.1334539369479025,69.36311352104386,0.0,329426.9954592728,4245549.716834042,512151779088.78516,76960550578.37881,112.14654862494277,743925610.8745856,-558089238.2849301,0.0,0.0,366660000.0,-1.0,0.0,47.20955380857535,80.0,48.480000000000004,0.0,70.52559462751127,29.176666666666666,49.83333333333333
2044,F_legal_collision,util_severe_bottleneck,fcap_partial,3752589.5515289404,5400559.999999999,206294.53011199995,167098.56939071996,167098.56939071996,8148.0,43082.55152894044,2253316.5295544616,10402761.03651927,3640011.864983072,2.8578920680434785,3739.5918378520923,2339.218342713014,1831774.1160513447,1145825.4798297319,140402.27272354663,90021.15086434415,48040.82591718359,0.31182249774674303,61950.530751787985,0.13346918290766835,70.23135952364088,0.0,329991.6485062489,4252826.7846419085,525845847384.1742,79053615261.59645,112.38688052305923,821356110.2610424,-558714139.2561911,0.0,0.0,366660000.0,-1.0,0.0,47.20642930371904,80.0,48.480000000000004,0.0,70.63811167883102,29.216666666666665,49.83333333333333
2045,F_legal_collision,util_severe_bottleneck,fcap_partial,3756486.4440671057,5718239.999999999,206294.53011199995,167098.56939071996,167098.56939071996,8148.0,46979.44406710565,2412015.098945182,10420581.762718797,3643791.8507450926,2.8598180657844017,3869.3759269871407,2361.367695237705,1909065.3919961688,1165047.1367526655,143907.2925589183,90018.00009204748,48039.39441026199,0.3147860684960474,61681.58774919502,0.13348445200400866,71.06983370896583,0.0,330556.9494677451,4260112.2025648095,539905490984.7534,81203505930.54431,112.62759119926349,903348902.6755023,-557812052.7821306,0.0,0.0,366660000.0,-1.0,0.0,47.210939736089344,80.0,48.480000000000004,0.0,70.7526853448657,29.256666666666664,49.83333333333333
2026,F_legal_collision,util_severe_bottleneck,fcap_high,3705055.5916,63535.999999999985,41258.90602239999,33419.71387814399,0.0,0.0,-4451.408400000073,0.0,10141419.983388092,3593903.923852,2.8218394810394285,2022.8608386219394,1973.522769387258,870073.9380946757,848852.622531391,90065.85729695886,90065.85729695886,48061.022960284165,0.262943960601669,66383.58406431176,0.13324592085275141,56.48489111436993,0.0,321701.5066254187,4145986.0885246904,328768835806.7472,49099813359.501564,108.86876576386157,64134223.7748979,-389617923.75577384,0.0,0.0,0.0,-1.0,0.0,48.051910381221134,80.0,66.96000000000001,0.0,29.8178370284787,28.496666666666663,49.83333333333333
2027,F_legal_collision,util_severe_bottleneck,fcap_high,3700609.52489008,190607.99999999994,82517.81204479998,66839.42775628799,5012.957081721599,0.0,-8897.475109919906,5012.957081721599,10138591.969245598,3589591.2391433776,2.824441919371599,2094.164752895718,1993.2561598055613,907501.2291789218,863772.7344951071,92317.98357652809,90066.32544051521,48061.233218176545,0.265571775029994,66147.25152284847,0.13324351178011645,57.91136618998981,0.0,321611.7976485803,4144829.947933714,336894986281.1889,50309766601.31603,108.83081845506689,45573794.17364232,-412353095.26921433,0.0,0.0,0.0,-1.0,0.0,47.938234523653925,80.0,66.96000000000001,0.0,100.0,28.536666666666665,49.83333333333333
2028,F_legal_collision,util_severe_bottleneck,fcap_high,3696419.441314298,381215.9999999999,123776.71806719998,100259.14163443199,20051.828326886396,243.12841846349758,-13087.558685701806,24814.137554521916,10136416.734553294,3585526.858074869,2.8270369002327627,2167.9551227221696,2013.1618498602584,946520.8583115268,878938.7114513388,94626.31123567442,90066.68529272998,48061.39482012696,0.2682228408851312,65908.74309440688,0.13324165888640302,59.22509286144148,0.0,321542.79584420536,4143940.6747561567,345243983024.69653,51553681376.83703,108.80163217562568,26995666.600084856,-436397228.919774,0.0,0.0,10940778.83085739,-1.0,0.0,47.818013855401134,80.0,66.96000000000001,0.0,100.0,28.576666666666664,49.83333333333333
2029,F_legal_collision,util_severe_bottleneck,fcap_high,3693571.174393933,635359.9999999998,165035.62408959997,133678.85551257597,44550.0,1539.8133169354842,-15935.8256060672,67776.70114531007,10137532.584025782,3582764.0391621147,2.8295283957345405,2244.1199168298626,2033.0618856599865,987069.3138922848,894236.0813827672,96991.77025332661,90066.50072130271,48061.31193509443,0.27087476955957135,65669.75809338287,0.1332426093706657,59.95911737581665,0.0,321578.1923130484,4144396.853121455,353913665052.9297,52849794855.73974,108.81660392520955,16376526.686415642,-458982266.3357886,0.0,0.0,69291599.26209679,-1.0,0.0,47.70508866832105,80.0,66.96000000000001,0.0,75.54917569320678,28.616666666666664,49.83333333333333
2030,F_legal_collision,util_severe_bottleneck,fcap_high,3697538.88898466,953039.9999999998,206294.53011199995,167098.56939071996,61746.299999999996,8148.0,-11968.111015339848,121123.00114531006,10155242.510735437,3586612.72231512,2.831429902523832,2321.6937777461376,2052.038999977261,1028512.9639518681,909055.5930508315,99413.32319799,90063.56425290549,48059.99268299463,0.2734120973780219,65439.09625317836,0.1332576978697732,56.29267806548333,0.0,322139.9785435816,4151636.9743162473,363389138575.2125,54289359266.58757,109.05427945306111,55999760.891360946,-464669796.2582563,0.0,0.0,366660000.0,-1.0,0.0,47.67665101870872,80.0,66.96000000000001,0.0,68.7535685133951,28.656666666666663,49.83333333333333
2031,F_legal_collision,util_severe_bottleneck,fcap_high,3701501.8423178787,1270719.9999999998,206294.53011199995,167098.56939071996,85580.3718,8148.0,-8005.157682121266,198303.37294531005,10172811.415490998,3590456.787048342,2.833291700428431,2401.969173014366,2071.210490024033,1071710.0701492354,924132.2347079983,101895.34551294922,90060.63801907335,48058.6769566734,0.2759754586129472,65206.112138784956,0.1332726720161721,57.33884661260982,0.0,322697.29133990407,4158819.443322214,373112012349.39044,55766957314.53684,109.2901648101781,92495400.25307932,-475074049.6761727,0.0,0.0,366660000.0,-1.0,0.0,47.62462975161914,80.0,66.96000000000001,0.0,66.5132060071256,28.696666666666665,49.83333333333333
2032,F_legal_collision,util_severe_bottleneck,fcap_high,3705460.0401070975,1588399.9999999998,206294.53011199995,167098.56939071996,118614.39531479997,8148.0,-4046.9598929025233,308517.76826011005,10190396.00100987,3594296.2389038843,2.8351575172661705,2485.0410579828476,2090.5786498358893,1116735.5042795432,939470.7565337307,104439.31743178466,90057.69610448221,48057.353118812825,0.27856524076438244,64970.75230645154,0.1332876652861531,58.39118194493374,0.0,323255.1015542597,4166008.322892642,383094439439.09674,57284667880.129776,109.52636270648405,131178460.61534274,-485212886.52246106,0.0,0.0,366660000.0,-1.0,0.0,47.57393556738769,80.0,66.96000000000001,0.0,65.63103875612975,28.736666666666665,49.83333333333333
2033,F_legal_collision,util_severe_bottleneck,fcap_high,3709413.488058969,1906079.9999999998,206294.53011199995,167098.56939071996,163073.8740764089,8148.0,-93.51194103108719,463191.6423365189,10207996.602899637,3598131.0834171996,2.837027436255865,2571.007764446816,2110.145806203558,1163667.370647952,955076.0040263939,107046.78465954195,90054.73846153372,48056.021148713255,0.2811817579733321,64732.988787091024,0.1333026779605715,59.445879835912855,0.0,323813.41983263957,4173203.7502296586,393343346497.91187,58843579670.77621,109.7628777935376,172179050.99881965,-495025962.9103265,0.0,0.0,366660000.0,-1.0,0.0,47.524870185448364,80.0,66.96000000000001,0.0,65.2979513593124,28.776666666666664,49.83333333333333
2034,F_legal_collision,util_severe_bottleneck,fcap_high,3713362.191873298,2223759.9999999995,206294.53011199995,167098.56939071996,177900.6576612814,8148.0,3855.1918732980266,632692.2999978005,10225613.561344754,3601961.326117099,2.838901541557618,2659.9711224714806,2129.914319249092,1212587.1475013304,970952.9201207279,109719.33145164467,90051.7650408424,48054.68102478813,0.2838253289027372,64492.79320985329,0.13331771032463707,60.499159085269724,0.0,324372.25696622,4180405.864406491,403865845424.7558,60444811023.840385,109.99971479215606,215634453.28348,-504448105.27312315,0.0,0.0,366660000.0,-1.0,0.0,47.477759473634386,80.0,66.96000000000001,0.0,65.20408339429089,28.816666666666663,49.83333333333333
2035,F_legal_collision,util_severe_bottleneck,fcap_high,3717306.15724305,2541439.9999999995,206294.53011199995,167098.56939071996,182286.13354946434,8148.0,7799.157243050169,806578.4335472647,10243247.221187387,3605786.9725257587,2.8407799182912523,2752.0365866917605,2149.8865830143295,1263579.8347480933,987106.5473580691,112458.58157476297,90048.77579121082,48053.33272455211,0.2864962768176802,64250.13679503887,0.13333276266798777,61.547314254345245,0.0,324931.62389392714,4187614.8064005207,414669238345.05,62089510718.4639,110.23687849362818,261689501.71595675,-513409006.8598997,0.0,0.0,366660000.0,-1.0,0.0,47.4329549657005,80.0,66.96000000000001,0.0,65.20616104317125,28.856666666666666,49.83333333333333
2036,F_legal_collision,util_severe_bottleneck,fcap_high,3721245.3898543585,2859119.9999999995,206294.53011199995,167098.56939071996,178089.2658099799,8148.0,11738.38985435851,976267.6993572445,10260897.932009945,3609608.0281587276,2.84266265255512,2847.313367257013,2170.065026061929,1316734.1082511798,1003542.0301108025,115266.19929160968,90045.77065960465,48051.97622460885,0.2891949296673106,64004.9903468615,0.13334783528476488,62.586765254639985,0.0,325491.53170505486,4194830.719127019,425761022727.18286,63778858809.906555,110.47437376095307,310496982.0575236,-521832907.0287606,0.0,0.0,366660000.0,-1.0,0.0,47.390835464856195,80.0,66.96000000000001,0.0,65.25093267718856,28.896666666666665,49.83333333333333
2037,F_legal_collision,util_severe_bottleneck,fcap_high,3725179.8953865333,3176799.9999999995,206294.53011199995,167098.56939071996,172499.482048166,8148.0,15672.895386533346,1140367.1814054106,10278566.0482194,3613424.4985249373,2.844549831445292,2945.9145655955945,2190.452112089298,1372142.4809924015,1020264.6168625706,118143.89037025782,90042.74959112679,48050.611500638435,0.2919216201685367,63757.324246055214,0.1333629284736894,63.614102661732325,0.0,326051.9916419399,4202053.747473624,437148896638.0246,65514067487.043335,110.7122055301059,362218051.3798242,-529638252.4098118,0.0,0.0,366660000.0,-1.0,0.0,47.35180873795094,80.0,66.96000000000001,0.0,65.31779211009797,28.936666666666664,49.83333333333333
2038,F_legal_collision,util_severe_bottleneck,fcap_high,3729109.6795120696,3494479.9999999995,206294.53011199995,167098.56939071996,169157.9318047312,8148.0,19602.67951206956,1301125.1132101417,10296251.929133393,3617236.3891267073,2.8464415430751457,3047.9573151808713,2211.050340555742,1429901.4714202287,1037279.662545812,121093.40311858941,90039.71252899109,48049.238527384594,0.29467668589152707,63507.10844232219,0.13337804253814067,64.62612780309652,0.0,326613.0151026929,4209284.038335538,448840764141.3334,67296381953.672844,110.95037881133116,417022679.56708467,-536737338.9603142,0.0,0.0,366660000.0,-1.0,0.0,47.31631330519843,80.0,66.96000000000001,0.0,65.39848294142543,28.976666666666663,49.83333333333333
2039,F_legal_collision,util_severe_bottleneck,fcap_high,3733034.747896655,3812159.9999999995,206294.53011199995,167098.56939071996,167098.56939071996,8148.0,23527.747896654997,1459823.6826008619,10313955.939068215,3621043.7054597554,2.848337876595355,3153.5629274873054,2231.862247323163,1490111.7793076022,1054592.6309382548,124116.5294445004,90036.65941449523,48047.85727864149,0.2974604693470691,63254.31244661727,0.1333931777862365,65.61988687403712,0.0,327174.61364398914,4216521.740651496,460844740843.00726,69127081334.31343,111.18889869046447,475090113.63794845,-543035933.8831062,0.0,0.0,366660000.0,-1.0,0.0,47.284820330584466,80.0,66.96000000000001,0.0,65.48861451524323,29.016666666666666,49.83333333333333
2040,F_legal_collision,util_severe_bottleneck,fcap_high,3736955.106199179,4129839.9999999995,206294.53011199995,167098.56939071996,167098.56939071996,8148.0,27448.106199178845,1618522.2519915819,10331678.44742867,3624846.4530132036,2.8502389222142965,3262.857043332612,2252.8904053106603,1552878.4694615486,1072209.0971200408,127215.10594250148,90033.5901869929,48046.46772724023,0.3002733180758309,62998.90532326497,0.13340833453091488,66.59269856083141,0.0,327736.7989839197,4223767.005440506,473169159587.25085,71007479605.18127,111.42777033028284,536609366.0571964,-548432876.3248975,0.0,0.0,366660000.0,-1.0,0.0,47.25783561837551,80.0,66.96000000000001,0.0,65.58602262905964,29.056666666666665,49.83333333333333
2041,F_legal_collision,util_severe_bottleneck,fcap_high,3740870.76007174,4447519.999999999,206294.53011199995,167098.56939071996,167098.56939071996,8148.0,31363.76007174002,1777220.8213823019,10349419.828799898,3628644.6372695877,2.852144771218884,3375.969789809571,2274.1374251633765,1618311.1636423122,1090134.7499932067,130391.0150073717,90030.5047838655,48045.06984503505,0.30311558473957523,62740.855681904985,0.133423513090018,67.54217488314762,0.0,328299.58300490386,4231019.985839386,485822576307.83844,72938926551.06676,111.66699897188519,601779728.2677467,-552819655.7138995,0.0,0.0,366660000.0,-1.0,0.0,47.2359017214305,80.0,66.96000000000001,0.0,65.68878225775984,29.096666666666664,49.83333333333333
2042,F_legal_collision,util_severe_bottleneck,fcap_high,3744781.715159654,4765199.999999999,206294.53011199995,167098.56939071996,167098.56939071996,8148.0,35274.71515965415,1935919.3907730216,10367180.463041196,3632438.2637048643,2.8540555159958334,3493.0359430190206,2295.6059559359637,1686524.24106641,1108375.3948653112,133646.1859755361,90027.40314049293,48043.66360288901,0.3059876272143768,62480.13166926136,0.1334387137863776,68.46623519766945,0.0,328862.9777566653,4238280.837141119,498813776038.7753,74922808748.8449,111.9065899361031,670811310.7365519,-556079966.5359629,0.0,0.0,366660000.0,-1.0,0.0,47.21960016732019,80.0,66.96000000000001,0.0,65.7956045982964,29.136666666666663,49.83333333333333
2043,F_legal_collision,util_severe_bottleneck,fcap_high,3748687.9771014624,5082879.999999999,206294.53011199995,167098.56939071996,167098.56939071996,8148.0,39180.97710146243,2094617.9601637416,10384960.735381883,3636227.3377884184,2.8559712500533854,3614.1950968238157,2317.2986857910387,1757637.0478855076,1126936.956099046,136982.59629485733,90024.28519022366,48042.24897065959,0.3088898086858931,62216.70096073119,0.1334539369479025,69.36311352104386,0.0,329426.9954592728,4245549.716834042,512151779088.78516,76960550578.37881,112.14654862494277,743925610.8745856,-558089238.2849301,0.0,0.0,366660000.0,-1.0,0.0,47.20955380857535,80.0,66.96000000000001,0.0,65.90559462751126,29.176666666666666,49.83333333333333
2044,F_legal_collision,util_severe_bottleneck,fcap_high,3752589.5515289404,5400559.999999999,206294.53011199995,167098.56939071996,167098.56939071996,8148.0,43082.55152894044,2253316.5295544616,10402761.03651927,3640011.864983072,2.8578920680434785,3739.5918378520923,2339.218342713014,1831774.1160513447,1145825.4798297319,140402.27272354663,90021.15086434415,48040.82591718359,0.31182249774674303,61950.530751787985,0.13346918290766835,70.23135952364088,0.0,329991.6485062489,4252826.7846419085,525845847384.1742,79053615261.59645,112.38688052305923,821356110.2610424,-558714139.2561911,0.0,0.0,366660000.0,-1.0,0.0,47.20642930371904,80.0,66.96000000000001,0.0,66.01811167883102,29.216666666666665,49.83333333333333
2045,F_legal_collision,util_severe_bottleneck,fcap_high,3756486.4440671057,5718239.999999999,206294.53011199995,167098.56939071996,167098.56939071996,8148.0,46979.44406710565,2412015.098945182,10420581.762718797,3643791.8507450926,2.8598180657844017,3869.3759269871407,2361.367695237705,1909065.3919961688,1165047.1367526655,143907.2925589183,90018.00009204748,48039.39441026199,0.3147860684960474,61681.58774919502,0.13348445200400866,71.06983370896583,0.0,330556.9494677451,4260112.2025648095,539905490984.7534,81203505930.54431,112.62759119926349,903348902.6755023,-557812052.7821306,0.0,0.0,366660000.0,-1.0,0.0,47.210939736089344,80.0,66.96000000000001,0.0,66.13268534486569,29.256666666666664,49.83333333333333
