year,scenario,utility_infrastructure_variant,fiscal_capture_variant,housing_stock,theoretical_housing_capacity,annual_entitlements,annual_permits,annual_completions,annual_occupied_new_units,cumulative_net_new_units,delayed_completed_units_due_to_utilities,population,households,persons_per_household,median_gross_rent_nominal,median_gross_rent_real_2024,median_home_value_nominal,median_home_value_real_2024,median_household_income_nominal,median_household_income_real_2024,per_capita_income_real_2024,rent_to_income_ratio,residual_income_after_rent,poverty_rate,homelessness_pressure_index,estimated_homelessness_cost_avoidance,employer_establishments,employment,annual_payroll,accommodation_food_sales,commercial_vitality_index,gross_new_public_revenue,net_new_public_revenue_after_service_costs,estimated_benefit_cost_avoidance,infrastructure_reinvestment_capacity,infrastructure_funding_gap,years_until_growth_fiscal_dividend_turns_positive,share_of_infrastructure_need_self_funded_by_growth,fiscal_score,fiscal_leakage_score,fiscal_alignment_score,infrastructure_execution_score,infrastructure_stress_score,legal_implementation_risk_score,delivery_risk_score
2030,A_baseline,util_improved,fcap_none,3708037.9268351668,624427.875,45418.06329493124,28613.379875806688,23606.038397540517,13183.614777777932,-1469.073164833244,30759.38336649219,10180681.595126608,3596796.789030112,2.8304856215888314,2319.717357808815,2050.2921327415415,1027199.90910214,907895.0438920327,99408.64158849767,90059.32294576721,48058.08531470816,0.2731922114017499,65455.81735286872,0.1332793817123097,51.11654646039261,0.0,315169.3820758109,4120858.1681950307,360686342460.9816,51867890905.94495,104.19013128745938,129209670.40895262,-442011617.5516737,0.0,0.0,593262665.0000069,-1.0,0.0,47.78994191224163,80.0,30.0,59.16666666666666,64.09224867868537,19.906666666666666,31.875000000000004
2035,A_baseline,util_improved,fcap_none,3817408.8519590036,1318236.625,45418.06329493124,28613.379875806688,28613.379875806688,27754.978479532485,107901.8519590036,40535.621490726146,10485055.01892486,3702886.586400233,2.8315895651338114,2730.0747500107336,2132.7300313001497,1248484.5977597246,975314.1723490845,112405.77770784244,90006.49423735648,48034.15873518322,0.28434348646122165,64413.73386175469,0.1335397406141566,46.09551400750964,149346589.2127562,324592.05019507656,4244060.106878676,420156064756.88873,60884990016.28989,108.09831111321026,1096505679.667868,-65217034.270273924,0.0,0.0,1248974031.5789618,-1.0,0.0,49.67391482864863,80.0,30.0,59.16666666666666,39.05734180325498,20.10666666666667,31.875000000000004
2040,A_baseline,util_improved,fcap_none,3937283.2542154957,2012045.375,45418.06329493124,28613.379875806688,28613.379875806688,27754.978479532485,227776.25421549566,40535.621490726146,10814988.27000872,3819164.756589031,2.831767928144528,3211.763764053659,2217.612255782588,1516546.705814014,1047123.2657022033,127090.01790937368,89945.06198408423,48006.01104710814,0.2958622350396505,63333.71491469317,0.1338237906586028,50.63065660596281,0.0,334805.98900641705,4377607.956301538,490150752160.24146,71605888826.69484,112.3668179583509,2507115875.8340564,225662522.4313559,0.0,0.0,1248974031.5789618,13.0,0.0,51.128312612156776,80.0,30.0,59.16666666666666,37.131419961850995,20.30666666666667,31.875000000000004
2045,A_baseline,util_improved,fcap_none,4056440.134179654,2705854.125,45418.06329493124,28613.379875806688,28613.379875806688,27754.978479532485,346933.13417965407,40535.621490726146,11143805.611494446,3934746.9301542644,2.8321530734525653,3780.3559065231516,2307.041363415834,1843564.981386456,1125074.1394122355,143686.31020387853,89879.76950412808,47975.79952477703,0.30801699329812465,62195.273143138074,0.13410865525220655,55.169622460909814,0.0,344985.38194426073,4510704.116400903,571201544457.2909,84106083633.89024,116.65340672594974,4415820947.951514,952617302.1825223,0.0,0.0,1248974031.5789618,13.0,0.0,54.763086510912615,80.0,30.0,59.16666666666666,37.84166536339741,20.506666666666668,31.875000000000004
2030,A_baseline,util_improved,fcap_partial,3708037.9268351668,624427.875,45418.06329493124,28613.379875806688,23606.038397540517,13183.614777777932,-1469.073164833244,30759.38336649219,10180681.595126608,3596796.789030112,2.8304856215888314,2319.717357808815,2050.2921327415415,1027199.90910214,907895.0438920327,99408.64158849767,90059.32294576721,48058.08531470816,0.2731922114017499,65455.81735286872,0.1332793817123097,51.11654646039261,0.0,315169.3820758109,4120858.1681950307,360686342460.9816,51867890905.94495,104.19013128745938,129209670.40895262,-442011617.5516737,0.0,0.0,593262665.0000069,-1.0,0.0,47.78994191224163,80.0,49.95,59.16666666666666,59.10474867868537,19.906666666666666,31.875000000000004
2035,A_baseline,util_improved,fcap_partial,3817408.8519590036,1318236.625,45418.06329493124,28613.379875806688,28613.379875806688,27754.978479532485,107901.8519590036,40535.621490726146,10485055.01892486,3702886.586400233,2.8315895651338114,2730.0747500107336,2132.7300313001497,1248484.5977597246,975314.1723490845,112405.77770784244,90006.49423735648,48034.15873518322,0.28434348646122165,64413.73386175469,0.1335397406141566,46.09551400750964,149346589.2127562,324592.05019507656,4244060.106878676,420156064756.88873,60884990016.28989,108.09831111321026,1096505679.667868,-65217034.270273924,0.0,0.0,1248974031.5789618,-1.0,0.0,49.67391482864863,80.0,49.95,59.16666666666666,34.06984180325498,20.10666666666667,31.875000000000004
2040,A_baseline,util_improved,fcap_partial,3937283.2542154957,2012045.375,45418.06329493124,28613.379875806688,28613.379875806688,27754.978479532485,227776.25421549566,40535.621490726146,10814988.27000872,3819164.756589031,2.831767928144528,3211.763764053659,2217.612255782588,1516546.705814014,1047123.2657022033,127090.01790937368,89945.06198408423,48006.01104710814,0.2958622350396505,63333.71491469317,0.1338237906586028,50.63065660596281,0.0,334805.98900641705,4377607.956301538,490150752160.24146,71605888826.69484,112.3668179583509,2507115875.8340564,225662522.4313559,0.0,64313818.892936416,1184660212.6860254,13.0,0.05149331953013501,51.128312612156776,80.0,49.95,59.16666666666666,32.143919961851,20.30666666666667,31.875000000000004
2045,A_baseline,util_improved,fcap_partial,4056440.134179654,2705854.125,45418.06329493124,28613.379875806688,28613.379875806688,27754.978479532485,346933.13417965407,40535.621490726146,11143805.611494446,3934746.9301542644,2.8321530734525653,3780.3559065231516,2307.041363415834,1843564.981386456,1125074.1394122355,143686.31020387853,89879.76950412808,47975.79952477703,0.30801699329812465,62195.273143138074,0.13410865525220655,55.169622460909814,0.0,344985.38194426073,4510704.116400903,571201544457.2909,84106083633.89024,116.65340672594974,4415820947.951514,952617302.1825223,0.0,271495931.1220188,977478100.456943,13.0,0.21737516093812753,54.763086510912615,80.0,49.95,59.16666666666666,32.854165363397414,20.506666666666668,31.875000000000004
2030,A_baseline,util_improved,fcap_high,3708037.9268351668,624427.875,45418.06329493124,28613.379875806688,23606.038397540517,13183.614777777932,-1469.073164833244,30759.38336649219,10180681.595126608,3596796.789030112,2.8304856215888314,2319.717357808815,2050.2921327415415,1027199.90910214,907895.0438920327,99408.64158849767,90059.32294576721,48058.08531470816,0.2731922114017499,65455.81735286872,0.1332793817123097,51.11654646039261,0.0,315169.3820758109,4120858.1681950307,360686342460.9816,51867890905.94495,104.19013128745938,129209670.40895262,-442011617.5516737,0.0,0.0,593262665.0000069,-1.0,0.0,47.78994191224163,80.0,69.9,59.16666666666666,54.117248678685364,19.906666666666666,31.875000000000004
2035,A_baseline,util_improved,fcap_high,3817408.8519590036,1318236.625,45418.06329493124,28613.379875806688,28613.379875806688,27754.978479532485,107901.8519590036,40535.621490726146,10485055.01892486,3702886.586400233,2.8315895651338114,2730.0747500107336,2132.7300313001497,1248484.5977597246,975314.1723490845,112405.77770784244,90006.49423735648,48034.15873518322,0.28434348646122165,64413.73386175469,0.1335397406141566,46.09551400750964,149346589.2127562,324592.05019507656,4244060.106878676,420156064756.88873,60884990016.28989,108.09831111321026,1096505679.667868,-65217034.270273924,0.0,0.0,1248974031.5789618,-1.0,0.0,49.67391482864863,80.0,69.9,59.16666666666666,29.082341803254977,20.10666666666667,31.875000000000004
2040,A_baseline,util_improved,fcap_high,3937283.2542154957,2012045.375,45418.06329493124,28613.379875806688,28613.379875806688,27754.978479532485,227776.25421549566,40535.621490726146,10814988.27000872,3819164.756589031,2.831767928144528,3211.763764053659,2217.612255782588,1516546.705814014,1047123.2657022033,127090.01790937368,89945.06198408423,48006.01104710814,0.2958622350396505,63333.71491469317,0.1338237906586028,50.63065660596281,0.0,334805.98900641705,4377607.956301538,490150752160.24146,71605888826.69484,112.3668179583509,2507115875.8340564,225662522.4313559,0.0,128627637.78587283,1120346393.793089,13.0,0.10298663906027002,51.128312612156776,80.0,69.9,59.16666666666666,27.156419961850993,20.30666666666667,31.875000000000004
2045,A_baseline,util_improved,fcap_high,4056440.134179654,2705854.125,45418.06329493124,28613.379875806688,28613.379875806688,27754.978479532485,346933.13417965407,40535.621490726146,11143805.611494446,3934746.9301542644,2.8321530734525653,3780.3559065231516,2307.041363415834,1843564.981386456,1125074.1394122355,143686.31020387853,89879.76950412808,47975.79952477703,0.30801699329812465,62195.273143138074,0.13410865525220655,55.169622460909814,0.0,344985.38194426073,4510704.116400903,571201544457.2909,84106083633.89024,116.65340672594974,4415820947.951514,952617302.1825223,0.0,542991862.2440376,705982169.3349242,13.0,0.43475032187625506,54.763086510912615,80.0,69.9,59.16666666666666,27.866665363397413,20.506666666666668,31.875000000000004
2030,A_baseline,util_current_drag,fcap_none,3698888.5108379484,624427.875,45418.06329493124,28613.379875806688,23606.038397540517,8742.818221052732,-10618.489162051585,39915.66492675033,10158511.37545159,3587921.85551281,2.8313078669322547,2321.439461361847,2051.8142213505967,1028343.9749118913,908906.2313632888,99412.72331560294,90063.02078907013,48059.74840503915,0.27338379770618587,65441.250132862966,0.1332604835181648,55.69610357802627,0.0,314483.0454715108,4111884.2768121385,359908501151.422,51726740073.55753,103.90659317744742,62245346.254176125,-464920305.3519416,0.0,0.0,393426819.9473729,-1.0,0.0,47.67539847324029,80.0,30.0,30.0,82.3647013283825,19.906666666666666,39.166666666666664
2035,A_baseline,util_current_drag,fcap_none,3802235.1539529003,1318236.625,45418.06329493124,28613.379875806688,28613.379875806688,27754.978479532485,92728.15395290032,55796.09075782304,10448471.070529338,3688168.099334313,2.8329704040374977,2733.3592371220425,2135.295867381993,1250738.3078452537,977074.7670658529,112413.95677958096,90013.04345207046,48037.14046896746,0.28466485995696583,64389.49304348654,0.13350835931278096,46.3863945455879,138220408.63126293,323459.499264967,4229251.936997135,418705967361.6307,60619559719.64393,107.6270526506889,972796838.1412145,-118945871.70557627,0.0,0.0,1248974031.5789618,-1.0,0.0,49.40527064147212,80.0,30.0,30.0,49.88797440075563,20.10666666666667,39.166666666666664
2040,A_baseline,util_current_drag,fcap_none,3922200.380158222,2012045.375,45418.06329493124,28613.379875806688,28613.379875806688,27754.978479532485,212693.38015822181,55796.09075782304,10778627.630073812,3804534.368753475,2.8331003443150236,3215.503892663321,2220.1946857657076,1519196.5258736864,1048952.8751852282,127099.87350017643,89952.03705372561,48009.221824128006,0.29618380085462476,63309.70082453712,0.1337923970613156,50.782861861982944,0.0,333680.351168411,4362890.175504986,488522807804.416,71305086278.73079,111.89478659749047,2362423808.097157,170986540.66010088,0.0,0.0,1248974031.5789618,14.0,0.0,50.854932703300506,80.0,30.0,30.0,46.35890753288791,20.30666666666667,39.166666666666664
2045,A_baseline,util_current_drag,fcap_none,4041447.5404338134,2705854.125,45418.06329493124,28613.379875806688,28613.379875806688,27754.978479532485,331940.54043381335,55796.09075782304,11107667.689244997,3920204.114220799,2.8334411590843445,3784.6232420805018,2309.645594309913,1846687.4374366163,1126979.683610002,143698.08778448633,89887.13670723075,47979.22142161134,0.3083394148151727,62171.38957551179,0.13407726460371944,55.2763509660046,0.0,343866.6389093824,4496076.485559907,569374028950.23,83765290488.21046,116.18073364791832,4245929013.4904084,882765821.4995925,0.0,0.0,1248974031.5789618,14.0,0.0,54.41382910749796,80.0,30.0,30.0,46.45988865721822,20.506666666666668,39.166666666666664
2030,A_baseline,util_current_drag,fcap_partial,3698888.5108379484,624427.875,45418.06329493124,28613.379875806688,23606.038397540517,8742.818221052732,-10618.489162051585,39915.66492675033,10158511.37545159,3587921.85551281,2.8313078669322547,2321.439461361847,2051.8142213505967,1028343.9749118913,908906.2313632888,99412.72331560294,90063.02078907013,48059.74840503915,0.27338379770618587,65441.250132862966,0.1332604835181648,55.69610357802627,0.0,314483.0454715108,4111884.2768121385,359908501151.422,51726740073.55753,103.90659317744742,62245346.254176125,-464920305.3519416,0.0,0.0,393426819.9473729,-1.0,0.0,47.67539847324029,80.0,49.95,30.0,77.3772013283825,19.906666666666666,39.166666666666664
2035,A_baseline,util_current_drag,fcap_partial,3802235.1539529003,1318236.625,45418.06329493124,28613.379875806688,28613.379875806688,27754.978479532485,92728.15395290032,55796.09075782304,10448471.070529338,3688168.099334313,2.8329704040374977,2733.3592371220425,2135.295867381993,1250738.3078452537,977074.7670658529,112413.95677958096,90013.04345207046,48037.14046896746,0.28466485995696583,64389.49304348654,0.13350835931278096,46.3863945455879,138220408.63126293,323459.499264967,4229251.936997135,418705967361.6307,60619559719.64393,107.6270526506889,972796838.1412145,-118945871.70557627,0.0,0.0,1248974031.5789618,-1.0,0.0,49.40527064147212,80.0,49.95,30.0,44.900474400755634,20.10666666666667,39.166666666666664
2040,A_baseline,util_current_drag,fcap_partial,3922200.380158222,2012045.375,45418.06329493124,28613.379875806688,28613.379875806688,27754.978479532485,212693.38015822181,55796.09075782304,10778627.630073812,3804534.368753475,2.8331003443150236,3215.503892663321,2220.1946857657076,1519196.5258736864,1048952.8751852282,127099.87350017643,89952.03705372561,48009.221824128006,0.29618380085462476,63309.70082453712,0.1337923970613156,50.782861861982944,0.0,333680.351168411,4362890.175504986,488522807804.416,71305086278.73079,111.89478659749047,2362423808.097157,170986540.66010088,0.0,48731164.088128746,1200242867.490833,14.0,0.03901695540180484,50.854932703300506,80.0,49.95,30.0,41.371407532887915,20.30666666666667,39.166666666666664
2045,A_baseline,util_current_drag,fcap_partial,4041447.5404338134,2705854.125,45418.06329493124,28613.379875806688,28613.379875806688,27754.978479532485,331940.54043381335,55796.09075782304,11107667.689244997,3920204.114220799,2.8334411590843445,3784.6232420805018,2309.645594309913,1846687.4374366163,1126979.683610002,143698.08778448633,89887.13670723075,47979.22142161134,0.3083394148151727,62171.38957551179,0.13407726460371944,55.2763509660046,0.0,343866.6389093824,4496076.485559907,569374028950.23,83765290488.21046,116.18073364791832,4245929013.4904084,882765821.4995925,0.0,251588259.12738383,997385772.451578,14.0,0.20143594083323266,54.41382910749796,80.0,49.95,30.0,41.472388657218225,20.506666666666668,39.166666666666664
2030,A_baseline,util_current_drag,fcap_high,3698888.5108379484,624427.875,45418.06329493124,28613.379875806688,23606.038397540517,8742.818221052732,-10618.489162051585,39915.66492675033,10158511.37545159,3587921.85551281,2.8313078669322547,2321.439461361847,2051.8142213505967,1028343.9749118913,908906.2313632888,99412.72331560294,90063.02078907013,48059.74840503915,0.27338379770618587,65441.250132862966,0.1332604835181648,55.69610357802627,0.0,314483.0454715108,4111884.2768121385,359908501151.422,51726740073.55753,103.90659317744742,62245346.254176125,-464920305.3519416,0.0,0.0,393426819.9473729,-1.0,0.0,47.67539847324029,80.0,69.9,30.0,72.3897013283825,19.906666666666666,39.166666666666664
2035,A_baseline,util_current_drag,fcap_high,3802235.1539529003,1318236.625,45418.06329493124,28613.379875806688,28613.379875806688,27754.978479532485,92728.15395290032,55796.09075782304,10448471.070529338,3688168.099334313,2.8329704040374977,2733.3592371220425,2135.295867381993,1250738.3078452537,977074.7670658529,112413.95677958096,90013.04345207046,48037.14046896746,0.28466485995696583,64389.49304348654,0.13350835931278096,46.3863945455879,138220408.63126293,323459.499264967,4229251.936997135,418705967361.6307,60619559719.64393,107.6270526506889,972796838.1412145,-118945871.70557627,0.0,0.0,1248974031.5789618,-1.0,0.0,49.40527064147212,80.0,69.9,30.0,39.91297440075563,20.10666666666667,39.166666666666664
2040,A_baseline,util_current_drag,fcap_high,3922200.380158222,2012045.375,45418.06329493124,28613.379875806688,28613.379875806688,27754.978479532485,212693.38015822181,55796.09075782304,10778627.630073812,3804534.368753475,2.8331003443150236,3215.503892663321,2220.1946857657076,1519196.5258736864,1048952.8751852282,127099.87350017643,89952.03705372561,48009.221824128006,0.29618380085462476,63309.70082453712,0.1337923970613156,50.782861861982944,0.0,333680.351168411,4362890.175504986,488522807804.416,71305086278.73079,111.89478659749047,2362423808.097157,170986540.66010088,0.0,97462328.17625749,1151511703.4027042,14.0,0.07803391080360968,50.854932703300506,80.0,69.9,30.0,36.38390753288792,20.30666666666667,39.166666666666664
2045,A_baseline,util_current_drag,fcap_high,4041447.5404338134,2705854.125,45418.06329493124,28613.379875806688,28613.379875806688,27754.978479532485,331940.54043381335,55796.09075782304,11107667.689244997,3920204.114220799,2.8334411590843445,3784.6232420805018,2309.645594309913,1846687.4374366163,1126979.683610002,143698.08778448633,89887.13670723075,47979.22142161134,0.3083394148151727,62171.38957551179,0.13407726460371944,55.2763509660046,0.0,343866.6389093824,4496076.485559907,569374028950.23,83765290488.21046,116.18073364791832,4245929013.4904084,882765821.4995925,0.0,503176518.25476766,745797513.3241942,14.0,0.4028718816664653,54.41382910749796,80.0,69.9,30.0,36.48488865721822,20.506666666666668,39.166666666666664
2030,A_baseline,util_severe_bottleneck,fcap_none,3691737.3118724874,624427.875,45418.06329493124,28613.379875806688,23606.038397540517,3538.759756140392,-17769.688127512578,47069.009895702,10141141.735230587,3580985.1925163125,2.8319418232792346,2322.788125873184,2053.0062442614885,1029240.2458206568,909698.4042488609,99415.90514853959,90065.90337267073,48061.0436555583,0.27353386807435653,65429.82844153287,0.13324568381757226,60.11517060289043,0.0,313945.32324494066,4104853.5271403682,359299029438.87836,51616206807.88415,103.68455840292718,8458505.498546712,-484201240.56675905,0.0,0.0,159244189.02631763,-1.0,0.0,47.578993797166206,80.0,30.0,0.0,95.28294126625433,19.906666666666666,49.58333333333333
2035,A_baseline,util_severe_bottleneck,fcap_none,3711539.306151031,1318236.625,45418.06329493124,28613.379875806688,28613.379875806688,8148.0,2032.3061510310508,146705.2402809451,10229346.656238323,3600193.1269665,2.8413327550729215,2753.3245447928257,2150.892733824371,1264466.9749964252,987799.5799021726,112461.52577145564,90051.13329300527,48054.39616160466,0.28662285372811963,64240.42048711282,0.13332089647014186,61.757144239379414,0.0,316675.9351583278,4140556.438169795,410014936776.08075,59034612585.441246,104.81305681419138,209606137.3360776,-534674141.87621796,0.0,0.0,366660000.0,-1.0,0.0,47.32662929061891,80.0,30.0,0.0,74.20435274512289,20.10666666666667,49.58333333333333
2040,A_baseline,util_severe_bottleneck,fcap_none,3731222.7732706475,2012045.375,45418.06329493124,28613.379875806688,28613.379875806688,8148.0,21715.773270647507,247772.13965997854,10317867.61580912,3619286.090072528,2.850801887176141,3264.3736627031676,2253.9375787488634,1553961.2931285906,1072956.7495662633,127218.48705345203,90035.98309116448,48047.551169046325,0.30040490497671474,62988.732146178125,0.13339652266451826,66.74849749671505,0.0,319416.33086445037,4176387.2728634565,467867877628.41364,67515519412.71675,105.94804706039739,474601020.6761203,-576248436.201028,0.0,0.0,366660000.0,-1.0,0.0,47.11875781899486,80.0,30.0,0.0,72.49119370107714,20.30666666666667,49.58333333333333
2045,A_baseline,util_severe_bottleneck,fcap_none,3750788.4226895464,2705854.125,45418.06329493124,28613.379875806688,28613.379875806688,8148.0,41281.422689546365,348839.0390390119,10406860.475303087,3638264.7700088597,2.8603911845804846,3871.1627832541935,2362.4581616965525,1910387.938311855,1165854.2483397138,143911.17266355024,90020.42720503741,48040.49722018129,0.3149229438312667,61670.92926467878,0.13347269487614907,71.18175212232785,0.0,322171.33545562613,4212409.119586596,533867332363.5104,77212064707.143,107.09154438387552,829267606.6502297,-593905498.0010712,0.0,0.0,366660000.0,-1.0,0.0,47.030472509994645,80.0,30.0,0.0,72.24027239462976,20.506666666666668,49.58333333333333
2030,A_baseline,util_severe_bottleneck,fcap_partial,3691737.3118724874,624427.875,45418.06329493124,28613.379875806688,23606.038397540517,3538.759756140392,-17769.688127512578,47069.009895702,10141141.735230587,3580985.1925163125,2.8319418232792346,2322.788125873184,2053.0062442614885,1029240.2458206568,909698.4042488609,99415.90514853959,90065.90337267073,48061.0436555583,0.27353386807435653,65429.82844153287,0.13324568381757226,60.11517060289043,0.0,313945.32324494066,4104853.5271403682,359299029438.87836,51616206807.88415,103.68455840292718,8458505.498546712,-484201240.56675905,0.0,0.0,159244189.02631763,-1.0,0.0,47.578993797166206,80.0,49.95,0.0,90.29544126625433,19.906666666666666,49.58333333333333
2035,A_baseline,util_severe_bottleneck,fcap_partial,3711539.306151031,1318236.625,45418.06329493124,28613.379875806688,28613.379875806688,8148.0,2032.3061510310508,146705.2402809451,10229346.656238323,3600193.1269665,2.8413327550729215,2753.3245447928257,2150.892733824371,1264466.9749964252,987799.5799021726,112461.52577145564,90051.13329300527,48054.39616160466,0.28662285372811963,64240.42048711282,0.13332089647014186,61.757144239379414,0.0,316675.9351583278,4140556.438169795,410014936776.08075,59034612585.441246,104.81305681419138,209606137.3360776,-534674141.87621796,0.0,0.0,366660000.0,-1.0,0.0,47.32662929061891,80.0,49.95,0.0,69.21685274512289,20.10666666666667,49.58333333333333
2040,A_baseline,util_severe_bottleneck,fcap_partial,3731222.7732706475,2012045.375,45418.06329493124,28613.379875806688,28613.379875806688,8148.0,21715.773270647507,247772.13965997854,10317867.61580912,3619286.090072528,2.850801887176141,3264.3736627031676,2253.9375787488634,1553961.2931285906,1072956.7495662633,127218.48705345203,90035.98309116448,48047.551169046325,0.30040490497671474,62988.732146178125,0.13339652266451826,66.74849749671505,0.0,319416.33086445037,4176387.2728634565,467867877628.41364,67515519412.71675,105.94804706039739,474601020.6761203,-576248436.201028,0.0,0.0,366660000.0,-1.0,0.0,47.11875781899486,80.0,49.95,0.0,67.50369370107714,20.30666666666667,49.58333333333333
2045,A_baseline,util_severe_bottleneck,fcap_partial,3750788.4226895464,2705854.125,45418.06329493124,28613.379875806688,28613.379875806688,8148.0,41281.422689546365,348839.0390390119,10406860.475303087,3638264.7700088597,2.8603911845804846,3871.1627832541935,2362.4581616965525,1910387.938311855,1165854.2483397138,143911.17266355024,90020.42720503741,48040.49722018129,0.3149229438312667,61670.92926467878,0.13347269487614907,71.18175212232785,0.0,322171.33545562613,4212409.119586596,533867332363.5104,77212064707.143,107.09154438387552,829267606.6502297,-593905498.0010712,0.0,0.0,366660000.0,-1.0,0.0,47.030472509994645,80.0,49.95,0.0,67.25277239462976,20.506666666666668,49.58333333333333
2030,A_baseline,util_severe_bottleneck,fcap_high,3691737.3118724874,624427.875,45418.06329493124,28613.379875806688,23606.038397540517,3538.759756140392,-17769.688127512578,47069.009895702,10141141.735230587,3580985.1925163125,2.8319418232792346,2322.788125873184,2053.0062442614885,1029240.2458206568,909698.4042488609,99415.90514853959,90065.90337267073,48061.0436555583,0.27353386807435653,65429.82844153287,0.13324568381757226,60.11517060289043,0.0,313945.32324494066,4104853.5271403682,359299029438.87836,51616206807.88415,103.68455840292718,8458505.498546712,-484201240.56675905,0.0,0.0,159244189.02631763,-1.0,0.0,47.578993797166206,80.0,69.9,0.0,85.30794126625432,19.906666666666666,49.58333333333333
2035,A_baseline,util_severe_bottleneck,fcap_high,3711539.306151031,1318236.625,45418.06329493124,28613.379875806688,28613.379875806688,8148.0,2032.3061510310508,146705.2402809451,10229346.656238323,3600193.1269665,2.8413327550729215,2753.3245447928257,2150.892733824371,1264466.9749964252,987799.5799021726,112461.52577145564,90051.13329300527,48054.39616160466,0.28662285372811963,64240.42048711282,0.13332089647014186,61.757144239379414,0.0,316675.9351583278,4140556.438169795,410014936776.08075,59034612585.441246,104.81305681419138,209606137.3360776,-534674141.87621796,0.0,0.0,366660000.0,-1.0,0.0,47.32662929061891,80.0,69.9,0.0,64.2293527451229,20.10666666666667,49.58333333333333
2040,A_baseline,util_severe_bottleneck,fcap_high,3731222.7732706475,2012045.375,45418.06329493124,28613.379875806688,28613.379875806688,8148.0,21715.773270647507,247772.13965997854,10317867.61580912,3619286.090072528,2.850801887176141,3264.3736627031676,2253.9375787488634,1553961.2931285906,1072956.7495662633,127218.48705345203,90035.98309116448,48047.551169046325,0.30040490497671474,62988.732146178125,0.13339652266451826,66.74849749671505,0.0,319416.33086445037,4176387.2728634565,467867877628.41364,67515519412.71675,105.94804706039739,474601020.6761203,-576248436.201028,0.0,0.0,366660000.0,-1.0,0.0,47.11875781899486,80.0,69.9,0.0,62.516193701077135,20.30666666666667,49.58333333333333
2045,A_baseline,util_severe_bottleneck,fcap_high,3750788.4226895464,2705854.125,45418.06329493124,28613.379875806688,28613.379875806688,8148.0,41281.422689546365,348839.0390390119,10406860.475303087,3638264.7700088597,2.8603911845804846,3871.1627832541935,2362.4581616965525,1910387.938311855,1165854.2483397138,143911.17266355024,90020.42720503741,48040.49722018129,0.3149229438312667,61670.92926467878,0.13347269487614907,71.18175212232785,0.0,322171.33545562613,4212409.119586596,533867332363.5104,77212064707.143,107.09154438387552,829267606.6502297,-593905498.0010712,0.0,0.0,366660000.0,-1.0,0.0,47.030472509994645,80.0,69.9,0.0,62.265272394629754,20.506666666666668,49.58333333333333
2030,B_moderate,util_improved,fcap_none,3706945.734029392,509751.0,90009.9964764,63907.09749824401,28758.193874209806,12862.901048959062,-2561.2659706082195,35947.742342762256,10178040.06412278,3595737.36200851,2.830584950853452,2319.9226782108412,2050.4736060592063,1027336.2897894501,908015.5845472589,99409.12912087912,90059.76462604254,48058.28404707767,0.2732150519700033,65454.08135333206,0.13327712955506274,51.46173804957671,0.0,325812.5608091676,4176835.337540752,365586780532.21924,55440957097.03312,111.36756281679095,126380032.31178199,-439590890.78666055,0.0,0.0,578830547.2031578,-1.0,0.0,47.802045546066694,80.0,30.0,59.16666666666666,65.00308222842482,21.19833333333333,31.541666666666668
2035,B_moderate,util_improved,fcap_none,3909058.5458157347,1359336.0,90009.9964764,63907.09749824401,64411.32449750515,59845.83526973636,199551.54581573466,90716.81722564693,10706818.78727938,3791786.7894412624,2.823686926990186,2710.509597557501,2117.445765474164,1235087.725421502,964848.5570903413,112354.78769263213,89965.66508601057,48015.4847483985,0.2824338503071997,64556.3159003206,0.13373046188667162,41.7969800235613,313765514.0987804,342739.4690162147,4393834.056616882,434880083815.6989,66825992298.828804,118.64626903995642,1866601913.8471034,377848386.0184027,0.0,0.0,2693062587.1381364,9.0,0.0,51.88924193009201,80.0,30.0,59.16666666666666,42.01362451401122,21.398333333333333,31.541666666666668
2040,B_moderate,util_improved,fcap_none,4205030.171458192,2208921.0,90009.9964764,63907.09749824401,63907.09749824401,61989.88457329669,495523.17145819217,90535.05478917902,11460267.766340356,4078879.2663144465,2.8099819008792695,3148.173963651994,2173.7056888389725,1471731.154365817,1016179.6710164779,126903.85529072133,89813.30963603007,47944.80168190587,0.29042987472319426,63728.8413699624,0.13438438846534123,45.424943646747174,174995905.5119206,366858.370077749,4703032.320816004,526177351852.27515,82315692103.59146,129.17306860202913,5037940930.010165,1333953772.971773,0.0,0.0,2789544805.798351,9.0,0.0,56.66976886485887,80.0,30.0,59.16666666666666,41.835493493924304,21.598333333333333,31.541666666666668
2045,B_moderate,util_improved,fcap_none,4498629.992275997,3058506.0,90009.9964764,63907.09749824401,63907.09749824401,61989.88457329669,789122.9922759971,90535.05478917902,11786272.741203194,4363671.092507717,2.8041814594350427,3663.052631112963,2235.454582930829,1758426.2351392894,1073116.4364661584,143464.99834985196,89741.33280545988,47911.004971496404,0.2989197302576487,62915.87781028994,0.13466995430624237,49.22379186192063,29689961.281535856,377294.221678589,4836817.321724087,611992524336.0442,96455970086.96736,133.7824450212199,9139896548.55292,3822454752.536493,0.0,0.0,2789544805.798351,9.0,0.0,69.11227376268246,80.0,30.0,59.16666666666666,42.34723604621315,21.798333333333332,31.541666666666668
2030,B_moderate,util_improved,fcap_partial,3706945.734029392,509751.0,90009.9964764,63907.09749824401,28758.193874209806,12862.901048959062,-2561.2659706082195,35947.742342762256,10178040.06412278,3595737.36200851,2.830584950853452,2319.9226782108412,2050.4736060592063,1027336.2897894501,908015.5845472589,99409.12912087912,90059.76462604254,48058.28404707767,0.2732150519700033,65454.08135333206,0.13327712955506274,51.46173804957671,0.0,325812.5608091676,4176835.337540752,365586780532.21924,55440957097.03312,111.36756281679095,126380032.31178199,-439590890.78666055,0.0,0.0,578830547.2031578,-1.0,0.0,47.802045546066694,80.0,49.95,59.16666666666666,60.01558222842482,21.19833333333333,31.541666666666668
2035,B_moderate,util_improved,fcap_partial,3909058.5458157347,1359336.0,90009.9964764,63907.09749824401,64411.32449750515,59845.83526973636,199551.54581573466,90716.81722564693,10706818.78727938,3791786.7894412624,2.823686926990186,2710.509597557501,2117.445765474164,1235087.725421502,964848.5570903413,112354.78769263213,89965.66508601057,48015.4847483985,0.2824338503071997,64556.3159003206,0.13373046188667162,41.7969800235613,313765514.0987804,342739.4690162147,4393834.056616882,434880083815.6989,66825992298.828804,118.64626903995642,1866601913.8471034,377848386.0184027,0.0,107686790.01524475,2585375797.1228914,9.0,0.03998673871507804,51.88924193009201,80.0,49.95,59.16666666666666,37.02612451401122,21.398333333333333,31.541666666666668
2040,B_moderate,util_improved,fcap_partial,4205030.171458192,2208921.0,90009.9964764,63907.09749824401,63907.09749824401,61989.88457329669,495523.17145819217,90535.05478917902,11460267.766340356,4078879.2663144465,2.8099819008792695,3148.173963651994,2173.7056888389725,1471731.154365817,1016179.6710164779,126903.85529072133,89813.30963603007,47944.80168190587,0.29042987472319426,63728.8413699624,0.13438438846534123,45.424943646747174,174995905.5119206,366858.370077749,4703032.320816004,526177351852.27515,82315692103.59146,129.17306860202913,5037940930.010165,1333953772.971773,0.0,380176825.2969553,2409367980.5013957,9.0,0.13628633048184755,56.66976886485887,80.0,49.95,59.16666666666666,36.84799349392431,21.598333333333333,31.541666666666668
2045,B_moderate,util_improved,fcap_partial,4498629.992275997,3058506.0,90009.9964764,63907.09749824401,63907.09749824401,61989.88457329669,789122.9922759971,90535.05478917902,11786272.741203194,4363671.092507717,2.8041814594350427,3663.052631112963,2235.454582930829,1758426.2351392894,1073116.4364661584,143464.99834985196,89741.33280545988,47911.004971496404,0.2989197302576487,62915.87781028994,0.13466995430624237,49.22379186192063,29689961.281535856,377294.221678589,4836817.321724087,611992524336.0442,96455970086.96736,133.7824450212199,9139896548.55292,3822454752.536493,0.0,1089399604.4729002,1700145201.3254507,9.0,0.39052952374468874,69.11227376268246,80.0,49.95,59.16666666666666,37.35973604621315,21.798333333333332,31.541666666666668
2030,B_moderate,util_improved,fcap_high,3706945.734029392,509751.0,90009.9964764,63907.09749824401,28758.193874209806,12862.901048959062,-2561.2659706082195,35947.742342762256,10178040.06412278,3595737.36200851,2.830584950853452,2319.9226782108412,2050.4736060592063,1027336.2897894501,908015.5845472589,99409.12912087912,90059.76462604254,48058.28404707767,0.2732150519700033,65454.08135333206,0.13327712955506274,51.46173804957671,0.0,325812.5608091676,4176835.337540752,365586780532.21924,55440957097.03312,111.36756281679095,126380032.31178199,-439590890.78666055,0.0,0.0,578830547.2031578,-1.0,0.0,47.802045546066694,80.0,69.9,59.16666666666666,55.028082228424815,21.19833333333333,31.541666666666668
2035,B_moderate,util_improved,fcap_high,3909058.5458157347,1359336.0,90009.9964764,63907.09749824401,64411.32449750515,59845.83526973636,199551.54581573466,90716.81722564693,10706818.78727938,3791786.7894412624,2.823686926990186,2710.509597557501,2117.445765474164,1235087.725421502,964848.5570903413,112354.78769263213,89965.66508601057,48015.4847483985,0.2824338503071997,64556.3159003206,0.13373046188667162,41.7969800235613,313765514.0987804,342739.4690162147,4393834.056616882,434880083815.6989,66825992298.828804,118.64626903995642,1866601913.8471034,377848386.0184027,0.0,215373580.0304895,2477689007.107647,9.0,0.07997347743015608,51.88924193009201,80.0,69.9,59.16666666666666,32.03862451401122,21.398333333333333,31.541666666666668
2040,B_moderate,util_improved,fcap_high,4205030.171458192,2208921.0,90009.9964764,63907.09749824401,63907.09749824401,61989.88457329669,495523.17145819217,90535.05478917902,11460267.766340356,4078879.2663144465,2.8099819008792695,3148.173963651994,2173.7056888389725,1471731.154365817,1016179.6710164779,126903.85529072133,89813.30963603007,47944.80168190587,0.29042987472319426,63728.8413699624,0.13438438846534123,45.424943646747174,174995905.5119206,366858.370077749,4703032.320816004,526177351852.27515,82315692103.59146,129.17306860202913,5037940930.010165,1333953772.971773,0.0,760353650.5939106,2029191155.20444,9.0,0.2725726609636951,56.66976886485887,80.0,69.9,59.16666666666666,31.860493493924302,21.598333333333333,31.541666666666668
2045,B_moderate,util_improved,fcap_high,4498629.992275997,3058506.0,90009.9964764,63907.09749824401,63907.09749824401,61989.88457329669,789122.9922759971,90535.05478917902,11786272.741203194,4363671.092507717,2.8041814594350427,3663.052631112963,2235.454582930829,1758426.2351392894,1073116.4364661584,143464.99834985196,89741.33280545988,47911.004971496404,0.2989197302576487,62915.87781028994,0.13466995430624237,49.22379186192063,29689961.281535856,377294.221678589,4836817.321724087,611992524336.0442,96455970086.96736,133.7824450212199,9139896548.55292,3822454752.536493,0.0,2178799208.9458003,610745596.8525505,9.0,0.7810590474893775,69.11227376268246,80.0,69.9,59.16666666666666,32.372236046213146,21.798333333333332,31.541666666666668
2030,B_moderate,util_current_drag,fcap_none,3697749.245598585,509751.0,90009.9964764,63907.09749824401,28758.193874209806,7903.710283095329,-11757.75440141512,45150.36438250939,10155743.959060766,3586816.7682306273,2.8314086320251546,2321.654202629246,2052.0040213405136,1028486.66633176,909032.3497865449,99413.23120769586,90063.48091423919,48059.95522604383,0.2734076898441648,65439.432658153026,0.13325812517908095,56.498766618811295,0.0,325098.83291651256,4167685.524912208,364793680246.10614,55289186872.90124,111.0626929001309,58655934.28700909,-463012126.31464916,0.0,0.0,355666962.7392898,-1.0,0.0,47.684939368426754,80.0,30.0,30.0,81.98334002579132,21.19833333333333,38.833333333333336
2035,B_moderate,util_current_drag,fcap_none,3836431.6643022923,1359336.0,90009.9964764,63907.09749824401,64411.32449750515,36860.0,126924.66430229228,163499.95504077506,10531141.003193004,3721338.7143732235,2.82993347596061,2725.9641853652474,2129.5188647689056,1245665.969216787,973112.264236283,112395.37946871738,89998.1680723766,48030.36225893924,0.28394162819709995,64443.94169514974,0.13357930594392134,44.41422040535252,213656069.49526602,337115.7901595924,4321739.903718096,427825581462.5838,65458211572.36546,116.21784150035549,1264033456.571359,64503327.904948235,0.0,0.0,1658700000.0,10.0,0.0,50.32251663952474,80.0,30.0,30.0,57.03082465555068,21.398333333333333,38.833333333333336
2040,B_moderate,util_current_drag,fcap_none,4003012.7995504313,2208921.0,90009.9964764,63907.09749824401,63907.09749824401,36860.0,293505.7995504313,293455.63169804605,10973684.087071007,3882922.415563918,2.826140445939684,3195.678524337556,2206.5059517851205,1505168.168570137,1039266.7776480967,127046.18817775064,89914.04249103174,47991.69148193802,0.2944820484971793,63435.97106961029,0.1339610594079889,48.69349241608209,49973915.08486017,351282.1811855944,4503349.484686592,504137804392.2394,77970396857.97273,122.35425791703838,3146535431.9956923,522241017.8704635,0.0,0.0,1658700000.0,10.0,0.0,52.61120508935232,80.0,30.0,30.0,57.96982789291117,21.598333333333333,38.833333333333336
2045,B_moderate,util_current_drag,fcap_none,4168596.8438786333,3058506.0,90009.9964764,63907.09749824401,63907.09749824401,36860.0,459089.84387863334,422991.1191892661,11414426.703820283,4043538.9385622744,2.8228803721818023,3749.156491029495,2288.001266705876,1820789.6213398618,1111174.998962651,143595.79399975823,89823.14910966477,47949.40460558146,0.3056674751733493,62367.13390919426,0.13434435521534668,53.0939256859612,0.0,365390.936870984,4684220.19503953,592974871925.3029,92667219996.88353,128.52752663546545,5686180660.576512,1473887576.1149006,0.0,0.0,1658700000.0,10.0,0.0,57.3694378805745,80.0,30.0,30.0,60.386753588728965,21.798333333333332,38.833333333333336
2030,B_moderate,util_current_drag,fcap_partial,3697749.245598585,509751.0,90009.9964764,63907.09749824401,28758.193874209806,7903.710283095329,-11757.75440141512,45150.36438250939,10155743.959060766,3586816.7682306273,2.8314086320251546,2321.654202629246,2052.0040213405136,1028486.66633176,909032.3497865449,99413.23120769586,90063.48091423919,48059.95522604383,0.2734076898441648,65439.432658153026,0.13325812517908095,56.498766618811295,0.0,325098.83291651256,4167685.524912208,364793680246.10614,55289186872.90124,111.0626929001309,58655934.28700909,-463012126.31464916,0.0,0.0,355666962.7392898,-1.0,0.0,47.684939368426754,80.0,49.95,30.0,76.99584002579132,21.19833333333333,38.833333333333336
2035,B_moderate,util_current_drag,fcap_partial,3836443.2310092417,1359336.0,90009.9964764,63907.09749824401,64411.32449750515,36871.219705740914,126936.23100924166,163488.3883338257,10531169.164654415,3721349.9340789644,2.8299325113753064,2725.961698082538,2129.5169217076286,1245664.2643212841,973110.9323746411,112395.37308258536,89998.16295881956,48030.35992538828,0.2839413852501008,64443.95989832802,0.13357933013213313,44.412935378800235,213705221.76089102,337116.6916453205,4321751.460539099,427826712808.0916,65458430375.75948,116.21822997504118,1264136065.7535658,64592723.911938,0.0,18408926.314902328,1640795960.4434388,10.0,0.011095028987570442,50.32296361955969,80.0,49.95,30.0,52.042130810339515,21.398333333333333,38.833333333333336
2040,B_moderate,util_current_drag,fcap_partial,4034572.9121428747,2208921.0,90009.9964764,63907.09749824401,63907.09749824401,48584.45908442004,325065.9121428747,261851.20621611876,11050067.710855262,3913535.7247785884,2.823551000414192,3188.079113683511,2201.258820476227,1499802.3653313413,1035561.8753269332,127024.6267583218,89898.78288812276,47984.624424691705,0.2938316292734218,63483.67704240804,0.134027273135092,47.556391936833975,93468008.41610044,353727.3222846904,4534695.5804989,507601225039.76263,78649388788.60938,123.41975914766613,3453145332.1791425,683321065.5784647,0.0,194746503.68986246,1991554155.1090395,10.0,0.08907581073357551,53.41660532789233,80.0,49.95,30.0,51.64169094534334,21.598333333333333,38.833333333333336
2045,B_moderate,util_current_drag,fcap_partial,4291982.475934635,3058506.0,90009.9964764,63907.09749824401,63907.09749824401,55290.0,582475.4759346349,299157.8183998503,11712428.231481027,4163223.0016565956,2.813307917164301,3716.071989161293,2267.8107565567534,1796741.4822745593,1096499.1184612687,143491.5458188031,89757.93898308989,47918.82087510206,0.30319021790159445,62544.209904408846,0.13460513948764846,51.06629001115082,0.0,374930.3609880533,4806513.220369825,608218807618.999,95701155890.0048,132.73553326743908,7050496963.476555,2013395563.5043988,0.0,573817735.5987536,1914232264.4012465,10.0,0.23062950326510864,60.066977817521995,80.0,49.95,30.0,52.609102558370175,21.798333333333332,38.833333333333336
2030,B_moderate,util_current_drag,fcap_high,3697749.245598585,509751.0,90009.9964764,63907.09749824401,28758.193874209806,7903.710283095329,-11757.75440141512,45150.36438250939,10155743.959060766,3586816.7682306273,2.8314086320251546,2321.654202629246,2052.0040213405136,1028486.66633176,909032.3497865449,99413.23120769586,90063.48091423919,48059.95522604383,0.2734076898441648,65439.432658153026,0.13325812517908095,56.498766618811295,0.0,325098.83291651256,4167685.524912208,364793680246.10614,55289186872.90124,111.0626929001309,58655934.28700909,-463012126.31464916,0.0,0.0,355666962.7392898,-1.0,0.0,47.684939368426754,80.0,69.9,30.0,72.00834002579131,21.19833333333333,38.833333333333336
2035,B_moderate,util_current_drag,fcap_high,3836454.797716191,1359336.0,90009.9964764,63907.09749824401,64411.32449750515,36882.43941148182,126947.79771619104,163476.82162687628,10531197.326115822,3721361.1537847053,2.8299315467958186,2725.9592108020984,2129.5149786481243,1245662.559428115,973109.6005148223,112395.36669641416,89998.15784523117,48030.35759182067,0.2839411423034095,64443.97810145367,0.1335793543203586,44.411651152646435,213754343.4112739,337117.59313104855,4321763.0173601,427827844153.44025,65458649179.299736,116.21861844998647,1264238674.7062585,64682089.07417904,0.0,36868790.77228205,1622840982.7443998,10.0,0.022213998712655936,50.3234104453709,80.0,69.9,30.0,47.05343696512831,21.398333333333333,38.833333333333336
2040,B_moderate,util_current_drag,fcap_high,4064747.255351272,2208921.0,90009.9964764,63907.09749824401,63907.09749824401,55290.0,355240.25535127195,231624.80501316854,11122991.587568913,3942804.837690734,2.821086015021619,3180.870898822624,2196.2817963884895,1494718.6844491882,1032051.7687758456,127003.76491099075,89884.01839141278,47977.77341076416,0.29321543504979497,63528.63683475091,0.13409057300991514,46.89858560845588,118629100.47656253,356061.7122916582,4564621.875079102,510906505706.8407,79298722122.14647,124.43871892429067,3740992474.0638466,815840836.3059347,0.0,465029276.69438267,2023020723.3056173,10.0,0.18690511713767113,54.079204181529676,80.0,69.9,30.0,45.371052144928115,21.598333333333333,38.833333333333336
2045,B_moderate,util_current_drag,fcap_high,4324734.05429058,3058506.0,90009.9964764,63907.09749824401,63907.09749824401,55290.0,615227.0542905796,266160.2925043886,11791426.877818128,4194992.032661862,2.8108341532024497,3707.46105644271,2262.5557545276897,1790499.9506916334,1092690.0930972733,143463.13503140173,89740.16724812472,47910.455998140176,0.3025475646737179,62589.498193792446,0.13467448098911627,50.85854922823773,0.0,377459.2124271704,4838932.461752241,612255863600.3279,96508698208.74188,133.85557784074382,7403466531.343594,2147687145.360555,0.0,1224181672.8555164,1263868327.1444836,10.0,0.492024546474354,60.73843572680278,80.0,69.9,30.0,46.87588989752737,21.798333333333332,38.833333333333336
2030,B_moderate,util_severe_bottleneck,fcap_none,3691360.453061686,509751.0,90009.9964764,63907.09749824401,28758.193874209806,3254.468940098076,-18146.546938314103,51541.07413233379,10140226.138386974,3580619.6394698354,2.831975233171761,2322.8592489597245,2053.0691067064754,1029287.5187311415,909740.1866134806,99416.07247818785,90066.05496507346,48061.11174259856,0.2735417831949181,65429.22568459576,0.13324490384543633,60.31158179238455,0.0,324602.086896645,4161317.3654882354,364241641285.85803,55183605765.58259,110.85060582196238,10588768.974726185,-480252144.35418636,0.0,0.0,146451102.3044134,-1.0,0.0,47.59873927822907,80.0,30.0,0.0,93.06831338037479,21.19833333333333,49.25
2035,B_moderate,util_severe_bottleneck,fcap_none,3711164.7030728357,1359336.0,90009.9964764,63907.09749824401,64411.32449750515,8148.0,1657.7030728356913,289033.9720085916,10228443.707962593,3599829.7619806505,2.8413687269296966,2753.4082494393765,2150.958123760474,1264524.6375951804,987844.6258321595,112461.71667074926,90051.28615148392,48054.4650917201,0.28663108088990186,64239.78866635823,0.13332012579258234,61.77105748945179,0.0,327426.0482949803,4197519.842553956,415656052081.6144,63114885713.444214,112.05738146464672,212164284.37965918,-530114113.4078142,0.0,0.0,366660000.0,-1.0,0.0,47.34942943296093,80.0,30.0,0.0,74.4765751778433,21.398333333333333,49.25
2040,B_moderate,util_severe_bottleneck,fcap_none,3730850.412423107,2208921.0,90009.9964764,63907.09749824401,63907.09749824401,8148.0,21343.41242310684,566989.6486658626,10316970.496459091,3618924.9000504133,2.8508385173495507,3264.4722264736156,2254.00563363751,1554031.6736009968,1073005.344858334,127218.7062993674,90036.13825746135,48047.62140296027,0.3004134576086023,62988.07065381123,0.13339575551249502,66.7588343771711,0.0,330259.9082010665,4233849.216007159,474305587116.6895,72182083503.03938,113.27100563573701,477352645.3607788,-571275726.9315627,0.0,0.0,366660000.0,-1.0,0.0,47.143621365342185,80.0,30.0,0.0,74.03545417980716,21.598333333333333,49.25
2045,B_moderate,util_severe_bottleneck,fcap_none,3750418.2906515254,3058506.0,90009.9964764,63907.09749824401,63907.09749824401,8148.0,40911.29065152537,844525.1361570827,10405969.172594132,3637905.7419319795,2.8604284747267372,3871.278907619257,2362.529029022309,1910473.8986275694,1165906.7074226332,143911.42428524513,90020.58460138162,48040.56871641148,0.31493184002087216,61670.236253113915,0.1334719312762203,71.18917606585228,0.0,333108.8738562909,4270372.2413768,541213886538.1403,82548972815.75493,114.49372607340626,832191176.8848753,-588514324.7626518,0.0,0.0,366660000.0,-1.0,0.0,47.05742837618674,80.0,30.0,0.0,74.32037536594632,21.798333333333332,49.25
2030,B_moderate,util_severe_bottleneck,fcap_partial,3691360.453061686,509751.0,90009.9964764,63907.09749824401,28758.193874209806,3254.468940098076,-18146.546938314103,51541.07413233379,10140226.138386974,3580619.6394698354,2.831975233171761,2322.8592489597245,2053.0691067064754,1029287.5187311415,909740.1866134806,99416.07247818785,90066.05496507346,48061.11174259856,0.2735417831949181,65429.22568459576,0.13324490384543633,60.31158179238455,0.0,324602.086896645,4161317.3654882354,364241641285.85803,55183605765.58259,110.85060582196238,10588768.974726185,-480252144.35418636,0.0,0.0,146451102.3044134,-1.0,0.0,47.59873927822907,80.0,49.95,0.0,88.08081338037479,21.19833333333333,49.25
2035,B_moderate,util_severe_bottleneck,fcap_partial,3711164.7030728357,1359336.0,90009.9964764,63907.09749824401,64411.32449750515,8148.0,1657.7030728356913,289033.9720085916,10228443.707962593,3599829.7619806505,2.8413687269296966,2753.4082494393765,2150.958123760474,1264524.6375951804,987844.6258321595,112461.71667074926,90051.28615148392,48054.4650917201,0.28663108088990186,64239.78866635823,0.13332012579258234,61.77105748945179,0.0,327426.0482949803,4197519.842553956,415656052081.6144,63114885713.444214,112.05738146464672,212164284.37965918,-530114113.4078142,0.0,0.0,366660000.0,-1.0,0.0,47.34942943296093,80.0,49.95,0.0,69.48907517784332,21.398333333333333,49.25
2040,B_moderate,util_severe_bottleneck,fcap_partial,3730850.412423107,2208921.0,90009.9964764,63907.09749824401,63907.09749824401,8148.0,21343.41242310684,566989.6486658626,10316970.496459091,3618924.9000504133,2.8508385173495507,3264.4722264736156,2254.00563363751,1554031.6736009968,1073005.344858334,127218.7062993674,90036.13825746135,48047.62140296027,0.3004134576086023,62988.07065381123,0.13339575551249502,66.7588343771711,0.0,330259.9082010665,4233849.216007159,474305587116.6895,72182083503.03938,113.27100563573701,477352645.3607788,-571275726.9315627,0.0,0.0,366660000.0,-1.0,0.0,47.143621365342185,80.0,49.95,0.0,69.04795417980716,21.598333333333333,49.25
2045,B_moderate,util_severe_bottleneck,fcap_partial,3750418.2906515254,3058506.0,90009.9964764,63907.09749824401,63907.09749824401,8148.0,40911.29065152537,844525.1361570827,10405969.172594132,3637905.7419319795,2.8604284747267372,3871.278907619257,2362.529029022309,1910473.8986275694,1165906.7074226332,143911.42428524513,90020.58460138162,48040.56871641148,0.31493184002087216,61670.236253113915,0.1334719312762203,71.18917606585228,0.0,333108.8738562909,4270372.2413768,541213886538.1403,82548972815.75493,114.49372607340626,832191176.8848753,-588514324.7626518,0.0,0.0,366660000.0,-1.0,0.0,47.05742837618674,80.0,49.95,0.0,69.33287536594634,21.798333333333332,49.25
2030,B_moderate,util_severe_bottleneck,fcap_high,3691360.453061686,509751.0,90009.9964764,63907.09749824401,28758.193874209806,3254.468940098076,-18146.546938314103,51541.07413233379,10140226.138386974,3580619.6394698354,2.831975233171761,2322.8592489597245,2053.0691067064754,1029287.5187311415,909740.1866134806,99416.07247818785,90066.05496507346,48061.11174259856,0.2735417831949181,65429.22568459576,0.13324490384543633,60.31158179238455,0.0,324602.086896645,4161317.3654882354,364241641285.85803,55183605765.58259,110.85060582196238,10588768.974726185,-480252144.35418636,0.0,0.0,146451102.3044134,-1.0,0.0,47.59873927822907,80.0,69.9,0.0,83.09331338037478,21.19833333333333,49.25
2035,B_moderate,util_severe_bottleneck,fcap_high,3711164.7030728357,1359336.0,90009.9964764,63907.09749824401,64411.32449750515,8148.0,1657.7030728356913,289033.9720085916,10228443.707962593,3599829.7619806505,2.8413687269296966,2753.4082494393765,2150.958123760474,1264524.6375951804,987844.6258321595,112461.71667074926,90051.28615148392,48054.4650917201,0.28663108088990186,64239.78866635823,0.13332012579258234,61.77105748945179,0.0,327426.0482949803,4197519.842553956,415656052081.6144,63114885713.444214,112.05738146464672,212164284.37965918,-530114113.4078142,0.0,0.0,366660000.0,-1.0,0.0,47.34942943296093,80.0,69.9,0.0,64.5015751778433,21.398333333333333,49.25
2040,B_moderate,util_severe_bottleneck,fcap_high,3730850.412423107,2208921.0,90009.9964764,63907.09749824401,63907.09749824401,8148.0,21343.41242310684,566989.6486658626,10316970.496459091,3618924.9000504133,2.8508385173495507,3264.4722264736156,2254.00563363751,1554031.6736009968,1073005.344858334,127218.7062993674,90036.13825746135,48047.62140296027,0.3004134576086023,62988.07065381123,0.13339575551249502,66.7588343771711,0.0,330259.9082010665,4233849.216007159,474305587116.6895,72182083503.03938,113.27100563573701,477352645.3607788,-571275726.9315627,0.0,0.0,366660000.0,-1.0,0.0,47.143621365342185,80.0,69.9,0.0,64.06045417980715,21.598333333333333,49.25
2045,B_moderate,util_severe_bottleneck,fcap_high,3750418.2906515254,3058506.0,90009.9964764,63907.09749824401,63907.09749824401,8148.0,40911.29065152537,844525.1361570827,10405969.172594132,3637905.7419319795,2.8604284747267372,3871.278907619257,2362.529029022309,1910473.8986275694,1165906.7074226332,143911.42428524513,90020.58460138162,48040.56871641148,0.31493184002087216,61670.236253113915,0.1334719312762203,71.18917606585228,0.0,333108.8738562909,4270372.2413768,541213886538.1403,82548972815.75493,114.49372607340626,832191176.8848753,-588514324.7626518,0.0,0.0,366660000.0,-1.0,0.0,47.05742837618674,80.0,69.9,0.0,64.34537536594632,21.798333333333332,49.25
2030,C_max_central,util_improved,fcap_none,3762093.5309581785,1120199.625,301520.39906250004,256292.33920312507,99018.61199999998,47721.20345135156,52586.53095817845,125006.11199999998,10311864.296773462,3649230.725029433,2.825763859228246,2309.6097272681463,2041.3584601505988,1020493.5495873849,901967.5992806656,99384.02419034783,90037.02079804007,48048.02082365006,0.272069214470726,65540.71927623289,0.13339138933466674,38.7763152165455,429305942.96713465,349180.4746524618,4337944.348299203,379638617591.92035,63058001076.17178,126.66837413468176,543226070.4629197,140679789.47075963,0.0,0.0,2147454155.3108203,6.0,0.0,50.7033989473538,80.0,30.0,66.66666666666666,52.905129167051896,31.79,23.258333333333336
2035,C_max_central,util_improved,fcap_none,4272112.814648405,2987199.0,301520.39906250004,256292.33920312507,262545.89700038766,109125.0,562605.8146484047,732725.6759196576,11075928.584713614,4143949.4302089526,2.8026759060058586,2637.9667124144535,2060.7753795438425,1185837.9588837693,926374.7181856993,112264.74926697815,89893.56876494041,47982.20642277501,0.27509536993897654,65164.2642104143,0.1340497115968603,35.54362904030954,552956189.20816,375053.22889452614,4659367.154517117,460965853022.7843,78012325424.06046,138.5070544004167,4591869599.824987,2398018125.0902867,0.0,0.0,4910625000.0,6.0,0.0,61.99009062545143,80.0,30.0,66.66666666666666,53.49613023568182,31.990000000000002,23.258333333333336
2040,C_max_central,util_improved,fcap_none,4807693.201435451,4854198.375,301520.39906250004,256292.33920312507,256292.33920312507,109125.0,1098186.2014354514,1455921.768951563,11353069.083855104,4663462.405392388,2.7899540263301494,3021.510500543827,2086.2489302528375,1383810.3065424827,955473.3538663835,126936.20981379897,89836.20781191795,47955.50649408852,0.2786736859535252,64801.2206488839,0.1342908194011905,38.00792308580697,458696941.9678833,384437.7638583857,4775953.256441656,534408669665.9653,91033023613.9167,142.85265304618088,9891162508.988537,6347984140.434898,0.0,0.0,4910625000.0,6.0,0.0,81.73992070217449,80.0,30.0,66.66666666666666,55.61806742134834,32.19,23.258333333333336
2045,C_max_central,util_improved,fcap_none,5340067.809010068,6721197.75,301520.39906250004,256292.33920312507,256292.33920312507,109125.0,1630560.809010068,2174883.4649671884,11642369.713253016,5179865.774739766,2.779979713247921,3474.945557669043,2120.6583018617926,1624730.838961946,991526.0209851261,143516.47305804794,89773.53166213163,47926.15004265692,0.28346773432191896,64325.63203979012,0.1345437174886819,40.89033530864586,348444674.4442959,394234.0653013777,4897654.822146778,619809818159.9265,106286578621.90417,147.41729670188343,16822514594.578342,11681510192.822083,0.0,0.0,4910625000.0,6.0,0.0,100.0,80.0,30.0,66.66666666666666,57.72569875889485,32.39,23.258333333333336
2030,C_max_central,util_improved,fcap_partial,3762093.5309581785,1120199.625,301520.39906250004,256292.33920312507,99018.61199999998,47721.20345135156,52586.53095817845,125006.11199999998,10311864.296773462,3649230.725029433,2.825763859228246,2309.6097272681463,2041.3584601505988,1020493.5495873849,901967.5992806656,99384.02419034783,90037.02079804007,48048.02082365006,0.272069214470726,65540.71927623289,0.13339138933466674,38.7763152165455,429305942.96713465,349180.4746524618,4337944.348299203,379638617591.92035,63058001076.17178,126.66837413468176,543226070.4629197,140679789.47075963,0.0,40093739.999166496,2107360415.3116539,6.0,0.018670358992303317,50.7033989473538,80.0,49.95,66.66666666666666,47.9176291670519,31.79,23.258333333333336
2035,C_max_central,util_improved,fcap_partial,4272112.814648405,2987199.0,301520.39906250004,256292.33920312507,262545.89700038766,109125.0,562605.8146484047,732725.6759196576,11075928.584713614,4143949.4302089526,2.8026759060058586,2637.9667124144535,2060.7753795438425,1185837.9588837693,926374.7181856993,112264.74926697815,89893.56876494041,47982.20642277501,0.27509536993897654,65164.2642104143,0.1340497115968603,35.54362904030954,552956189.20816,375053.22889452614,4659367.154517117,460965853022.7843,78012325424.06046,138.5070544004167,4591869599.824987,2398018125.0902867,0.0,683435165.6507317,4227189834.3492684,6.0,0.13917478236491926,61.99009062545143,80.0,49.95,66.66666666666666,48.50863023568182,31.990000000000002,23.258333333333336
2040,C_max_central,util_improved,fcap_partial,4807693.201435451,4854198.375,301520.39906250004,256292.33920312507,256292.33920312507,109125.0,1098186.2014354514,1455921.768951563,11353069.083855104,4663462.405392388,2.7899540263301494,3021.510500543827,2086.2489302528375,1383810.3065424827,955473.3538663835,126936.20981379897,89836.20781191795,47955.50649408852,0.2786736859535252,64801.2206488839,0.1342908194011905,38.00792308580697,458696941.9678833,384437.7638583857,4775953.256441656,534408669665.9653,91033023613.9167,142.85265304618088,9891162508.988537,6347984140.434898,0.0,1809175480.023946,3101449519.976054,6.0,0.36842061448877605,81.73992070217449,80.0,49.95,66.66666666666666,50.630567421348346,32.19,23.258333333333336
2045,C_max_central,util_improved,fcap_partial,5340067.809010068,6721197.75,301520.39906250004,256292.33920312507,256292.33920312507,109125.0,1630560.809010068,2174883.4649671884,11642369.713253016,5179865.774739766,2.779979713247921,3474.945557669043,2120.6583018617926,1624730.838961946,991526.0209851261,143516.47305804794,89773.53166213163,47926.15004265692,0.28346773432191896,64325.63203979012,0.1345437174886819,40.89033530864586,348444674.4442959,394234.0653013777,4897654.822146778,619809818159.9265,106286578621.90417,147.41729670188343,16822514594.578342,11681510192.822083,0.0,3329230404.9542933,1581394595.0457067,6.0,0.6779647000034198,100.0,80.0,49.95,66.66666666666666,52.738198758894846,32.39,23.258333333333336
2030,C_max_central,util_improved,fcap_high,3762093.5309581785,1120199.625,301520.39906250004,256292.33920312507,99018.61199999998,47721.20345135156,52586.53095817845,125006.11199999998,10311864.296773462,3649230.725029433,2.825763859228246,2309.6097272681463,2041.3584601505988,1020493.5495873849,901967.5992806656,99384.02419034783,90037.02079804007,48048.02082365006,0.272069214470726,65540.71927623289,0.13339138933466674,38.7763152165455,429305942.96713465,349180.4746524618,4337944.348299203,379638617591.92035,63058001076.17178,126.66837413468176,543226070.4629197,140679789.47075963,0.0,80187479.99833299,2067266675.3124874,6.0,0.037340717984606635,50.7033989473538,80.0,69.9,66.66666666666666,42.930129167051895,31.79,23.258333333333336
2035,C_max_central,util_improved,fcap_high,4272112.814648405,2987199.0,301520.39906250004,256292.33920312507,262545.89700038766,109125.0,562605.8146484047,732725.6759196576,11075928.584713614,4143949.4302089526,2.8026759060058586,2637.9667124144535,2060.7753795438425,1185837.9588837693,926374.7181856993,112264.74926697815,89893.56876494041,47982.20642277501,0.27509536993897654,65164.2642104143,0.1340497115968603,35.54362904030954,552956189.20816,375053.22889452614,4659367.154517117,460965853022.7843,78012325424.06046,138.5070544004167,4591869599.824987,2398018125.0902867,0.0,1366870331.3014634,3543754668.698537,6.0,0.2783495647298385,61.99009062545143,80.0,69.9,66.66666666666666,43.52113023568182,31.990000000000002,23.258333333333336
2040,C_max_central,util_improved,fcap_high,4807693.201435451,4854198.375,301520.39906250004,256292.33920312507,256292.33920312507,109125.0,1098186.2014354514,1455921.768951563,11353069.083855104,4663462.405392388,2.7899540263301494,3021.510500543827,2086.2489302528375,1383810.3065424827,955473.3538663835,126936.20981379897,89836.20781191795,47955.50649408852,0.2786736859535252,64801.2206488839,0.1342908194011905,38.00792308580697,458696941.9678833,384437.7638583857,4775953.256441656,534408669665.9653,91033023613.9167,142.85265304618088,9891162508.988537,6347984140.434898,0.0,3618350960.047892,1292274039.952108,6.0,0.7368412289775521,81.73992070217449,80.0,69.9,66.66666666666666,45.643067421348334,32.19,23.258333333333336
2045,C_max_central,util_improved,fcap_high,5340067.809010068,6721197.75,301520.39906250004,256292.33920312507,256292.33920312507,109125.0,1630560.809010068,2174883.4649671884,11642369.713253016,5179865.774739766,2.779979713247921,3474.945557669043,2120.6583018617926,1624730.838961946,991526.0209851261,143516.47305804794,89773.53166213163,47926.15004265692,0.28346773432191896,64325.63203979012,0.1345437174886819,40.89033530864586,348444674.4442959,394234.0653013777,4897654.822146778,619809818159.9265,106286578621.90417,147.41729670188343,16822514594.578342,11681510192.822083,0.0,6658460809.9085865,0.0,6.0,1.0,100.0,80.0,69.9,66.66666666666666,47.75069875889485,32.39,23.258333333333336
2030,C_max_central,util_current_drag,fcap_none,3728854.1291177664,1120199.625,301520.39906250004,256292.33920312507,99018.61199999998,31365.75186908157,19347.129117766395,158270.11199999996,10231314.818425432,3616988.505244233,2.8286832550314043,2315.8065241706404,2046.8355256623136,1024603.3550613445,905600.0684700658,99399.23383808268,90050.79998821263,48054.24585145628,0.2727574470317072,65488.77368026487,0.13332257637302453,41.41795899839595,328263068.3113548,346452.9072336999,4304059.189970693,376702972436.10767,62442894083.73059,125.43277196966419,301694254.64802,-41832210.074635014,0.0,0.0,1411458834.1086707,-1.0,0.0,49.790838949626824,80.0,30.0,37.5,66.38415812821474,31.79,30.55
2035,C_max_central,util_current_drag,fcap_none,3896079.1823183303,2987199.0,301520.39906250004,256292.33920312507,262545.89700038766,36860.0,186572.18231833028,1109738.0329196576,10674970.991178999,3779196.8068487803,2.8246665989539044,2713.2670215375506,2119.599860680259,1236972.9022086496,966321.2541834314,112362.2572727801,89971.64619068555,48018.228948891665,0.28270237797200964,64536.447862522444,0.13370302068854092,43.56071895882272,246302499.825031,361475.9979693933,4490694.286379649,444482362004.89355,74498309780.11609,132.26809211703363,1755616214.3735821,269867892.88510364,0.0,0.0,1658700000.0,7.0,0.0,51.34933946442552,80.0,30.0,37.5,68.31148246611406,31.990000000000002,30.55
2040,C_max_central,util_current_drag,fcap_none,4062303.290352541,4854198.375,301520.39906250004,256292.33920312507,256292.33920312507,36860.0,352796.290352541,2205434.125951563,11116656.929692194,3940434.1916419645,2.821175634216067,3181.4285328241135,2196.6668234598405,1495111.7572192329,1032323.1719848927,127005.5877546629,89885.30846745319,47978.372533454174,0.2932626291321329,63525.3065859351,0.13408507108446077,48.190450674557276,69215261.69818419,376432.37260919664,4676500.554339949,523432796038.0365,88669675898.95601,139.14399350978434,3716461877.585419,757468532.8827938,0.0,0.0,1658700000.0,7.0,0.0,53.78734266441397,80.0,30.0,37.5,71.66046541969092,32.19,30.55
2045,C_max_central,util_current_drag,fcap_none,4227532.444495073,6721197.75,301520.39906250004,256292.33920312507,256292.33920312507,36860.0,518025.4444950726,3296895.8219671883,11556543.228875808,4100706.4711602204,2.8181834789082316,3733.114589835403,2278.211360538909,1809115.931480556,1104050.885245571,143546.66232845062,89792.41588750732,47935.01316296705,0.3044637573925715,62453.87956104041,0.13446856522686382,52.7008323587767,0.0,391327.80784006073,4861549.758879509,615310141836.3458,105308064146.78749,146.06011726704148,6349764356.209869,1744065406.99927,0.0,0.0,1658700000.0,7.0,0.0,58.72032703499635,80.0,30.0,37.5,74.86008791106836,32.39,30.55
2030,C_max_central,util_current_drag,fcap_partial,3728854.1291177664,1120199.625,301520.39906250004,256292.33920312507,99018.61199999998,31365.75186908157,19347.129117766395,158270.11199999996,10231314.818425432,3616988.505244233,2.8286832550314043,2315.8065241706404,2046.8355256623136,1024603.3550613445,905600.0684700658,99399.23383808268,90050.79998821263,48054.24585145628,0.2727574470317072,65488.77368026487,0.13332257637302453,41.41795899839595,328263068.3113548,346452.9072336999,4304059.189970693,376702972436.10767,62442894083.73059,125.43277196966419,301694254.64802,-41832210.074635014,0.0,0.0,1411458834.1086707,-1.0,0.0,49.790838949626824,80.0,49.95,37.5,61.39665812821474,31.79,30.55
2035,C_max_central,util_current_drag,fcap_partial,3909252.645161088,2987199.0,301520.39906250004,256292.33920312507,262545.89700038766,42476.99387654593,199745.6451610881,1096550.408325602,10706873.548354337,3791975.065806255,2.8235611686644426,2710.4932845066696,2117.4330217449274,1235076.5754783968,964839.8467726082,112354.7748071314,89965.65476822467,48015.480012067936,0.2824321828857906,64556.45850728555,0.13373050908541537,42.929290805454855,270454626.6913518,362556.28274976986,4504114.897203471,445795112117.40955,74776714960.21027,132.76238684821942,1865436289.5196302,333147637.76256263,0.0,94947076.76233035,1816517647.6822367,7.0,0.04967241903452864,51.66573818881281,80.0,49.95,37.5,63.19492112747668,31.990000000000002,30.55
2040,C_max_central,util_current_drag,fcap_partial,4143249.1486704093,4854198.375,301520.39906250004,256292.33920312507,256292.33920312507,55290.0,433742.14867040934,2124266.879215533,11312321.226337358,4018951.674210297,2.8147442774514504,3162.4279558414655,2183.5475794932545,1481737.799002256,1023088.9144774665,126948.36329092401,89844.80915820239,47959.52111016412,0.2916425689967297,63642.238204283334,0.1342552967628346,46.28494142472665,142100990.5042058,383057.9594098759,4758811.64817983,532517835425.3718,90624793144.07368,142.21204150372904,4481382959.729213,1111010706.643374,0.0,316638051.39336157,2171411948.6066384,7.0,0.12726354027988246,55.55505353321687,80.0,49.95,37.5,66.95525829699076,32.19,30.55
2045,C_max_central,util_current_drag,fcap_partial,4402766.065321367,6721197.75,301520.39906250004,256292.33920312507,256292.33920312507,55290.0,693259.0653213672,3120728.575231158,11804417.648898471,4270683.083361726,2.807547603905792,3687.2677958643108,2250.232394355116,1775891.5349671107,1083775.001459395,143458.43264123247,89737.22577274038,47909.07035071316,0.300909555646906,62734.43704047899,0.13468589189908697,50.29488072683453,0.0,399721.3344756662,4965824.3506002035,628300020960.9479,108139013284.92534,149.98658544821595,8206759011.371321,2871431823.7584496,0.0,818358069.7711581,1669691930.2288418,7.0,0.3289154437294902,64.35715911879225,80.0,49.95,37.5,70.02457214926154,32.39,30.55
2030,C_max_central,util_current_drag,fcap_high,3728854.1291177664,1120199.625,301520.39906250004,256292.33920312507,99018.61199999998,31365.75186908157,19347.129117766395,158270.11199999996,10231314.818425432,3616988.505244233,2.8286832550314043,2315.8065241706404,2046.8355256623136,1024603.3550613445,905600.0684700658,99399.23383808268,90050.79998821263,48054.24585145628,0.2727574470317072,65488.77368026487,0.13332257637302453,41.41795899839595,328263068.3113548,346452.9072336999,4304059.189970693,376702972436.10767,62442894083.73059,125.43277196966419,301694254.64802,-41832210.074635014,0.0,0.0,1411458834.1086707,-1.0,0.0,49.790838949626824,80.0,69.9,37.5,56.40915812821474,31.79,30.55
2035,C_max_central,util_current_drag,fcap_high,3925901.0227528233,2987199.0,301520.39906250004,256292.33920312507,262545.89700038766,50127.717602856275,216394.0227528233,1079885.8003265522,10747204.957668126,3808123.9920702386,2.822178316684889,2707.0009906770338,2114.7048473868595,1232690.3710773017,962975.7477082819,112345.24582359701,89958.02464084986,48011.97520837219,0.2820922121173266,64581.56647220755,0.13376528444591457,42.21471261524602,297787242.4668396,363921.9854241153,4521081.316083364,447454397298.18835,75128973370.34506,133.38780436410974,2004252737.5898936,409930218.97685724,0.0,233660224.8168086,2022087067.3117237,7.0,0.10358439778789488,52.04965109488428,80.0,69.9,37.5,58.044408478968194,31.990000000000002,30.55
2040,C_max_central,util_current_drag,fcap_high,4186718.9020997966,4854198.375,301520.39906250004,256292.33920312507,256292.33920312507,55290.0,477211.90209979657,2080581.8933584576,11417178.385888128,4061117.3350368026,2.811339206426712,3152.39171543362,2176.617901171481,1474689.7624616385,1018222.4880028276,126916.92648927042,89822.56047872444,47949.129368609625,0.2907890253278237,63703.14566466666,0.13434675741012353,45.95233104526738,154823337.51852277,386608.6338261503,4802922.442267209,537382737572.9278,91676041065.61937,143.86170168901512,4879521745.141729,1262298422.9331486,0.0,719510101.0718946,1768539898.9281054,7.0,0.2891863511874338,56.31149211466574,80.0,69.9,37.5,62.11747488582581,32.19,30.55
2045,C_max_central,util_current_drag,fcap_high,4445975.625443922,6721197.75,301520.39906250004,256292.33920312507,256292.33920312507,55290.0,736468.6254439224,3077043.5893740826,11795545.2841719,4312596.356680605,2.806003796817244,3676.264284769382,2243.517271264456,1767948.0694472853,1078927.3352670446,143461.64517998474,89739.23530477003,47910.01701999303,0.3000048659178004,62817.028049596556,0.134678098290001,49.97474493402099,966006.2736971432,399420.8983530261,4962091.967850197,627835359265.4872,108037424346.28133,149.84568368146526,8633865569.708115,3295931446.454672,0.0,1878680924.4791627,609369075.5208373,7.0,0.7550816601270725,66.47965723227335,80.0,69.9,37.5,64.57666556647419,32.39,30.55
2030,C_max_central,util_severe_bottleneck,fcap_none,3698518.6827387083,1120199.625,301520.39906250004,256292.33920312507,99018.61199999998,8148.0,-10988.317261291668,188613.24714923435,10157605.315346627,3587563.122256547,2.8313384236588925,2321.509207791761,2051.8758670317216,1028390.3193422892,908947.193086803,99412.8896404127,90063.17147113878,48059.816137815265,0.27339155397465736,65440.66106675812,0.1332597113753878,56.24781778453501,0.0,343956.95514097234,4273051.438792597,374015599815.07227,61881079395.31716,124.3042212396728,73348566.26926705,-452019060.5669581,0.0,0.0,366660000.0,-1.0,0.0,47.73990469716521,80.0,30.0,0.0,76.33802519850481,31.79,40.96666666666666
2035,C_max_central,util_severe_bottleneck,fcap_none,3718280.0863266825,2987199.0,301520.39906250004,256292.33920312507,262545.89700038766,8148.0,8773.086326682474,1288081.1680688919,10245594.836230634,3606731.6837368817,2.8406867309894603,2751.81936092115,2149.7168865895146,1263430.23098473,986989.6771372375,112458.08334582394,90048.37684516869,48053.15270193006,0.28647493206267854,64251.77420609452,0.13333476705680652,61.512682482819706,0.0,346936.457370878,4310066.437617568,426793760911.6993,70771681151.94243,125.65164591668227,281818138.6373342,-498485138.9525488,0.0,0.0,366660000.0,-1.0,0.0,47.507574305237256,80.0,30.0,0.0,74.56125924959056,31.990000000000002,40.96666666666666
2040,C_max_central,util_severe_bottleneck,fcap_none,3737923.2057160693,4854198.375,301520.39906250004,256292.33920312507,256292.33920312507,8148.0,28416.205716069322,2531777.261100798,10334010.909002705,3625785.509544587,2.8501440258391613,3262.6012494507913,2252.713788445613,1552695.8646057555,1072083.014756604,127214.53382663963,90033.18528503833,48046.28433835736,0.30025112824526057,63000.61982369098,0.13341032973427044,66.56699998317463,0.0,349930.40350602235,4347260.8761926005,487002472374.46106,80936330743.43301,127.00851971652007,560012473.6460859,-530804456.92108655,0.0,0.0,366660000.0,-1.0,0.0,47.34597771539457,80.0,30.0,0.0,75.0377799845551,32.19,40.96666666666666
2045,C_max_central,util_severe_bottleneck,fcap_none,3757448.7489108094,6721197.75,301520.39906250004,256292.33920312507,256292.33920312507,8148.0,47941.7489108094,3771238.957116423,10422899.102825733,3644725.286443485,2.8597214559883537,3869.0745521748636,2361.1837749468627,1908842.358735044,1164911.02603411,143906.63606203988,90017.5894350543,48039.2077622659,0.31476298662501795,61683.384135691944,0.13348643795353102,71.05136799883162,0.0,352940.33660995547,4384653.9243289875,555687970972.6243,92557658876.56789,128.3755676168389,930614172.8488622,-536962409.095334,0.0,0.0,366660000.0,-1.0,0.0,47.31518795452333,80.0,30.0,0.0,75.61847968030551,32.39,40.96666666666666
2030,C_max_central,util_severe_bottleneck,fcap_partial,3698518.6827387083,1120199.625,301520.39906250004,256292.33920312507,99018.61199999998,8148.0,-10988.317261291668,188613.24714923435,10157605.315346627,3587563.122256547,2.8313384236588925,2321.509207791761,2051.8758670317216,1028390.3193422892,908947.193086803,99412.8896404127,90063.17147113878,48059.816137815265,0.27339155397465736,65440.66106675812,0.1332597113753878,56.24781778453501,0.0,343956.95514097234,4273051.438792597,374015599815.07227,61881079395.31716,124.3042212396728,73348566.26926705,-452019060.5669581,0.0,0.0,366660000.0,-1.0,0.0,47.73990469716521,80.0,49.95,0.0,71.35052519850481,31.79,40.96666666666666
2035,C_max_central,util_severe_bottleneck,fcap_partial,3718280.0863266825,2987199.0,301520.39906250004,256292.33920312507,262545.89700038766,8148.0,8773.086326682474,1288081.1680688919,10245594.836230634,3606731.6837368817,2.8406867309894603,2751.81936092115,2149.7168865895146,1263430.23098473,986989.6771372375,112458.08334582394,90048.37684516869,48053.15270193006,0.28647493206267854,64251.77420609452,0.13333476705680652,61.512682482819706,0.0,346936.457370878,4310066.437617568,426793760911.6993,70771681151.94243,125.65164591668227,281818138.6373342,-498485138.9525488,0.0,0.0,366660000.0,-1.0,0.0,47.507574305237256,80.0,49.95,0.0,69.57375924959055,31.990000000000002,40.96666666666666
2040,C_max_central,util_severe_bottleneck,fcap_partial,3737923.2057160693,4854198.375,301520.39906250004,256292.33920312507,256292.33920312507,8148.0,28416.205716069322,2531777.261100798,10334010.909002705,3625785.509544587,2.8501440258391613,3262.6012494507913,2252.713788445613,1552695.8646057555,1072083.014756604,127214.53382663963,90033.18528503833,48046.28433835736,0.30025112824526057,63000.61982369098,0.13341032973427044,66.56699998317463,0.0,349930.40350602235,4347260.8761926005,487002472374.46106,80936330743.43301,127.00851971652007,560012473.6460859,-530804456.92108655,0.0,0.0,366660000.0,-1.0,0.0,47.34597771539457,80.0,49.95,0.0,70.05027998455509,32.19,40.96666666666666
2045,C_max_central,util_severe_bottleneck,fcap_partial,3757448.7489108094,6721197.75,301520.39906250004,256292.33920312507,256292.33920312507,8148.0,47941.7489108094,3771238.957116423,10422899.102825733,3644725.286443485,2.8597214559883537,3869.0745521748636,2361.1837749468627,1908842.358735044,1164911.02603411,143906.63606203988,90017.5894350543,48039.2077622659,0.31476298662501795,61683.384135691944,0.13348643795353102,71.05136799883162,0.0,352940.33660995547,4384653.9243289875,555687970972.6243,92557658876.56789,128.3755676168389,930614172.8488622,-536962409.095334,0.0,0.0,366660000.0,-1.0,0.0,47.31518795452333,80.0,49.95,0.0,70.63097968030551,32.39,40.96666666666666
2030,C_max_central,util_severe_bottleneck,fcap_high,3698518.6827387083,1120199.625,301520.39906250004,256292.33920312507,99018.61199999998,8148.0,-10988.317261291668,188613.24714923435,10157605.315346627,3587563.122256547,2.8313384236588925,2321.509207791761,2051.8758670317216,1028390.3193422892,908947.193086803,99412.8896404127,90063.17147113878,48059.816137815265,0.27339155397465736,65440.66106675812,0.1332597113753878,56.24781778453501,0.0,343956.95514097234,4273051.438792597,374015599815.07227,61881079395.31716,124.3042212396728,73348566.26926705,-452019060.5669581,0.0,0.0,366660000.0,-1.0,0.0,47.73990469716521,80.0,69.9,0.0,66.3630251985048,31.79,40.96666666666666
2035,C_max_central,util_severe_bottleneck,fcap_high,3718280.0863266825,2987199.0,301520.39906250004,256292.33920312507,262545.89700038766,8148.0,8773.086326682474,1288081.1680688919,10245594.836230634,3606731.6837368817,2.8406867309894603,2751.81936092115,2149.7168865895146,1263430.23098473,986989.6771372375,112458.08334582394,90048.37684516869,48053.15270193006,0.28647493206267854,64251.77420609452,0.13333476705680652,61.512682482819706,0.0,346936.457370878,4310066.437617568,426793760911.6993,70771681151.94243,125.65164591668227,281818138.6373342,-498485138.9525488,0.0,0.0,366660000.0,-1.0,0.0,47.507574305237256,80.0,69.9,0.0,64.58625924959055,31.990000000000002,40.96666666666666
2040,C_max_central,util_severe_bottleneck,fcap_high,3737923.2057160693,4854198.375,301520.39906250004,256292.33920312507,256292.33920312507,8148.0,28416.205716069322,2531777.261100798,10334010.909002705,3625785.509544587,2.8501440258391613,3262.6012494507913,2252.713788445613,1552695.8646057555,1072083.014756604,127214.53382663963,90033.18528503833,48046.28433835736,0.30025112824526057,63000.61982369098,0.13341032973427044,66.56699998317463,0.0,349930.40350602235,4347260.8761926005,487002472374.46106,80936330743.43301,127.00851971652007,560012473.6460859,-530804456.92108655,0.0,0.0,366660000.0,-1.0,0.0,47.34597771539457,80.0,69.9,0.0,65.06277998455509,32.19,40.96666666666666
2045,C_max_central,util_severe_bottleneck,fcap_high,3757448.7489108094,6721197.75,301520.39906250004,256292.33920312507,256292.33920312507,8148.0,47941.7489108094,3771238.957116423,10422899.102825733,3644725.286443485,2.8597214559883537,3869.0745521748636,2361.1837749468627,1908842.358735044,1164911.02603411,143906.63606203988,90017.5894350543,48039.2077622659,0.31476298662501795,61683.384135691944,0.13348643795353102,71.05136799883162,0.0,352940.33660995547,4384653.9243289875,555687970972.6243,92557658876.56789,128.3755676168389,930614172.8488622,-536962409.095334,0.0,0.0,366660000.0,-1.0,0.0,47.31518795452333,80.0,69.9,0.0,65.64347968030552,32.39,40.96666666666666
2030,D_max_high_build,util_improved,fcap_none,3802526.36071111,1477945.875,421214.57437499997,374880.97119375004,168696.4370371875,75454.16747702203,93019.36071110982,210870.5462964844,10439729.805282123,3688450.5698897764,2.8303835465508485,2303.028005285361,2035.5411769562602,1016134.4901038827,898114.8258662273,99359.27622680823,90014.60036451388,48037.84870246762,0.2713614683013656,65588.10624103877,0.13350086463623406,35.9350115636638,537985807.6898596,364312.8978265021,4454477.079776336,389786604737.8461,68010401585.968445,136.61655691773478,854004049.8290662,313450752.756963,0.0,0.0,3395437536.465991,6.0,0.0,51.56725376378481,80.0,30.0,74.16666666666666,53.46407228323625,34.52333333333333,11.741666666666667
2035,D_max_high_build,util_improved,fcap_none,4340917.51228643,3941189.0,421214.57437499997,374880.97119375004,374880.97119375004,109125.0,631410.5122864302,1290349.2001251094,11352394.737166386,4210689.9869178375,2.8039193388609935,2627.2720308250123,2052.4207113792054,1178633.9463261664,920746.955089688,112193.29164521706,89836.35062053175,47955.57317855705,0.2741545974032653,65207.30208398129,0.13429023132766008,35.22825030132027,565019425.9744996,396161.9602333809,4843897.600845484,479059462817.8977,85446139822.1113,151.70542696060537,5140486658.550724,2373294277.0491476,0.0,0.0,4910625000.0,6.0,0.0,61.86647138524574,80.0,30.0,74.16666666666666,59.16262868388865,34.72333333333333,11.741666666666667
2040,D_max_high_build,util_improved,fcap_none,4876086.060487064,6404432.125,421214.57437499997,374880.97119375004,374880.97119375004,109125.0,1166579.0604870636,2602254.0560938595,11645605.919240626,4729803.478672451,2.791432852195327,3012.282954659851,2079.8776276458007,1377476.0149588638,951099.7437009196,126846.63728217258,89772.81489529289,47925.81334660487,0.27801881405701884,64814.28336354328,0.13454655323934153,37.85432814777726,464571948.3475199,406394.0847623657,4969006.441250815,555800133540.1096,99805628080.44374,156.61897401870078,10505789792.586271,6276041850.411211,0.0,0.0,4910625000.0,6.0,0.0,81.38020925205606,80.0,30.0,74.16666666666666,61.91186739676546,34.92333333333333,11.741666666666667
2045,D_max_high_build,util_improved,fcap_none,5408051.294583421,8867675.25,421214.57437499997,374880.97119375004,374880.97119375004,109125.0,1698544.2945834212,3914158.9120626086,11955515.751483215,5245809.7557459185,2.781658012913146,3467.5065087247117,2116.1184664485627,1619516.376827597,988343.7862618952,143403.11510314126,89702.62311945965,47892.74679326984,0.28308449312084866,64309.201522076895,0.1348187817823152,40.87736597087592,348940751.61399597,417208.9383222823,5101240.346751269,645299183874.1053,116689597487.5529,161.84606972851446,17529011568.489727,11558781548.633347,0.0,0.0,4910625000.0,6.0,0.0,100.0,80.0,30.0,74.16666666666666,64.35565777803167,35.123333333333335,11.741666666666667
2030,D_max_high_build,util_improved,fcap_partial,3802526.36071111,1477945.875,421214.57437499997,374880.97119375004,168696.4370371875,75454.16747702203,93019.36071110982,210870.5462964844,10439729.805282123,3688450.5698897764,2.8303835465508485,2303.028005285361,2035.5411769562602,1016134.4901038827,898114.8258662273,99359.27622680823,90014.60036451388,48037.84870246762,0.2713614683013656,65588.10624103877,0.13350086463623406,35.9350115636638,537985807.6898596,364312.8978265021,4454477.079776336,389786604737.8461,68010401585.968445,136.61655691773478,854004049.8290662,313450752.756963,0.0,89333464.53573446,3306104071.9302564,6.0,0.026309853612772896,51.56725376378481,80.0,49.95,74.16666666666666,48.476572283236244,34.52333333333333,11.741666666666667
2035,D_max_high_build,util_improved,fcap_partial,4340917.51228643,3941189.0,421214.57437499997,374880.97119375004,374880.97119375004,109125.0,631410.5122864302,1290349.2001251094,11352394.737166386,4210689.9869178375,2.8039193388609935,2627.2720308250123,2052.4207113792054,1178633.9463261664,920746.955089688,112193.29164521706,89836.35062053175,47955.57317855705,0.2741545974032653,65207.30208398129,0.13429023132766008,35.22825030132027,565019425.9744996,396161.9602333809,4843897.600845484,479059462817.8977,85446139822.1113,151.70542696060537,5140486658.550724,2373294277.0491476,0.0,676388868.959007,4234236131.0409927,6.0,0.13773987404027124,61.86647138524574,80.0,49.95,74.16666666666666,54.17512868388865,34.72333333333333,11.741666666666667
2040,D_max_high_build,util_improved,fcap_partial,4876086.060487064,6404432.125,421214.57437499997,374880.97119375004,374880.97119375004,109125.0,1166579.0604870636,2602254.0560938595,11645605.919240626,4729803.478672451,2.791432852195327,3012.282954659851,2079.8776276458007,1377476.0149588638,951099.7437009196,126846.63728217258,89772.81489529289,47925.81334660487,0.27801881405701884,64814.28336354328,0.13454655323934153,37.85432814777726,464571948.3475199,406394.0847623657,4969006.441250815,555800133540.1096,99805628080.44374,156.61897401870078,10505789792.586271,6276041850.411211,0.0,1788671927.367195,3121953072.632805,6.0,0.3642452696687682,81.38020925205606,80.0,49.95,74.16666666666666,56.92436739676545,34.92333333333333,11.741666666666667
2045,D_max_high_build,util_improved,fcap_partial,5408051.294583421,8867675.25,421214.57437499997,374880.97119375004,374880.97119375004,109125.0,1698544.2945834212,3914158.9120626086,11955515.751483215,5245809.7557459185,2.781658012913146,3467.5065087247117,2116.1184664485627,1619516.376827597,988343.7862618952,143403.11510314126,89702.62311945965,47892.74679326984,0.28308449312084866,64309.201522076895,0.1348187817823152,40.87736597087592,348940751.61399597,417208.9383222823,5101240.346751269,645299183874.1053,116689597487.5529,161.84606972851446,17529011568.489727,11558781548.633347,0.0,3294252741.3605037,1616372258.6394963,6.0,0.670841846274253,100.0,80.0,49.95,74.16666666666666,59.36815777803167,35.123333333333335,11.741666666666667
2030,D_max_high_build,util_improved,fcap_high,3802526.36071111,1477945.875,421214.57437499997,374880.97119375004,168696.4370371875,75454.16747702203,93019.36071110982,210870.5462964844,10439729.805282123,3688450.5698897764,2.8303835465508485,2303.028005285361,2035.5411769562602,1016134.4901038827,898114.8258662273,99359.27622680823,90014.60036451388,48037.84870246762,0.2713614683013656,65588.10624103877,0.13350086463623406,35.9350115636638,537985807.6898596,364312.8978265021,4454477.079776336,389786604737.8461,68010401585.968445,136.61655691773478,854004049.8290662,313450752.756963,0.0,178666929.07146892,3216770607.394522,6.0,0.05261970722554579,51.56725376378481,80.0,69.9,74.16666666666666,43.48907228323624,34.52333333333333,11.741666666666667
2035,D_max_high_build,util_improved,fcap_high,4340917.51228643,3941189.0,421214.57437499997,374880.97119375004,374880.97119375004,109125.0,631410.5122864302,1290349.2001251094,11352394.737166386,4210689.9869178375,2.8039193388609935,2627.2720308250123,2052.4207113792054,1178633.9463261664,920746.955089688,112193.29164521706,89836.35062053175,47955.57317855705,0.2741545974032653,65207.30208398129,0.13429023132766008,35.22825030132027,565019425.9744996,396161.9602333809,4843897.600845484,479059462817.8977,85446139822.1113,151.70542696060537,5140486658.550724,2373294277.0491476,0.0,1352777737.918014,3557847262.081986,6.0,0.2754797480805425,61.86647138524574,80.0,69.9,74.16666666666666,49.18762868388865,34.72333333333333,11.741666666666667
2040,D_max_high_build,util_improved,fcap_high,4876086.060487064,6404432.125,421214.57437499997,374880.97119375004,374880.97119375004,109125.0,1166579.0604870636,2602254.0560938595,11645605.919240626,4729803.478672451,2.791432852195327,3012.282954659851,2079.8776276458007,1377476.0149588638,951099.7437009196,126846.63728217258,89772.81489529289,47925.81334660487,0.27801881405701884,64814.28336354328,0.13454655323934153,37.85432814777726,464571948.3475199,406394.0847623657,4969006.441250815,555800133540.1096,99805628080.44374,156.61897401870078,10505789792.586271,6276041850.411211,0.0,3577343854.73439,1333281145.2656102,6.0,0.7284905393375364,81.38020925205606,80.0,69.9,74.16666666666666,51.93686739676545,34.92333333333333,11.741666666666667
2045,D_max_high_build,util_improved,fcap_high,5408051.294583421,8867675.25,421214.57437499997,374880.97119375004,374880.97119375004,109125.0,1698544.2945834212,3914158.9120626086,11955515.751483215,5245809.7557459185,2.781658012913146,3467.5065087247117,2116.1184664485627,1619516.376827597,988343.7862618952,143403.11510314126,89702.62311945965,47892.74679326984,0.28308449312084866,64309.201522076895,0.1348187817823152,40.87736597087592,348940751.61399597,417208.9383222823,5101240.346751269,645299183874.1053,116689597487.5529,161.84606972851446,17529011568.489727,11558781548.633347,0.0,6588505482.721007,0.0,6.0,1.0,100.0,80.0,69.9,74.16666666666666,54.38065777803166,35.123333333333335,11.741666666666667
2030,D_max_high_build,util_current_drag,fcap_none,3738782.1569679845,1477945.875,421214.57437499997,374880.97119375004,168696.4370371875,36860.0,29275.156967984512,274650.7299755875,10285306.124438016,3626618.6922589447,2.8360594253793785,2314.8641143059226,2046.002572662697,1023977.9802366799,905047.328249923,99389.071813315,90041.59369532188,48050.0890717235,0.272674325990167,65489.56282336952,0.1333686877611357,40.22266893956833,373982913.0615114,358924.0094442676,4388586.797199603,384080740770.39087,66755229565.51279,134.09521789053656,387191031.1417144,-10492448.876182243,0.0,0.0,1658700000.0,-1.0,0.0,49.94753775561909,80.0,30.0,45.0,67.208874357268,34.52333333333333,19.03333333333333
2035,D_max_high_build,util_current_drag,fcap_none,3905947.7847935944,3941189.0,421214.57437499997,374880.97119375004,374880.97119375004,36860.0,196440.7847935944,1726629.3838042128,10732914.223104587,3788769.3512497866,2.8328233334035398,2713.514828635785,2119.793447189336,1237142.368204036,966453.6407481743,112348.63111351783,89960.73533850227,48013.22084008538,0.282762488218402,64523.21397223024,0.13375295930087244,43.596533164659064,244932606.45179078,374544.0883694255,4579574.500274418,453250694656.3337,79658140829.43388,141.42911886453788,1851177358.9814095,244098170.35535997,0.0,0.0,1658700000.0,7.0,0.0,51.2204908517768,80.0,30.0,45.0,70.18534653710543,34.72333333333333,19.03333333333333
2040,D_max_high_build,util_current_drag,fcap_none,4072112.8231504024,6404432.125,421214.57437499997,374880.97119375004,374880.97119375004,36860.0,362605.8231504024,3411034.239772963,11178963.84628805,3949949.4384558904,2.830153656513162,3183.493713452763,2198.092759552574,1496567.790334484,1033328.5127005908,126987.57114934138,89872.55762589187,47972.44683283998,0.29349463074623533,63495.44451126098,0.13413921418793223,48.372612272097506,62247580.59227042,390109.7815269406,4769897.225093243,533846229376.33887,94831879786.10118,148.81396973317763,3831774184.867662,721184987.5415409,0.0,0.0,1658700000.0,7.0,0.0,53.605924937707705,80.0,30.0,45.0,73.56677816047137,34.92333333333333,19.03333333333333
2045,D_max_high_build,util_current_drag,fcap_none,4237283.2611840125,8867675.25,421214.57437499997,374880.97119375004,374880.97119375004,36860.0,527776.2611840125,5095439.0957417125,11623509.137358936,4110164.763348492,2.8279910433297157,3737.8597999139806,2281.107224367626,1812566.4132607845,1106156.6140149082,143523.14026591563,89777.70218544407,47928.108702643614,0.30490072730831846,62404.41549303256,0.1345271936871351,52.960160592100856,0.0,405622.97834581014,4959578.073825156,627662021937.3573,112653145733.92656,156.24759423421966,6492849665.494131,1712588139.4542873,0.0,0.0,1658700000.0,7.0,0.0,58.562940697271436,80.0,30.0,45.0,76.80354250859003,35.123333333333335,19.03333333333333
2030,D_max_high_build,util_current_drag,fcap_partial,3738782.1569679845,1477945.875,421214.57437499997,374880.97119375004,168696.4370371875,36860.0,29275.156967984512,274650.7299755875,10285306.124438016,3626618.6922589447,2.8360594253793785,2314.8641143059226,2046.002572662697,1023977.9802366799,905047.328249923,99389.071813315,90041.59369532188,48050.0890717235,0.272674325990167,65489.56282336952,0.1333686877611357,40.22266893956833,373982913.0615114,358924.0094442676,4388586.797199603,384080740770.39087,66755229565.51279,134.09521789053656,387191031.1417144,-10492448.876182243,0.0,0.0,1658700000.0,-1.0,0.0,49.94753775561909,80.0,49.95,45.0,62.221374357268,34.52333333333333,19.03333333333333
2035,D_max_high_build,util_current_drag,fcap_partial,3917440.9342928855,3941189.0,421214.57437499997,374880.97119375004,374880.97119375004,41835.01819420186,207933.93429288547,1715124.0991260111,10760690.843962502,3799917.7062640986,2.8318220750474907,2711.09962527482,2117.906694183908,1235491.0309375285,965163.6187148684,112342.0423022537,89955.45949045275,48010.79595222634,0.2825273804854974,64540.579160245856,0.133776918553246,43.044537567118894,266046438.05770227,375513.4028464587,4591426.3703201935,454409670735.43604,79915916729.15813,141.886787321056,1946984521.2851155,299455274.12569094,0.0,85344753.1258219,1797231065.613262,7.0,0.045334032380690156,51.497276370628455,80.0,49.95,45.0,65.18600784012281,34.72333333333333,19.03333333333333
2040,D_max_high_build,util_current_drag,fcap_partial,4147380.541359055,6404432.125,421214.57437499997,374880.97119375004,374880.97119375004,55290.0,437873.54135905486,3335568.436752318,11360420.10743089,4022959.125118283,2.8238964787137557,3165.8300546809683,2185.8966115628928,1484129.4933140457,1024740.297022245,126934.00874273296,89834.65005406474,47954.77903501442,0.29198933065324334,63603.89071531003,0.1342972304008926,46.521301606108636,133060213.56634466,396442.0197705265,4847321.906700782,542389487872.379,96759899733.63766,151.83949556652408,4544368324.598102,1055371869.9649664,0.0,300780982.9400154,2187269017.0599847,7.0,0.12089024856414275,55.27685934982483,80.0,49.95,45.0,69.17026835937357,34.92333333333333,19.03333333333333
2045,D_max_high_build,util_current_drag,fcap_partial,4406872.729074589,8867675.25,421214.57437499997,374880.97119375004,374880.97119375004,55290.0,697365.729074589,4924973.2927210685,12031665.12307244,4274666.5472023515,2.8146441342768185,3693.4333111813858,2253.995029200878,1780347.6239576435,1086494.4230891103,143374.80724899736,89684.91577209996,47884.377671470094,0.3015885126005199,62636.97542168943,0.13488586991687762,50.66877048718138,0.0,419866.3057780282,5133732.148427203,649340042154.4908,117619388299.73393,163.13567044581265,8336057229.82678,2425744943.8982306,0.0,691337309.0109956,1796712690.9890044,7.0,0.27786310926669305,62.12872471949115,80.0,49.95,45.0,73.6598786618087,35.123333333333335,19.03333333333333
2030,D_max_high_build,util_current_drag,fcap_high,3738782.1569679845,1477945.875,421214.57437499997,374880.97119375004,168696.4370371875,36860.0,29275.156967984512,274650.7299755875,10285306.124438016,3626618.6922589447,2.8360594253793785,2314.8641143059226,2046.002572662697,1023977.9802366799,905047.328249923,99389.071813315,90041.59369532188,48050.0890717235,0.272674325990167,65489.56282336952,0.1333686877611357,40.22266893956833,373982913.0615114,358924.0094442676,4388586.797199603,384080740770.39087,66755229565.51279,134.09521789053656,387191031.1417144,-10492448.876182243,0.0,0.0,1658700000.0,-1.0,0.0,49.94753775561909,80.0,69.9,45.0,57.23387435726799,34.52333333333333,19.03333333333333
2035,D_max_high_build,util_current_drag,fcap_high,3931899.013290646,3941189.0,421214.57437499997,374880.97119375004,374880.97119375004,48560.23327738134,222392.01329064602,1700652.1484303302,10795649.050314503,3813942.0428919266,2.8305750137012273,2708.071293673368,2115.540966376958,1233421.521124601,963546.9209566537,112333.69807439279,89948.77803054744,48007.72206107585,0.2822327568241339,64562.28643402395,0.13380709056551954,42.419474174485295,289955112.8259375,376733.3314936992,4606342.515838278,455868066628.1478,80240576493.13501,142.46320479542734,2067569410.8484552,366471696.8559234,0.0,208888867.20787632,1976321630.274284,7.0,0.09559210311709647,51.83235848427962,80.0,69.9,45.0,60.18372758381299,34.72333333333333,19.03333333333333
2040,D_max_high_build,util_current_drag,fcap_high,4191096.027266635,6404432.125,421214.57437499997,374880.97119375004,374880.97119375004,55290.0,481589.0272666351,3291649.5987984235,11465475.531570531,4065363.146448636,2.8202832363417234,3155.726174810838,2178.9202305221293,1477030.1726859023,1019838.4606515556,126902.26953650011,89812.18735464192,47944.27639566944,0.29113023005462013,63665.14458837637,0.1343889383670291,46.188240877763725,145799786.4255375,400108.11522649694,4892147.490088911,547331977475.2362,97879672971.34923,153.59668841222842,4945120316.160669,1208701091.4179134,0.0,688959622.1082107,1799090377.8917894,7.0,0.2769074665333135,56.043505457089566,80.0,69.9,45.0,64.52350149709336,34.92333333333333,19.03333333333333
2045,D_max_high_build,util_current_drag,fcap_high,4450326.550814768,8867675.25,421214.57437499997,374880.97119375004,374880.97119375004,55290.0,740819.5508147683,4881054.454767174,12136124.360916838,4316816.754290326,2.811359631806282,3682.327116582216,2247.217241351269,1772323.3764401202,1081597.4579908587,143335.51570032924,89660.3378193866,47872.74459126884,0.30076405634938885,62693.730923171366,0.13497802242157078,50.39448416107115,0.0,423511.5962552382,5178303.348010678,654880458761.5217,118897238932.91426,164.90802297023018,8795313320.944382,2595756981.84597,0.0,1479581479.6522028,1008468520.3477972,7.0,0.5946751390254227,62.97878490922985,80.0,69.9,45.0,69.14370417888671,35.123333333333335,19.03333333333333
2030,D_max_high_build,util_severe_bottleneck,fcap_none,3699821.3791172765,1477945.875,421214.57437499997,374880.97119375004,168696.4370371875,8148.0,-9685.62088272348,313622.7542554313,10190751.829018602,3588826.737743758,2.8395775482394496,2322.182109586768,2052.4706141683787,1028837.4783493427,909342.4164924304,99406.78000116906,90057.6364395265,48057.32625918037,0.27348760575744513,65427.98906950595,0.13328796873763912,55.902197033219736,0.0,355624.36951021873,4348241.888892966,380584880738.4899,65989000113.98831,132.55604701321246,94944273.1845673,-488864662.0919391,0.0,0.0,366660000.0,-1.0,0.0,47.555676689540306,80.0,30.0,3.3333333333333437,75.52370609647551,34.52333333333333,29.449999999999996
2035,D_max_high_build,util_severe_bottleneck,fcap_none,3719574.9852633113,3941189.0,421214.57437499997,374880.97119375004,374880.97119375004,8148.0,10067.985263311304,1913601.4080840566,10284351.485767594,3607987.735705412,2.850439701884646,2753.928832231399,2151.3648022055677,1264883.2772271927,988124.794539483,112449.81672365627,90041.75752634302,48050.163127258675,0.286715612130448,64225.37989987621,0.1333678719873397,61.31572557842233,0.0,358890.69563376816,4388179.4671100145,434512180733.3863,75518652415.93808,134.0796603813899,307545642.3000194,-549812698.7896278,0.0,0.0,366660000.0,-1.0,0.0,47.25093650605186,80.0,30.0,3.3333333333333437,74.89022741496044,34.72333333333333,29.449999999999996
2040,D_max_high_build,util_severe_bottleneck,fcap_none,3739210.3538832604,6404432.125,421214.57437499997,374880.97119375004,374880.97119375004,8148.0,29703.353883260395,3746006.2640528064,10378718.405361537,3627034.0432667625,2.861489106954654,3266.9299712798547,2255.702621773718,1555786.9950462678,1074217.3338574744,127203.50701537846,90025.3813108263,48042.74639990017,0.30067555468414786,62956.949849541685,0.13344859172940116,66.51654183475081,0.0,362183.7967558715,4428444.4249451915,496074732519.18726,86423545855.75296,135.61927662111847,590872318.5458148,-600269695.3671947,0.0,0.0,366660000.0,-1.0,0.0,46.99865152316403,80.0,30.0,3.3333333333333437,75.46857006223016,34.92333333333333,29.449999999999996
2045,D_max_high_build,util_severe_bottleneck,fcap_none,3758728.1927017025,8867675.25,421214.57437499997,374880.97119375004,374880.97119375004,8148.0,49221.19270170247,5578411.120021557,10473924.754347349,3645966.3469206514,2.872743124245655,3876.7185984053244,2365.8487142471827,1914502.03920386,1168364.9645700941,143892.0931307317,90008.49242844289,48035.06890149628,0.3154167324104057,61618.30785747669,0.13353019071300745,71.1230006424426,0.0,365506.19125624956,4469067.554788256,566356273612.4033,98902793587.89964,137.17613885059055,968037239.9255583,-628859645.6626904,0.0,0.0,366660000.0,-1.0,0.0,46.85570177168655,80.0,30.0,3.3333333333333437,76.11426141769925,35.123333333333335,29.449999999999996
2030,D_max_high_build,util_severe_bottleneck,fcap_partial,3699821.3791172765,1477945.875,421214.57437499997,374880.97119375004,168696.4370371875,8148.0,-9685.62088272348,313622.7542554313,10190751.829018602,3588826.737743758,2.8395775482394496,2322.182109586768,2052.4706141683787,1028837.4783493427,909342.4164924304,99406.78000116906,90057.6364395265,48057.32625918037,0.27348760575744513,65427.98906950595,0.13328796873763912,55.902197033219736,0.0,355624.36951021873,4348241.888892966,380584880738.4899,65989000113.98831,132.55604701321246,94944273.1845673,-488864662.0919391,0.0,0.0,366660000.0,-1.0,0.0,47.555676689540306,80.0,49.95,3.3333333333333437,70.53620609647551,34.52333333333333,29.449999999999996
2035,D_max_high_build,util_severe_bottleneck,fcap_partial,3719574.9852633113,3941189.0,421214.57437499997,374880.97119375004,374880.97119375004,8148.0,10067.985263311304,1913601.4080840566,10284351.485767594,3607987.735705412,2.850439701884646,2753.928832231399,2151.3648022055677,1264883.2772271927,988124.794539483,112449.81672365627,90041.75752634302,48050.163127258675,0.286715612130448,64225.37989987621,0.1333678719873397,61.31572557842233,0.0,358890.69563376816,4388179.4671100145,434512180733.3863,75518652415.93808,134.0796603813899,307545642.3000194,-549812698.7896278,0.0,0.0,366660000.0,-1.0,0.0,47.25093650605186,80.0,49.95,3.3333333333333437,69.90272741496045,34.72333333333333,29.449999999999996
2040,D_max_high_build,util_severe_bottleneck,fcap_partial,3739210.3538832604,6404432.125,421214.57437499997,374880.97119375004,374880.97119375004,8148.0,29703.353883260395,3746006.2640528064,10378718.405361537,3627034.0432667625,2.861489106954654,3266.9299712798547,2255.702621773718,1555786.9950462678,1074217.3338574744,127203.50701537846,90025.3813108263,48042.74639990017,0.30067555468414786,62956.949849541685,0.13344859172940116,66.51654183475081,0.0,362183.7967558715,4428444.4249451915,496074732519.18726,86423545855.75296,135.61927662111847,590872318.5458148,-600269695.3671947,0.0,0.0,366660000.0,-1.0,0.0,46.99865152316403,80.0,49.95,3.3333333333333437,70.48107006223015,34.92333333333333,29.449999999999996
2045,D_max_high_build,util_severe_bottleneck,fcap_partial,3758728.1927017025,8867675.25,421214.57437499997,374880.97119375004,374880.97119375004,8148.0,49221.19270170247,5578411.120021557,10473924.754347349,3645966.3469206514,2.872743124245655,3876.7185984053244,2365.8487142471827,1914502.03920386,1168364.9645700941,143892.0931307317,90008.49242844289,48035.06890149628,0.3154167324104057,61618.30785747669,0.13353019071300745,71.1230006424426,0.0,365506.19125624956,4469067.554788256,566356273612.4033,98902793587.89964,137.17613885059055,968037239.9255583,-628859645.6626904,0.0,0.0,366660000.0,-1.0,0.0,46.85570177168655,80.0,49.95,3.3333333333333437,71.12676141769926,35.123333333333335,29.449999999999996
2030,D_max_high_build,util_severe_bottleneck,fcap_high,3699821.3791172765,1477945.875,421214.57437499997,374880.97119375004,168696.4370371875,8148.0,-9685.62088272348,313622.7542554313,10190751.829018602,3588826.737743758,2.8395775482394496,2322.182109586768,2052.4706141683787,1028837.4783493427,909342.4164924304,99406.78000116906,90057.6364395265,48057.32625918037,0.27348760575744513,65427.98906950595,0.13328796873763912,55.902197033219736,0.0,355624.36951021873,4348241.888892966,380584880738.4899,65989000113.98831,132.55604701321246,94944273.1845673,-488864662.0919391,0.0,0.0,366660000.0,-1.0,0.0,47.555676689540306,80.0,69.9,3.3333333333333437,65.54870609647551,34.52333333333333,29.449999999999996
2035,D_max_high_build,util_severe_bottleneck,fcap_high,3719574.9852633113,3941189.0,421214.57437499997,374880.97119375004,374880.97119375004,8148.0,10067.985263311304,1913601.4080840566,10284351.485767594,3607987.735705412,2.850439701884646,2753.928832231399,2151.3648022055677,1264883.2772271927,988124.794539483,112449.81672365627,90041.75752634302,48050.163127258675,0.286715612130448,64225.37989987621,0.1333678719873397,61.31572557842233,0.0,358890.69563376816,4388179.4671100145,434512180733.3863,75518652415.93808,134.0796603813899,307545642.3000194,-549812698.7896278,0.0,0.0,366660000.0,-1.0,0.0,47.25093650605186,80.0,69.9,3.3333333333333437,64.91522741496044,34.72333333333333,29.449999999999996
2040,D_max_high_build,util_severe_bottleneck,fcap_high,3739210.3538832604,6404432.125,421214.57437499997,374880.97119375004,374880.97119375004,8148.0,29703.353883260395,3746006.2640528064,10378718.405361537,3627034.0432667625,2.861489106954654,3266.9299712798547,2255.702621773718,1555786.9950462678,1074217.3338574744,127203.50701537846,90025.3813108263,48042.74639990017,0.30067555468414786,62956.949849541685,0.13344859172940116,66.51654183475081,0.0,362183.7967558715,4428444.4249451915,496074732519.18726,86423545855.75296,135.61927662111847,590872318.5458148,-600269695.3671947,0.0,0.0,366660000.0,-1.0,0.0,46.99865152316403,80.0,69.9,3.3333333333333437,65.49357006223015,34.92333333333333,29.449999999999996
2045,D_max_high_build,util_severe_bottleneck,fcap_high,3758728.1927017025,8867675.25,421214.57437499997,374880.97119375004,374880.97119375004,8148.0,49221.19270170247,5578411.120021557,10473924.754347349,3645966.3469206514,2.872743124245655,3876.7185984053244,2365.8487142471827,1914502.03920386,1168364.9645700941,143892.0931307317,90008.49242844289,48035.06890149628,0.3154167324104057,61618.30785747669,0.13353019071300745,71.1230006424426,0.0,365506.19125624956,4469067.554788256,566356273612.4033,98902793587.89964,137.17613885059055,968037239.9255583,-628859645.6626904,0.0,0.0,366660000.0,-1.0,0.0,46.85570177168655,80.0,69.9,3.3333333333333437,66.13926141769926,35.123333333333335,29.449999999999996
2030,E_max_drag,util_improved,fcap_none,3723302.4563282323,1120199.625,165329.98260384376,127304.0866049597,31001.841981249992,22588.082992007203,13795.456328232307,43088.61281458333,10217717.277959872,3611603.382638385,2.8291360361102336,2316.8516113846686,2047.759230477358,1025297.0144761301,906213.1623179648,99401.77195661071,90053.09939832968,48055.28255005613,0.2728735704812852,65479.98863260138,0.13331097180108048,43.97321841035918,230524395.80376136,327082.68104494904,4193117.960502132,366997935708.94055,55711246559.048584,111.9105094074683,247237961.70550513,-167042704.57833314,0.0,0.0,1016463734.6403241,-1.0,0.0,49.164786477108336,80.0,30.0,51.66666666666666,54.11179415137549,36.07333333333334,41.541666666666664
2035,E_max_drag,util_improved,fcap_none,3873694.537978041,2987199.0,165329.98260384376,127304.0866049597,43223.242326230175,38179.293313787486,164187.537978041,60074.80311370676,10621024.074660135,3757483.7018386996,2.826632107402837,2718.0159389539504,2123.309707375878,1240221.855448606,968859.3312617671,112374.79854973675,89981.68834683755,48022.82998811057,0.2831655746477893,64501.97185832701,0.13365657712180432,43.73324194227128,239703495.70812356,339993.06648230285,4358625.864746485,431435693442.0016,66157310653.602394,117.45905760242414,1566072922.5970812,193330927.6867479,0.0,0.0,1718068199.120437,9.0,0.0,50.96665463843374,80.0,30.0,51.66666666666666,39.84127572454779,36.27333333333333,41.541666666666664
2040,E_max_drag,util_improved,fcap_none,4091258.875303006,4854198.375,165329.98260384376,127304.0866049597,60262.505638275856,53230.15476771093,381751.8753030058,83757.20946693301,11186879.69916115,3968521.1090439153,2.8189039170453754,3174.608604532905,2191.957897874649,1490306.798501495,1029005.5134882616,126985.2683396258,89870.9278648295,47971.688786233506,0.2926807967762122,63567.43309033371,0.1341460971209045,46.813061401984314,121900401.3741,358106.85547364503,4590840.097886835,513801219162.07526,79868474174.51764,125.33279657906479,3986288808.236258,906238108.2767465,0.0,0.0,2395356964.546992,9.0,0.0,54.53119054138374,80.0,30.0,51.66666666666666,40.783554171495894,36.473333333333336,41.541666666666664
2045,E_max_drag,util_improved,fcap_none,4402428.600060299,6721197.75,165329.98260384376,127304.0866049597,84018.90719797762,74214.29604018448,692921.600060299,116775.58267497811,11808557.63735021,4270355.74205849,2.807610665221065,3687.4156492454426,2250.3226249774243,1775998.351537535,1083840.1885085409,143456.93225431078,89736.2872391355,47908.62816665206,0.3009247689038805,62732.41573940641,0.13468952888967967,49.26282414412783,28196976.48711037,378007.5907590095,4845962.534469751,613131070011.8986,96683991606.8953,134.09870617567108,8204002458.447354,2886644552.2760487,0.0,0.0,3339643321.8083014,9.0,0.0,64.43322276138025,80.0,30.0,51.66666666666666,43.95109672776861,36.67333333333333,41.541666666666664
2030,E_max_drag,util_improved,fcap_partial,3723302.4563282323,1120199.625,165329.98260384376,127304.0866049597,31001.841981249992,22588.082992007203,13795.456328232307,43088.61281458333,10217717.277959872,3611603.382638385,2.8291360361102336,2316.8516113846686,2047.759230477358,1025297.0144761301,906213.1623179648,99401.77195661071,90053.09939832968,48055.28255005613,0.2728735704812852,65479.98863260138,0.13331097180108048,43.97321841035918,230524395.80376136,327082.68104494904,4193117.960502132,366997935708.94055,55711246559.048584,111.9105094074683,247237961.70550513,-167042704.57833314,0.0,0.0,1016463734.6403241,-1.0,0.0,49.164786477108336,80.0,49.95,51.66666666666666,49.124294151375494,36.07333333333334,41.541666666666664
2035,E_max_drag,util_improved,fcap_partial,3873694.537978041,2987199.0,165329.98260384376,127304.0866049597,43223.242326230175,38179.293313787486,164187.537978041,60074.80311370676,10621024.074660135,3757483.7018386996,2.826632107402837,2718.0159389539504,2123.309707375878,1240221.855448606,968859.3312617671,112374.79854973675,89981.68834683755,48022.82998811057,0.2831655746477893,64501.97185832701,0.13365657712180432,43.73324194227128,239703495.70812356,339993.06648230285,4358625.864746485,431435693442.0016,66157310653.602394,117.45905760242414,1566072922.5970812,193330927.6867479,0.0,55099314.390723154,1662968884.7297137,9.0,0.03207050477910667,50.96665463843374,80.0,49.95,51.66666666666666,34.853775724547795,36.27333333333333,41.541666666666664
2040,E_max_drag,util_improved,fcap_partial,4091258.875303006,4854198.375,165329.98260384376,127304.0866049597,60262.505638275856,53230.15476771093,381751.8753030058,83757.20946693301,11186879.69916115,3968521.1090439153,2.8189039170453754,3174.608604532905,2191.957897874649,1490306.798501495,1029005.5134882616,126985.2683396258,89870.9278648295,47971.688786233506,0.2926807967762122,63567.43309033371,0.1341460971209045,46.813061401984314,121900401.3741,358106.85547364503,4590840.097886835,513801219162.07526,79868474174.51764,125.33279657906479,3986288808.236258,906238108.2767465,0.0,258277860.85887274,2137079103.6881192,9.0,0.10782437218400893,54.53119054138374,80.0,49.95,51.66666666666666,35.79605417149589,36.473333333333336,41.541666666666664
2045,E_max_drag,util_improved,fcap_partial,4402428.600060299,6721197.75,165329.98260384376,127304.0866049597,84018.90719797762,74214.29604018448,692921.600060299,116775.58267497811,11808557.63735021,4270355.74205849,2.807610665221065,3687.4156492454426,2250.3226249774243,1775998.351537535,1083840.1885085409,143456.93225431078,89736.2872391355,47908.62816665206,0.3009247689038805,62732.41573940641,0.13468952888967967,49.26282414412783,28196976.48711037,378007.5907590095,4845962.534469751,613131070011.8986,96683991606.8953,134.09870617567108,8204002458.447354,2886644552.2760487,0.0,822693697.3986738,2516949624.409628,9.0,0.24634178507218957,64.43322276138025,80.0,49.95,51.66666666666666,38.96359672776861,36.67333333333333,41.541666666666664
2030,E_max_drag,util_improved,fcap_high,3723302.4563282323,1120199.625,165329.98260384376,127304.0866049597,31001.841981249992,22588.082992007203,13795.456328232307,43088.61281458333,10217717.277959872,3611603.382638385,2.8291360361102336,2316.8516113846686,2047.759230477358,1025297.0144761301,906213.1623179648,99401.77195661071,90053.09939832968,48055.28255005613,0.2728735704812852,65479.98863260138,0.13331097180108048,43.97321841035918,230524395.80376136,327082.68104494904,4193117.960502132,366997935708.94055,55711246559.048584,111.9105094074683,247237961.70550513,-167042704.57833314,0.0,0.0,1016463734.6403241,-1.0,0.0,49.164786477108336,80.0,69.9,51.66666666666666,44.1367941513755,36.07333333333334,41.541666666666664
2035,E_max_drag,util_improved,fcap_high,3873694.537978041,2987199.0,165329.98260384376,127304.0866049597,43223.242326230175,38179.293313787486,164187.537978041,60074.80311370676,10621024.074660135,3757483.7018386996,2.826632107402837,2718.0159389539504,2123.309707375878,1240221.855448606,968859.3312617671,112374.79854973675,89981.68834683755,48022.82998811057,0.2831655746477893,64501.97185832701,0.13365657712180432,43.73324194227128,239703495.70812356,339993.06648230285,4358625.864746485,431435693442.0016,66157310653.602394,117.45905760242414,1566072922.5970812,193330927.6867479,0.0,110198628.78144631,1607869570.3389907,9.0,0.06414100955821334,50.96665463843374,80.0,69.9,51.66666666666666,29.86627572454779,36.27333333333333,41.541666666666664
2040,E_max_drag,util_improved,fcap_high,4091258.875303006,4854198.375,165329.98260384376,127304.0866049597,60262.505638275856,53230.15476771093,381751.8753030058,83757.20946693301,11186879.69916115,3968521.1090439153,2.8189039170453754,3174.608604532905,2191.957897874649,1490306.798501495,1029005.5134882616,126985.2683396258,89870.9278648295,47971.688786233506,0.2926807967762122,63567.43309033371,0.1341460971209045,46.813061401984314,121900401.3741,358106.85547364503,4590840.097886835,513801219162.07526,79868474174.51764,125.33279657906479,3986288808.236258,906238108.2767465,0.0,516555721.7177455,1878801242.8292463,9.0,0.21564874436801787,54.53119054138374,80.0,69.9,51.66666666666666,30.808554171495896,36.473333333333336,41.541666666666664
2045,E_max_drag,util_improved,fcap_high,4402428.600060299,6721197.75,165329.98260384376,127304.0866049597,84018.90719797762,74214.29604018448,692921.600060299,116775.58267497811,11808557.63735021,4270355.74205849,2.807610665221065,3687.4156492454426,2250.3226249774243,1775998.351537535,1083840.1885085409,143456.93225431078,89736.2872391355,47908.62816665206,0.3009247689038805,62732.41573940641,0.13468952888967967,49.26282414412783,28196976.48711037,378007.5907590095,4845962.534469751,613131070011.8986,96683991606.8953,134.09870617567108,8204002458.447354,2886644552.2760487,0.0,1645387394.7973475,1694255927.010954,9.0,0.49268357014437913,64.43322276138025,80.0,69.9,51.66666666666666,33.976096727768606,36.67333333333333,41.541666666666664
2030,E_max_drag,util_current_drag,fcap_none,3707843.6079207943,1120199.625,165329.98260384376,127304.0866049597,31001.841981249992,15484.186021776442,-1663.392079205718,58559.67948124999,10180267.899293607,3596608.2996831704,2.8305189364631116,2319.75298568525,2050.323622592887,1027223.5738980891,907915.9601233978,99408.71796346897,90059.3921377217,48058.11644894006,0.27319619738815915,65455.50866660706,0.13327902898856162,49.08842048594509,34867916.41260019,325883.8767675933,4177749.5902464893,365666022684.4242,55456126605.67452,111.39803471509465,134664618.22832447,-400852521.4690677,0.0,0.0,696788370.9799399,-1.0,0.0,47.99573739265466,80.0,30.0,22.499999999999996,70.85710605834635,36.07333333333334,48.833333333333336
2035,E_max_drag,util_current_drag,fcap_none,3852242.9397399556,2987199.0,165329.98260384376,127304.0866049597,43223.242326230175,36833.83385848125,142735.9397399556,81644.80092167677,10569264.751818068,3736675.651547757,2.828520786234204,2722.5818409881404,2126.8765827474235,1243348.2769514853,971301.6867429373,112386.69843670061,89991.21692383135,48027.18799911421,0.28361122191037114,64468.69793086227,0.133612063430941,44.168032181740806,223072769.04841417,338336.1819136945,4337385.02001293,429357001963.88416,65754551806.511696,116.7439790396329,1392017371.099664,117384683.84932928,0.0,0.0,1657522523.6316564,10.0,0.0,50.586923419246645,80.0,30.0,22.499999999999996,50.33315611556365,36.27333333333333,48.833333333333336
2040,E_max_drag,util_current_drag,fcap_none,4018729.434744779,4854198.375,165329.98260384376,127304.0866049597,60262.505638275856,36860.0,309222.434744779,156618.05204086314,11011581.444446515,3898167.5517024356,2.824809682600087,3191.884257150166,2203.8861409787833,1502488.3082712293,1037416.4264145606,127035.52793978393,89906.49795070942,47988.19922642978,0.2941570886927947,63459.86425896402,0.13399389951970123,48.5577013069673,55167925.00850066,352495.3258555529,4518901.695179789,505856332771.4266,78307128173.98795,122.88267013435105,3294869223.9148445,581950578.5484616,0.0,0.0,1658700000.0,10.0,0.0,52.909752892742304,80.0,30.0,22.499999999999996,52.507782098683776,36.473333333333336,48.833333333333336
2045,E_max_drag,util_current_drag,fcap_none,4184219.4053099416,6721197.75,165329.98260384376,127304.0866049597,84018.90719797762,36860.0,474712.4053099416,336047.812053847,11452097.236615082,4058692.823150643,2.82162206789652,3744.886914983672,2285.3956685067837,1817680.2074996943,1109277.4140466738,143582.8760335769,89815.06856377843,47945.62483703823,0.30534684725655875,62390.32054169703,0.1343772508586584,52.98972851711823,0.0,366596.82058529387,4699679.321901876,594903186771.1935,93049659532.67761,129.057962399319,5858833490.431117,1542260754.2944326,0.0,0.0,1658700000.0,10.0,0.0,57.71130377147216,80.0,30.0,22.499999999999996,58.37756194355809,36.67333333333333,48.833333333333336
2030,E_max_drag,util_current_drag,fcap_partial,3707843.6079207943,1120199.625,165329.98260384376,127304.0866049597,31001.841981249992,15484.186021776442,-1663.392079205718,58559.67948124999,10180267.899293607,3596608.2996831704,2.8305189364631116,2319.75298568525,2050.323622592887,1027223.5738980891,907915.9601233978,99408.71796346897,90059.3921377217,48058.11644894006,0.27319619738815915,65455.50866660706,0.13327902898856162,49.08842048594509,34867916.41260019,325883.8767675933,4177749.5902464893,365666022684.4242,55456126605.67452,111.39803471509465,134664618.22832447,-400852521.4690677,0.0,0.0,696788370.9799399,-1.0,0.0,47.99573739265466,80.0,49.95,22.499999999999996,65.86960605834635,36.07333333333334,48.833333333333336
2035,E_max_drag,util_current_drag,fcap_partial,3852242.9397399556,2987199.0,165329.98260384376,127304.0866049597,43223.242326230175,36833.83385848125,142735.9397399556,81644.80092167677,10569264.751818068,3736675.651547757,2.828520786234204,2722.5818409881404,2126.8765827474235,1243348.2769514853,971301.6867429373,112386.69843670061,89991.21692383135,48027.18799911421,0.28361122191037114,64468.69793086227,0.133612063430941,44.168032181740806,223072769.04841417,338336.1819136945,4337385.02001293,429357001963.88416,65754551806.511696,116.7439790396329,1392017371.099664,117384683.84932928,0.0,33454634.89705884,1624067888.7345977,10.0,0.020183517520931928,50.586923419246645,80.0,49.95,22.499999999999996,45.345656115563656,36.27333333333333,48.833333333333336
2040,E_max_drag,util_current_drag,fcap_partial,4058141.6792192957,4854198.375,165329.98260384376,127304.0866049597,60262.505638275856,50511.54188946301,348634.67921929574,117145.32655604967,11106948.846429765,3936397.428842717,2.821602505135046,3182.4519665024295,2197.3734691644268,1495833.2589413812,1032821.3440732362,127008.37740916124,89887.28278180843,47979.289238696176,0.29335052539055756,63518.801151835316,0.13407664039668568,47.24322207907321,105446755.47544958,355548.1628715328,4558038.300276993,510179473544.9364,79155781773.9903,124.21441122637155,3675534245.83461,776886917.8425709,0.0,221412771.5851327,2051606613.440703,10.0,0.09740909956322967,53.88443458921285,80.0,49.95,22.499999999999996,45.23333416322374,36.473333333333336,48.833333333333336
2045,E_max_drag,util_current_drag,fcap_partial,4317621.711060292,6721197.75,165329.98260384376,127304.0866049597,84018.90719797762,55290.0,608114.7110602921,202124.02227027246,11774271.77959784,4188093.059728483,2.8113682317176525,3709.334414928212,2263.6990107769498,1791857.2159102173,1093518.392621928,143469.33169481793,89744.04343284095,47912.28147225614,0.30268736609412517,62579.655303517546,0.13465941572343357,50.90395194509937,0.0,376910.05498164345,4831892.400992599,611379333572.6152,96333219552.26562,133.61219255633614,7327025974.401801,2118734081.798974,0.0,603839213.3127075,1884210786.6872926,10.0,0.24269577111099358,60.59367040899487,80.0,49.95,22.499999999999996,49.9034204869802,36.67333333333333,48.833333333333336
2030,E_max_drag,util_current_drag,fcap_high,3707843.6079207943,1120199.625,165329.98260384376,127304.0866049597,31001.841981249992,15484.186021776442,-1663.392079205718,58559.67948124999,10180267.899293607,3596608.2996831704,2.8305189364631116,2319.75298568525,2050.323622592887,1027223.5738980891,907915.9601233978,99408.71796346897,90059.3921377217,48058.11644894006,0.27319619738815915,65455.50866660706,0.13327902898856162,49.08842048594509,34867916.41260019,325883.8767675933,4177749.5902464893,365666022684.4242,55456126605.67452,111.39803471509465,134664618.22832447,-400852521.4690677,0.0,0.0,696788370.9799399,-1.0,0.0,47.99573739265466,80.0,69.9,22.499999999999996,60.882106058346345,36.07333333333334,48.833333333333336
2035,E_max_drag,util_current_drag,fcap_high,3852242.9397399556,2987199.0,165329.98260384376,127304.0866049597,43223.242326230175,36833.83385848125,142735.9397399556,81644.80092167677,10569264.751818068,3736675.651547757,2.828520786234204,2722.5818409881404,2126.8765827474235,1243348.2769514853,971301.6867429373,112386.69843670061,89991.21692383135,48027.18799911421,0.28361122191037114,64468.69793086227,0.133612063430941,44.168032181740806,223072769.04841417,338336.1819136945,4337385.02001293,429357001963.88416,65754551806.511696,116.7439790396329,1392017371.099664,117384683.84932928,0.0,66909269.79411768,1590613253.8375387,10.0,0.040367035041863855,50.586923419246645,80.0,69.9,22.499999999999996,40.35815611556366,36.27333333333333,48.833333333333336
2040,E_max_drag,util_current_drag,fcap_high,4061451.486849568,4854198.375,165329.98260384376,127304.0866049597,60262.505638275856,51354.294613595215,351944.48684956785,113830.43036761414,11114950.638126438,3939607.942244081,2.8213342040820275,3181.6642647502304,2196.8295882354714,1495277.933560754,1032437.9110250745,127006.07840753222,89885.65571583247,47978.533782483566,0.29328322577038574,63523.70065700682,0.1340835892021613,47.164524064147386,108456954.54636247,355804.310835908,4561322.052955479,510542109851.40015,79227071053.66692,124.3262812086183,3707130861.8846006,791689791.2617116,0.0,451263181.0191756,1859680076.592609,10.0,0.19527228958686244,53.95844895630856,80.0,69.9,22.499999999999996,40.05369226198841,36.473333333333336,48.833333333333336
2045,E_max_drag,util_current_drag,fcap_high,4321041.070352102,6721197.75,165329.98260384376,127304.0866049597,84018.90719797762,55290.0,611534.0703521017,198679.1403693459,11782519.761237254,4191409.8382415385,2.811111348199842,3708.4388003075933,2263.1524431979865,1791208.2922218451,1093122.3733507816,143466.35427454638,89742.18097393763,47911.404424168555,0.3026205628573128,62584.3516555618,0.13466665843449685,50.88229019685582,0.0,377174.0838125888,4835277.184404519,611800769531.5411,96417579778.83588,133.72919845408344,7363802956.19574,2132679707.61073,0.0,1215627433.338116,1272422566.661884,10.0,0.48858641640566547,60.66339853805365,80.0,69.9,22.499999999999996,44.825986166882245,36.67333333333333,48.833333333333336
2030,E_max_drag,util_severe_bottleneck,fcap_none,3695117.018382896,1120199.625,165329.98260384376,127304.0866049597,31001.841981249992,6222.813721265625,-14389.981617103796,71290.08814174596,10149356.110862639,3584263.507831409,2.8316434014092104,2322.150487565331,2052.4426649091483,1028816.4633243551,909323.8422724908,99414.40217259093,90064.54175064091,48060.43195897409,0.2734629133749466,65435.22977173113,0.13325268212443883,58.03032211536733,0.0,324894.34942397574,4165064.0978086903,364566440675.06213,55245719948.96106,110.9753782930997,39043556.44535962,-469933249.55901897,0.0,0.0,280026617.4569531,-1.0,0.0,47.65033375220491,80.0,30.0,0.0,82.96569156953416,36.07333333333334,59.25
2035,E_max_drag,util_severe_bottleneck,fcap_none,3714898.7830317845,2987199.0,165329.98260384376,127304.0866049597,43223.242326230175,8148.0,5391.783031784464,219341.97731874086,10237444.40927464,3603451.819540831,2.8410104871553807,2752.574101676433,2150.3064888612594,1263950.0476271233,987395.7570674657,112459.81185980763,90049.76091533914,48053.777178911194,0.28654909912081394,64246.083049004024,0.13332780867366775,61.633919600848074,0.0,327714.1726809211,4201213.524939363,416018174166.5626,63184317183.59884,112.1806536317246,243246436.43271703,-518986959.4837114,0.0,0.0,366660000.0,-1.0,0.0,47.40506520258144,80.0,30.0,0.0,73.9004040053747,36.27333333333333,59.25
2040,E_max_drag,util_severe_bottleneck,fcap_none,3734562.1416085674,4854198.375,165329.98260384376,127304.0866049597,60262.505638275856,8148.0,25055.141608567443,442315.2284379272,10325913.094639802,3622525.2773603103,2.850473717650403,3263.4899932564663,2253.3274354322853,1553330.3473532721,1072521.1032401728,127216.51873861668,90034.59006122568,48046.92051738206,0.30032823170294465,62994.66083603826,0.13340340323037506,66.65698338693805,0.0,330546.17262871546,4237519.054193618,474712473799.87524,72260299934.39412,113.39374598080362,514489107.49778277,-556279308.1996974,0.0,0.0,366660000.0,-1.0,0.0,47.218603459001514,80.0,30.0,0.0,73.49240976288573,36.473333333333336,59.25
2045,E_max_drag,util_severe_bottleneck,fcap_none,3754107.8028466734,6721197.75,165329.98260384376,127304.0866049597,84018.90719797762,8148.0,44600.80284667341,769744.9884509111,10414853.790101834,3641484.5687612733,2.860057098537881,3870.121664872027,2361.82279739984,1909617.3147120678,1165383.9591488824,143908.91379311838,90019.01421897447,48039.855270867905,0.3148431896827426,61677.140650176385,0.13347954356678607,71.11601931537376,0.0,333393.28224570147,4274018.285618414,541671056294.04803,82637082617.69788,114.61593255501269,876720511.4533801,-568582360.9937217,0.0,0.0,366660000.0,-1.0,0.0,47.15708819503139,80.0,30.0,0.0,74.0837557820207,36.67333333333333,59.25
2030,E_max_drag,util_severe_bottleneck,fcap_partial,3695117.018382896,1120199.625,165329.98260384376,127304.0866049597,31001.841981249992,6222.813721265625,-14389.981617103796,71290.08814174596,10149356.110862639,3584263.507831409,2.8316434014092104,2322.150487565331,2052.4426649091483,1028816.4633243551,909323.8422724908,99414.40217259093,90064.54175064091,48060.43195897409,0.2734629133749466,65435.22977173113,0.13325268212443883,58.03032211536733,0.0,324894.34942397574,4165064.0978086903,364566440675.06213,55245719948.96106,110.9753782930997,39043556.44535962,-469933249.55901897,0.0,0.0,280026617.4569531,-1.0,0.0,47.65033375220491,80.0,49.95,0.0,77.97819156953418,36.07333333333334,59.25
2035,E_max_drag,util_severe_bottleneck,fcap_partial,3714898.7830317845,2987199.0,165329.98260384376,127304.0866049597,43223.242326230175,8148.0,5391.783031784464,219341.97731874086,10237444.40927464,3603451.819540831,2.8410104871553807,2752.574101676433,2150.3064888612594,1263950.0476271233,987395.7570674657,112459.81185980763,90049.76091533914,48053.777178911194,0.28654909912081394,64246.083049004024,0.13332780867366775,61.633919600848074,0.0,327714.1726809211,4201213.524939363,416018174166.5626,63184317183.59884,112.1806536317246,243246436.43271703,-518986959.4837114,0.0,0.0,366660000.0,-1.0,0.0,47.40506520258144,80.0,49.95,0.0,68.91290400537471,36.27333333333333,59.25
2040,E_max_drag,util_severe_bottleneck,fcap_partial,3734562.1416085674,4854198.375,165329.98260384376,127304.0866049597,60262.505638275856,8148.0,25055.141608567443,442315.2284379272,10325913.094639802,3622525.2773603103,2.850473717650403,3263.4899932564663,2253.3274354322853,1553330.3473532721,1072521.1032401728,127216.51873861668,90034.59006122568,48046.92051738206,0.30032823170294465,62994.66083603826,0.13340340323037506,66.65698338693805,0.0,330546.17262871546,4237519.054193618,474712473799.87524,72260299934.39412,113.39374598080362,514489107.49778277,-556279308.1996974,0.0,0.0,366660000.0,-1.0,0.0,47.218603459001514,80.0,49.95,0.0,68.50490976288573,36.473333333333336,59.25
2045,E_max_drag,util_severe_bottleneck,fcap_partial,3754107.8028466734,6721197.75,165329.98260384376,127304.0866049597,84018.90719797762,8148.0,44600.80284667341,769744.9884509111,10414853.790101834,3641484.5687612733,2.860057098537881,3870.121664872027,2361.82279739984,1909617.3147120678,1165383.9591488824,143908.91379311838,90019.01421897447,48039.855270867905,0.3148431896827426,61677.140650176385,0.13347954356678607,71.11601931537376,0.0,333393.28224570147,4274018.285618414,541671056294.04803,82637082617.69788,114.61593255501269,876720511.4533801,-568582360.9937217,0.0,0.0,366660000.0,-1.0,0.0,47.15708819503139,80.0,49.95,0.0,69.0962557820207,36.67333333333333,59.25
2030,E_max_drag,util_severe_bottleneck,fcap_high,3695117.018382896,1120199.625,165329.98260384376,127304.0866049597,31001.841981249992,6222.813721265625,-14389.981617103796,71290.08814174596,10149356.110862639,3584263.507831409,2.8316434014092104,2322.150487565331,2052.4426649091483,1028816.4633243551,909323.8422724908,99414.40217259093,90064.54175064091,48060.43195897409,0.2734629133749466,65435.22977173113,0.13325268212443883,58.03032211536733,0.0,324894.34942397574,4165064.0978086903,364566440675.06213,55245719948.96106,110.9753782930997,39043556.44535962,-469933249.55901897,0.0,0.0,280026617.4569531,-1.0,0.0,47.65033375220491,80.0,69.9,0.0,72.99069156953416,36.07333333333334,59.25
2035,E_max_drag,util_severe_bottleneck,fcap_high,3714898.7830317845,2987199.0,165329.98260384376,127304.0866049597,43223.242326230175,8148.0,5391.783031784464,219341.97731874086,10237444.40927464,3603451.819540831,2.8410104871553807,2752.574101676433,2150.3064888612594,1263950.0476271233,987395.7570674657,112459.81185980763,90049.76091533914,48053.777178911194,0.28654909912081394,64246.083049004024,0.13332780867366775,61.633919600848074,0.0,327714.1726809211,4201213.524939363,416018174166.5626,63184317183.59884,112.1806536317246,243246436.43271703,-518986959.4837114,0.0,0.0,366660000.0,-1.0,0.0,47.40506520258144,80.0,69.9,0.0,63.9254040053747,36.27333333333333,59.25
2040,E_max_drag,util_severe_bottleneck,fcap_high,3734562.1416085674,4854198.375,165329.98260384376,127304.0866049597,60262.505638275856,8148.0,25055.141608567443,442315.2284379272,10325913.094639802,3622525.2773603103,2.850473717650403,3263.4899932564663,2253.3274354322853,1553330.3473532721,1072521.1032401728,127216.51873861668,90034.59006122568,48046.92051738206,0.30032823170294465,62994.66083603826,0.13340340323037506,66.65698338693805,0.0,330546.17262871546,4237519.054193618,474712473799.87524,72260299934.39412,113.39374598080362,514489107.49778277,-556279308.1996974,0.0,0.0,366660000.0,-1.0,0.0,47.218603459001514,80.0,69.9,0.0,63.51740976288573,36.473333333333336,59.25
2045,E_max_drag,util_severe_bottleneck,fcap_high,3754107.8028466734,6721197.75,165329.98260384376,127304.0866049597,84018.90719797762,8148.0,44600.80284667341,769744.9884509111,10414853.790101834,3641484.5687612733,2.860057098537881,3870.121664872027,2361.82279739984,1909617.3147120678,1165383.9591488824,143908.91379311838,90019.01421897447,48039.855270867905,0.3148431896827426,61677.140650176385,0.13347954356678607,71.11601931537376,0.0,333393.28224570147,4274018.285618414,541671056294.04803,82637082617.69788,114.61593255501269,876720511.4533801,-568582360.9937217,0.0,0.0,366660000.0,-1.0,0.0,47.15708819503139,80.0,69.9,0.0,64.1087557820207,36.67333333333333,59.25
2030,F_legal_collision,util_improved,fcap_none,3738332.039560178,953039.9999999998,206294.53011199995,167098.56939071996,61746.299999999996,33312.15561544991,28825.03956017783,80308.8,10254217.922533095,3626182.0783733726,2.8278276437604912,2314.0378612173795,2045.2722853277378,1023429.790737066,904562.8086102667,99394.93946073942,90046.90949428949,48052.490409521735,0.27256090810633893,65503.64207035663,0.13334213029770875,40.800762114614265,351870849.11600435,325279.63148629904,4192099.8169054757,366895787207.49335,54951559356.62915,110.38448033678534,357950822.6845753,-7495476.134329144,0.0,0.0,1499047002.695246,-1.0,0.0,49.962522619328354,80.0,30.0,56.66666666666666,53.614904702981335,28.656666666666663,32.125
2035,F_legal_collision,util_improved,fcap_none,4175116.6976125077,2541439.9999999995,206294.53011199995,167098.56939071996,182286.13354946434,109125.0,465609.69761250773,347683.3300016546,11095500.78784957,4049863.1966841323,2.8062485249895097,2656.577579186823,2075.314158921148,1198409.2045156553,936195.3551810302,112259.80110837832,89889.606634011,47980.367953243236,0.27704838011418204,64985.83672695722,0.13406670055638026,36.37895864133925,521004831.96877354,351966.4234457857,4536030.653201541,448753276197.69574,68612746658.15543,121.81856369855286,3911714378.1593246,1705588576.5090797,0.0,0.0,4910625000.0,7.0,0.0,58.527942882545396,80.0,30.0,56.66666666666666,48.79939202671631,28.856666666666666,32.125
2040,F_legal_collision,util_improved,fcap_none,4711277.6660327725,4129839.9999999995,206294.53011199995,167098.56939071996,167098.56939071996,109125.0,1001770.6660327725,639127.1484459718,11370535.41051881,4569939.336051789,2.7928175360280445,3040.3809680129734,2099.2783380817336,1396794.148546726,964438.2495657527,126930.97572206841,89832.50350285514,47953.776422752526,0.2804256708283784,64641.163445874336,0.13430605349780084,38.75347688265611,430179509.23840374,360690.9465038762,4648469.514950402,520132320265.8765,80041761932.87209,125.60472664398657,9142997532.398365,5590257762.200005,0.0,0.0,4910625000.0,7.0,0.0,77.95128881100003,80.0,30.0,56.66666666666666,49.42351715684711,29.056666666666665,32.125
2045,F_legal_collision,util_improved,fcap_none,5244229.380101156,5718239.999999999,206294.53011199995,167098.56939071996,167098.56939071996,109125.0,1534722.3801011564,912119.9953995715,11658259.933099676,5086902.498698122,2.782339093947923,3494.4344917330864,2132.55183202837,1638418.2306818983,999879.0384353396,143510.84150493582,89770.00896957345,47924.495084242524,0.28506872482338835,64179.38698523301,0.13455764282551763,41.552633221842115,323111779.2645391,369818.01278837695,4766096.225006951,603148042655.4408,93433365143.90822,129.59015418374156,15988326634.760265,10839459007.868227,0.0,0.0,4910625000.0,7.0,0.0,100.0,80.0,30.0,56.66666666666666,50.88254185975629,29.256666666666664,32.125
2030,F_legal_collision,util_improved,fcap_partial,3738332.039560178,953039.9999999998,206294.53011199995,167098.56939071996,61746.299999999996,33312.15561544991,28825.03956017783,80308.8,10254217.922533095,3626182.0783733726,2.8278276437604912,2314.0378612173795,2045.2722853277378,1023429.790737066,904562.8086102667,99394.93946073942,90046.90949428949,48052.490409521735,0.27256090810633893,65503.64207035663,0.13334213029770875,40.800762114614265,351870849.11600435,325279.63148629904,4192099.8169054757,366895787207.49335,54951559356.62915,110.38448033678534,357950822.6845753,-7495476.134329144,0.0,0.0,1499047002.695246,-1.0,0.0,49.962522619328354,80.0,48.480000000000004,56.66666666666666,48.99490470298133,28.656666666666663,32.125
2035,F_legal_collision,util_improved,fcap_partial,4175116.6976125077,2541439.9999999995,206294.53011199995,167098.56939071996,182286.13354946434,109125.0,465609.69761250773,347683.3300016546,11095500.78784957,4049863.1966841323,2.8062485249895097,2656.577579186823,2075.314158921148,1198409.2045156553,936195.3551810302,112259.80110837832,89889.606634011,47980.367953243236,0.27704838011418204,64985.83672695722,0.13406670055638026,36.37895864133925,521004831.96877354,351966.4234457857,4536030.653201541,448753276197.69574,68612746658.15543,121.81856369855286,3911714378.1593246,1705588576.5090797,0.0,450275384.198397,4460349615.801603,7.0,0.091694109038747,58.527942882545396,80.0,48.480000000000004,56.66666666666666,44.17939202671631,28.856666666666666,32.125
2040,F_legal_collision,util_improved,fcap_partial,4711277.6660327725,4129839.9999999995,206294.53011199995,167098.56939071996,167098.56939071996,109125.0,1001770.6660327725,639127.1484459718,11370535.41051881,4569939.336051789,2.7928175360280445,3040.3809680129734,2099.2783380817336,1396794.148546726,964438.2495657527,126930.97572206841,89832.50350285514,47953.776422752526,0.2804256708283784,64641.163445874336,0.13430605349780084,38.75347688265611,430179509.23840374,360690.9465038762,4648469.514950402,520132320265.8765,80041761932.87209,125.60472664398657,9142997532.398365,5590257762.200005,0.0,1475828049.220801,3434796950.7791986,7.0,0.30053772161808345,77.95128881100003,80.0,48.480000000000004,56.66666666666666,44.80351715684711,29.056666666666665,32.125
2045,F_legal_collision,util_improved,fcap_partial,5244229.380101156,5718239.999999999,206294.53011199995,167098.56939071996,167098.56939071996,109125.0,1534722.3801011564,912119.9953995715,11658259.933099676,5086902.498698122,2.782339093947923,3494.4344917330864,2132.55183202837,1638418.2306818983,999879.0384353396,143510.84150493582,89770.00896957345,47924.495084242524,0.28506872482338835,64179.38698523301,0.13455764282551763,41.552633221842115,323111779.2645391,369818.01278837695,4766096.225006951,603148042655.4408,93433365143.90822,129.59015418374156,15988326634.760265,10839459007.868227,0.0,2861617178.077212,2049007821.9227881,7.0,0.5827399115341146,100.0,80.0,48.480000000000004,56.66666666666666,46.2625418597563,29.256666666666664,32.125
2030,F_legal_collision,util_improved,fcap_high,3738332.039560178,953039.9999999998,206294.53011199995,167098.56939071996,61746.299999999996,33312.15561544991,28825.03956017783,80308.8,10254217.922533095,3626182.0783733726,2.8278276437604912,2314.0378612173795,2045.2722853277378,1023429.790737066,904562.8086102667,99394.93946073942,90046.90949428949,48052.490409521735,0.27256090810633893,65503.64207035663,0.13334213029770875,40.800762114614265,351870849.11600435,325279.63148629904,4192099.8169054757,366895787207.49335,54951559356.62915,110.38448033678534,357950822.6845753,-7495476.134329144,0.0,0.0,1499047002.695246,-1.0,0.0,49.962522619328354,80.0,66.96000000000001,56.66666666666666,44.37490470298133,28.656666666666663,32.125
2035,F_legal_collision,util_improved,fcap_high,4175116.6976125077,2541439.9999999995,206294.53011199995,167098.56939071996,182286.13354946434,109125.0,465609.69761250773,347683.3300016546,11095500.78784957,4049863.1966841323,2.8062485249895097,2656.577579186823,2075.314158921148,1198409.2045156553,936195.3551810302,112259.80110837832,89889.606634011,47980.367953243236,0.27704838011418204,64985.83672695722,0.13406670055638026,36.37895864133925,521004831.96877354,351966.4234457857,4536030.653201541,448753276197.69574,68612746658.15543,121.81856369855286,3911714378.1593246,1705588576.5090797,0.0,900550768.396794,4010074231.603206,7.0,0.183388218077494,58.527942882545396,80.0,66.96000000000001,56.66666666666666,39.55939202671631,28.856666666666666,32.125
2040,F_legal_collision,util_improved,fcap_high,4711277.6660327725,4129839.9999999995,206294.53011199995,167098.56939071996,167098.56939071996,109125.0,1001770.6660327725,639127.1484459718,11370535.41051881,4569939.336051789,2.7928175360280445,3040.3809680129734,2099.2783380817336,1396794.148546726,964438.2495657527,126930.97572206841,89832.50350285514,47953.776422752526,0.2804256708283784,64641.163445874336,0.13430605349780084,38.75347688265611,430179509.23840374,360690.9465038762,4648469.514950402,520132320265.8765,80041761932.87209,125.60472664398657,9142997532.398365,5590257762.200005,0.0,2951656098.441602,1958968901.5583978,7.0,0.6010754432361669,77.95128881100003,80.0,66.96000000000001,56.66666666666666,40.18351715684711,29.056666666666665,32.125
2045,F_legal_collision,util_improved,fcap_high,5244229.380101156,5718239.999999999,206294.53011199995,167098.56939071996,167098.56939071996,109125.0,1534722.3801011564,912119.9953995715,11658259.933099676,5086902.498698122,2.782339093947923,3494.4344917330864,2132.55183202837,1638418.2306818983,999879.0384353396,143510.84150493582,89770.00896957345,47924.495084242524,0.28506872482338835,64179.38698523301,0.13455764282551763,41.552633221842115,323111779.2645391,369818.01278837695,4766096.225006951,603148042655.4408,93433365143.90822,129.59015418374156,15988326634.760265,10839459007.868227,0.0,5723234356.154424,0.0,7.0,1.0,100.0,80.0,66.96000000000001,56.66666666666666,41.64254185975629,29.256666666666664,32.125
2030,F_legal_collision,util_current_drag,fcap_none,3714588.0771728884,953039.9999999998,206294.53011199995,167098.56939071996,61746.299999999996,20638.434803225813,5081.077172888443,104068.79999999999,10196655.519856486,3603150.434857702,2.8299277824238778,2318.4845341279624,2049.2024962453534,1026381.1532517,907171.3830231159,99405.68644878617,90056.6457350401,48056.88020667279,0.27305513939851705,65466.21578009587,0.1332930037706135,45.257669872871915,181394127.36264923,323453.6631607217,4168567.3213466494,364856586271.1097,54566239732.94466,109.61046578793622,184043896.51027012,-237500637.3487417,0.0,0.0,928729566.1451616,-1.0,0.0,48.81249681325629,80.0,30.0,27.500000000000004,68.32100389214465,28.656666666666663,39.416666666666664
2035,F_legal_collision,util_current_drag,fcap_none,3881898.521500343,2541439.9999999995,206294.53011199995,167098.56939071996,182286.13354946434,36860.0,172391.521500343,641524.2324019547,10640774.287730359,3765441.5658553327,2.8259034436279378,2716.2638668190025,2121.940991424349,1239022.8514773792,967922.6712757818,112370.22345645969,89978.02493989286,48021.152464843064,0.2829945635515136,64514.73304280067,0.13367357460505216,43.74454023408915,239271336.04608998,337541.7964773262,4350130.676012358,430585607076.24524,65115999039.81804,115.61025994699963,1629343304.0895827,212375772.8165763,0.0,0.0,1658700000.0,8.0,0.0,51.06187886408288,80.0,30.0,27.500000000000004,65.69272034814293,28.856666666666666,39.416666666666664
2040,F_legal_collision,util_current_drag,fcap_none,4048207.5095428405,4129839.9999999995,206294.53011199995,167098.56939071996,167098.56939071996,36860.0,338700.50954284053,1305468.0508462717,11082664.148021778,3926761.284256555,2.822342216842966,3184.7931205984914,2198.98995543101,1497484.1653046429,1033961.2380546348,127015.33490011755,89892.20678737247,47981.57455435145,0.2935502465479458,63504.327322200355,0.13405555749224862,48.30773445354828,64729157.15177838,351559.22540257557,4530782.815104253,507143539889.3186,77516777814.03497,121.64242081302643,3569861122.250115,690532854.6643332,0.0,0.0,1658700000.0,8.0,0.0,53.452664273321666,80.0,30.0,27.500000000000004,69.03562169169851,29.056666666666665,39.416666666666664
2045,F_legal_collision,util_current_drag,fcap_none,4213521.035634415,5718239.999999999,206294.53011199995,167098.56939071996,167098.56939071996,36860.0,504014.0356344152,1950960.8977998714,11522754.152532589,4087115.4045653827,2.8192876911822604,3736.903538715252,2280.5236459442585,1811870.8911591216,1105732.1570861472,143558.4412233988,89799.78391276632,47938.467193503755,0.3047477684123981,62433.500161435215,0.1344390071842624,52.794052480243366,0.0,365519.56012235075,4710699.142343371,596243728489.8417,92077854901.43639,127.7100893798141,6178916905.933319,1666752081.1363878,0.0,0.0,1658700000.0,8.0,0.0,58.33376040568194,80.0,30.0,27.500000000000004,72.1870219484348,29.256666666666664,39.416666666666664
2030,F_legal_collision,util_current_drag,fcap_partial,3714588.0771728884,953039.9999999998,206294.53011199995,167098.56939071996,61746.299999999996,20638.434803225813,5081.077172888443,104068.79999999999,10196655.519856486,3603150.434857702,2.8299277824238778,2318.4845341279624,2049.2024962453534,1026381.1532517,907171.3830231159,99405.68644878617,90056.6457350401,48056.88020667279,0.27305513939851705,65466.21578009587,0.1332930037706135,45.257669872871915,181394127.36264923,323453.6631607217,4168567.3213466494,364856586271.1097,54566239732.94466,109.61046578793622,184043896.51027012,-237500637.3487417,0.0,0.0,928729566.1451616,-1.0,0.0,48.81249681325629,80.0,48.480000000000004,27.500000000000004,63.70100389214464,28.656666666666663,39.416666666666664
2035,F_legal_collision,util_current_drag,fcap_partial,3888501.208633587,2541439.9999999995,206294.53011199995,167098.56939071996,182286.13354946434,40415.02765931513,178994.20863358723,634917.0437754978,10656781.508375602,3771846.1723745796,2.825348919695361,2714.866123062535,2120.849076235774,1238066.6040026797,967175.6522768924,112366.5015682887,89975.04471847502,48019.786973519804,0.2828583080393121,64524.85580364573,0.1336873556363675,43.346143554976514,254510009.0221483,338049.5702414437,4356674.7018213505,431225852780.5071,65238466877.03068,115.82769558039358,1685137990.464094,247943228.9315427,0.0,65457012.43792727,1753219232.2312536,8.0,0.0359915694889576,51.23971614465771,80.0,48.480000000000004,27.500000000000004,60.90248518200515,28.856666666666666,39.416666666666664
2040,F_legal_collision,util_current_drag,fcap_partial,4107845.383504462,4129839.9999999995,206294.53011199995,167098.56939071996,167098.56939071996,53188.07748972733,398338.38350446196,1245692.6680077235,11226880.051473616,3984610.021999328,2.817560561633178,3170.6911771888613,2189.2530492221676,1487549.1197275922,1027101.4312780557,126973.58427295861,89862.65873309206,47967.84038121917,0.2923465314852927,63591.622142426044,0.13418089251746182,46.684686342687755,126810747.39219338,356133.9766204324,4589740.745101703,513652998143.98535,78779704885.19011,123.62425636628136,4138081988.3256516,963918607.7089713,0.0,254474512.43516842,2138988974.6025612,8.0,0.10632061605005674,54.81959303854486,80.0,48.480000000000004,27.500000000000004,64.17007718738135,29.056666666666665,39.416666666666664
2045,F_legal_collision,util_current_drag,fcap_partial,4367574.213543608,5718239.999999999,206294.53011199995,167098.56939071996,167098.56939071996,55290.0,658067.2135436079,1796185.5149613235,11811717.36936767,4236546.9871373,2.8088284498434897,3696.319384086061,2255.756315633573,1782434.7944436227,1087768.162589496,143455.78654165164,89735.57056411213,47908.29048811739,0.3016537992396584,62666.49477650925,0.1346923048793987,50.554608328631936,0.0,374685.91970192094,4828832.251814827,610961046071.9498,94973213177.97165,131.7258917101216,7838520746.306067,2505917952.730433,0.0,661562339.5208342,1826487660.4791658,8.0,0.26589591829779713,62.52958976365217,80.0,48.480000000000004,27.500000000000004,67.42113175873735,29.256666666666664,39.416666666666664
2030,F_legal_collision,util_current_drag,fcap_high,3714588.0771728884,953039.9999999998,206294.53011199995,167098.56939071996,61746.299999999996,20638.434803225813,5081.077172888443,104068.79999999999,10196655.519856486,3603150.434857702,2.8299277824238778,2318.4845341279624,2049.2024962453534,1026381.1532517,907171.3830231159,99405.68644878617,90056.6457350401,48056.88020667279,0.27305513939851705,65466.21578009587,0.1332930037706135,45.257669872871915,181394127.36264923,323453.6631607217,4168567.3213466494,364856586271.1097,54566239732.94466,109.61046578793622,184043896.51027012,-237500637.3487417,0.0,0.0,928729566.1451616,-1.0,0.0,48.81249681325629,80.0,66.96000000000001,27.500000000000004,59.08100389214464,28.656666666666663,39.416666666666664
2035,F_legal_collision,util_current_drag,fcap_high,3896202.8013883242,2541439.9999999995,206294.53011199995,167098.56939071996,182286.13354946434,44784.18660992197,186695.80138832424,627210.6376392675,10675458.237508172,3779316.7173466743,2.8247059021301175,2713.2383902926385,2119.5774939974945,1236953.322871045,966305.958836188,112362.1433607206,89971.55497806876,48018.18712060201,0.28269968140675006,64536.625050098824,0.13370344038900328,42.92309643602245,270691561.32214135,338642.0249381848,4364310.068396212,431972806648.5034,65381416695.19586,116.08149596556999,1750302336.6617007,287909941.1169797,0.0,152016448.9097653,1863271948.5367234,8.0,0.07543161023622266,51.4395497055849,80.0,66.96000000000001,27.500000000000004,56.08395580324153,28.856666666666666,39.416666666666664
2040,F_legal_collision,util_current_drag,fcap_high,4150191.10995694,4129839.9999999995,206294.53011199995,167098.56939071996,167098.56939071996,55290.0,440684.10995694017,1203194.6744670637,11329065.427925592,4025685.376658232,2.814195439517924,3160.813971651899,2182.433179001076,1480603.6089487437,1022305.795310607,126943.37889422319,89841.28156510276,47957.87507221092,0.2915051710280326,63652.08341708985,0.13426989082177843,46.23144843931047,144147097.19637454,359375.45460019587,4631515.876189313,518262387111.0012,79677023629.80368,125.03236474505788,4530150396.023635,1120373780.8012366,0.0,591557356.2630529,1896492643.736947,8.0,0.2377594325930158,55.60186890400618,80.0,66.96000000000001,27.500000000000004,59.373762082644404,29.056666666666665,39.416666666666664
2045,F_legal_collision,util_current_drag,fcap_high,4409666.474684537,5718239.999999999,206294.53011199995,167098.56939071996,167098.56939071996,55290.0,700159.4746845374,1753687.5214206637,11802991.148963202,4277376.480444001,2.8072989135252,3685.4987391203636,2249.1527904280165,1774613.6472929341,1082995.1437436077,143458.94942274588,89737.54903390036,47909.22264564663,0.30076410349629884,62747.71554876416,0.13468463876925366,50.24372733914587,0.0,374409.11051190004,4825264.82353934,610516937805.0999,94885516294.30147,131.6042579376598,8257486475.922975,2921612927.795435,0.0,1542611625.8759897,945438374.1240103,8.0,0.6200082899764835,64.60806463897717,80.0,66.96000000000001,27.500000000000004,62.13720232218171,29.256666666666664,39.416666666666664
2030,F_legal_collision,util_severe_bottleneck,fcap_none,3697538.88898466,953039.9999999998,206294.53011199995,167098.56939071996,61746.299999999996,8148.0,-11968.111015339848,121123.00114531006,10155242.510735437,3586612.72231512,2.831429902523832,2321.6937777461376,2052.038999977261,1028512.9639518681,909055.5930508315,99413.32319799,90063.56425290549,48059.99268299463,0.2734120973780219,65439.09625317836,0.1332576978697732,56.29267806548333,0.0,322139.9785435816,4151636.9743162473,363389138575.2125,54289359266.58757,109.05427945306111,55999760.891360946,-464669796.2582563,0.0,0.0,366660000.0,-1.0,0.0,47.67665101870872,80.0,30.0,0.0,77.99356851339509,28.656666666666663,49.83333333333333
2035,F_legal_collision,util_severe_bottleneck,fcap_none,3717306.15724305,2541439.9999999995,206294.53011199995,167098.56939071996,182286.13354946434,8148.0,7799.157243050169,806578.4335472647,10243247.221187387,3605786.9725257587,2.8407799182912523,2752.0365866917605,2149.8865830143295,1263579.8347480933,987106.5473580691,112458.58157476297,90048.77579121082,48053.33272455211,0.2864962768176802,64250.13679503887,0.13333276266798777,61.547314254345245,0.0,324931.62389392714,4187614.8064005207,414669238345.05,62089510718.4639,110.23687849362818,261689501.71595675,-513409006.8598997,0.0,0.0,366660000.0,-1.0,0.0,47.4329549657005,80.0,30.0,0.0,74.44616104317126,28.856666666666666,49.83333333333333
2040,F_legal_collision,util_severe_bottleneck,fcap_none,3736955.106199179,4129839.9999999995,206294.53011199995,167098.56939071996,167098.56939071996,8148.0,27448.106199178845,1618522.2519915819,10331678.44742867,3624846.4530132036,2.8502389222142965,3262.857043332612,2252.8904053106603,1552878.4694615486,1072209.0971200408,127215.10594250148,90033.5901869929,48046.46772724023,0.3002733180758309,62998.90532326497,0.13340833453091488,66.59269856083141,0.0,327736.7989839197,4223767.005440506,473169159587.25085,71007479605.18127,111.42777033028284,536609366.0571964,-548432876.3248975,0.0,0.0,366660000.0,-1.0,0.0,47.25783561837551,80.0,30.0,0.0,74.82602262905965,29.056666666666665,49.83333333333333
2045,F_legal_collision,util_severe_bottleneck,fcap_none,3756486.4440671057,5718239.999999999,206294.53011199995,167098.56939071996,167098.56939071996,8148.0,46979.44406710565,2412015.098945182,10420581.762718797,3643791.8507450926,2.8598180657844017,3869.3759269871407,2361.367695237705,1909065.3919961688,1165047.1367526655,143907.2925589183,90018.00009204748,48039.39441026199,0.3147860684960474,61681.58774919502,0.13348445200400866,71.06983370896583,0.0,330556.9494677451,4260112.2025648095,539905490984.7534,81203505930.54431,112.62759119926349,903348902.6755023,-557812052.7821306,0.0,0.0,366660000.0,-1.0,0.0,47.210939736089344,80.0,30.0,0.0,75.37268534486569,29.256666666666664,49.83333333333333
2030,F_legal_collision,util_severe_bottleneck,fcap_partial,3697538.88898466,953039.9999999998,206294.53011199995,167098.56939071996,61746.299999999996,8148.0,-11968.111015339848,121123.00114531006,10155242.510735437,3586612.72231512,2.831429902523832,2321.6937777461376,2052.038999977261,1028512.9639518681,909055.5930508315,99413.32319799,90063.56425290549,48059.99268299463,0.2734120973780219,65439.09625317836,0.1332576978697732,56.29267806548333,0.0,322139.9785435816,4151636.9743162473,363389138575.2125,54289359266.58757,109.05427945306111,55999760.891360946,-464669796.2582563,0.0,0.0,366660000.0,-1.0,0.0,47.67665101870872,80.0,48.480000000000004,0.0,73.3735685133951,28.656666666666663,49.83333333333333
2035,F_legal_collision,util_severe_bottleneck,fcap_partial,3717306.15724305,2541439.9999999995,206294.53011199995,167098.56939071996,182286.13354946434,8148.0,7799.157243050169,806578.4335472647,10243247.221187387,3605786.9725257587,2.8407799182912523,2752.0365866917605,2149.8865830143295,1263579.8347480933,987106.5473580691,112458.58157476297,90048.77579121082,48053.33272455211,0.2864962768176802,64250.13679503887,0.13333276266798777,61.547314254345245,0.0,324931.62389392714,4187614.8064005207,414669238345.05,62089510718.4639,110.23687849362818,261689501.71595675,-513409006.8598997,0.0,0.0,366660000.0,-1.0,0.0,47.4329549657005,80.0,48.480000000000004,0.0,69.82616104317125,28.856666666666666,49.83333333333333
2040,F_legal_collision,util_severe_bottleneck,fcap_partial,3736955.106199179,4129839.9999999995,206294.53011199995,167098.56939071996,167098.56939071996,8148.0,27448.106199178845,1618522.2519915819,10331678.44742867,3624846.4530132036,2.8502389222142965,3262.857043332612,2252.8904053106603,1552878.4694615486,1072209.0971200408,127215.10594250148,90033.5901869929,48046.46772724023,0.3002733180758309,62998.90532326497,0.13340833453091488,66.59269856083141,0.0,327736.7989839197,4223767.005440506,473169159587.25085,71007479605.18127,111.42777033028284,536609366.0571964,-548432876.3248975,0.0,0.0,366660000.0,-1.0,0.0,47.25783561837551,80.0,48.480000000000004,0.0,70.20602262905965,29.056666666666665,49.83333333333333
2045,F_legal_collision,util_severe_bottleneck,fcap_partial,3756486.4440671057,5718239.999999999,206294.53011199995,167098.56939071996,167098.56939071996,8148.0,46979.44406710565,2412015.098945182,10420581.762718797,3643791.8507450926,2.8598180657844017,3869.3759269871407,2361.367695237705,1909065.3919961688,1165047.1367526655,143907.2925589183,90018.00009204748,48039.39441026199,0.3147860684960474,61681.58774919502,0.13348445200400866,71.06983370896583,0.0,330556.9494677451,4260112.2025648095,539905490984.7534,81203505930.54431,112.62759119926349,903348902.6755023,-557812052.7821306,0.0,0.0,366660000.0,-1.0,0.0,47.210939736089344,80.0,48.480000000000004,0.0,70.7526853448657,29.256666666666664,49.83333333333333
2030,F_legal_collision,util_severe_bottleneck,fcap_high,3697538.88898466,953039.9999999998,206294.53011199995,167098.56939071996,61746.299999999996,8148.0,-11968.111015339848,121123.00114531006,10155242.510735437,3586612.72231512,2.831429902523832,2321.6937777461376,2052.038999977261,1028512.9639518681,909055.5930508315,99413.32319799,90063.56425290549,48059.99268299463,0.2734120973780219,65439.09625317836,0.1332576978697732,56.29267806548333,0.0,322139.9785435816,4151636.9743162473,363389138575.2125,54289359266.58757,109.05427945306111,55999760.891360946,-464669796.2582563,0.0,0.0,366660000.0,-1.0,0.0,47.67665101870872,80.0,66.96000000000001,0.0,68.7535685133951,28.656666666666663,49.83333333333333
2035,F_legal_collision,util_severe_bottleneck,fcap_high,3717306.15724305,2541439.9999999995,206294.53011199995,167098.56939071996,182286.13354946434,8148.0,7799.157243050169,806578.4335472647,10243247.221187387,3605786.9725257587,2.8407799182912523,2752.0365866917605,2149.8865830143295,1263579.8347480933,987106.5473580691,112458.58157476297,90048.77579121082,48053.33272455211,0.2864962768176802,64250.13679503887,0.13333276266798777,61.547314254345245,0.0,324931.62389392714,4187614.8064005207,414669238345.05,62089510718.4639,110.23687849362818,261689501.71595675,-513409006.8598997,0.0,0.0,366660000.0,-1.0,0.0,47.4329549657005,80.0,66.96000000000001,0.0,65.20616104317125,28.856666666666666,49.83333333333333
2040,F_legal_collision,util_severe_bottleneck,fcap_high,3736955.106199179,4129839.9999999995,206294.53011199995,167098.56939071996,167098.56939071996,8148.0,27448.106199178845,1618522.2519915819,10331678.44742867,3624846.4530132036,2.8502389222142965,3262.857043332612,2252.8904053106603,1552878.4694615486,1072209.0971200408,127215.10594250148,90033.5901869929,48046.46772724023,0.3002733180758309,62998.90532326497,0.13340833453091488,66.59269856083141,0.0,327736.7989839197,4223767.005440506,473169159587.25085,71007479605.18127,111.42777033028284,536609366.0571964,-548432876.3248975,0.0,0.0,366660000.0,-1.0,0.0,47.25783561837551,80.0,66.96000000000001,0.0,65.58602262905964,29.056666666666665,49.83333333333333
2045,F_legal_collision,util_severe_bottleneck,fcap_high,3756486.4440671057,5718239.999999999,206294.53011199995,167098.56939071996,167098.56939071996,8148.0,46979.44406710565,2412015.098945182,10420581.762718797,3643791.8507450926,2.8598180657844017,3869.3759269871407,2361.367695237705,1909065.3919961688,1165047.1367526655,143907.2925589183,90018.00009204748,48039.39441026199,0.3147860684960474,61681.58774919502,0.13348445200400866,71.06983370896583,0.0,330556.9494677451,4260112.2025648095,539905490984.7534,81203505930.54431,112.62759119926349,903348902.6755023,-557812052.7821306,0.0,0.0,366660000.0,-1.0,0.0,47.210939736089344,80.0,66.96000000000001,0.0,66.13268534486569,29.256666666666664,49.83333333333333
